warning: [RetryManager] Start recompilation of the kernel
in kernel: 'typeinfo name for cutlass::reference::device::GemmComplexKernelName<cutlass::bfloat16_t, cutlass::layout::RowMajor, cutlass::bfloat16_t, cutlass::layout::RowMajor, float, cutlass::layout::RowMajor, float, float, float, cutlass::layout::RowMajor, cutlass::NumericConverter<float, float, (cutlass::FloatRoundStyle)2>, cutlass::multiply_add<float, float, float>>'

Build succeeded.
Compilation from IR - skipping loading of FCL

warning: [RetryManager] Start recompilation of the kernel
in kernel: 'typeinfo name for cutlass::gemm::kernel::GemmUniversal<cute::tuple<int, int, int, int>, cutlass::gemm::collective::CollectiveMma<cutlass::gemm::MainloopIntelXeXMX16<2, cutlass::gemm::KernelXe>, cute::tuple<cute::C<256>, cute::C<256>, cute::C<32>>, cutlass::bfloat16_t, cute::tuple<long, cute::C<1>, long>, cutlass::bfloat16_t, cute::tuple<cute::C<1>, long, long>, cute::TiledMMA<cute::MMA_Atom<cute::XE_8x16x16_F32BF16BF16F32_TT>, cute::Layout<cute::tuple<cute::C<8>, cute::C<4>, cute::C<1>>, cute::tuple<cute::C<4>, cute::C<1>, cute::C<0>>>, cute::tuple<cute::Layout<cute::tuple<cute::C<8>, cute::C<8>, cute::C<4>>, cute::tuple<cute::C<1>, cute::C<32>, cute::C<8>>>, cute::Layout<cute::tuple<cute::C<16>, cute::C<4>, cute::C<4>>, cute::tuple<cute::C<1>, cute::C<64>, cute::C<16>>>, cute::Layout<cute::C<32>, cute::C<1>>> const>, cute::XE_2D_U16x32x32_LD_N, void, void, cute::identity, cute::XE_2D_U16x32x32_LD_V, void, void, cute::identity>, cutlass::epilogue::collective::CollectiveEpilogue<cutlass::epilogue::IntelXeXMX16, cute::tuple<cute::C<256>, cute::C<256>, cute::C<32>>, float, cute::tuple<long, cute::C<1>, long>, float, cute::tuple<long, cute::C<1>, long>, cutlass::epilogue::fusion::FusionCallbacks<cutlass::epilogue::IntelXeXMX16, cutlass::epilogue::fusion::LinearCombination<float, float, float, float, (cutlass::FloatRoundStyle)2>, cute::tuple<cute::C<256>, cute::C<256>, cute::C<32>>, cute::tuple<cute::C<256>, cute::C<256>, cute::C<32>>>, cute::XE_2D_U32x8x16_LD_N, void, void, cute::XE_2D_U32x8x16_ST_N, void, void>, void, void>'

warning: kernel _ZTSN7cutlass4gemm6kernel13GemmUniversalIN4cute5tupleIJiiiiEEENS0_10collective13CollectiveMmaINS0_20MainloopIntelXeXMX16ILi2ENS0_8KernelXeEEENS4_IJNS3_1CILi256EEESC_NSB_ILi32EEEEEENS_10bfloat16_tENS4_IJlNSB_ILi1EEElEEESF_NS4_IJSG_llEEENS3_8TiledMMAINS3_8MMA_AtomIJNS3_28XE_8x16x16_F32BF16BF16F32_TTEEEENS3_6LayoutINS4_IJNSB_ILi8EEENSB_ILi4EEESG_EEENS4_IJSP_SG_NSB_ILi0EEEEEEEEKNS4_IJNSN_INS4_IJSO_SO_SP_EEENS4_IJSG_SD_SO_EEEEENSN_INS4_IJNSB_ILi16EEESP_SP_EEENS4_IJSG_NSB_ILi64EEESX_EEEEENSN_ISD_SG_EEEEEEENS3_20XE_2D_U16x32x32_LD_NEvvNS3_8identityENS3_20XE_2D_U16x32x32_LD_VEvvS17_EENS_8epilogue10collective18CollectiveEpilogueINS1A_12IntelXeXMX16EJSE_fSH_fSH_NS1A_6fusion15FusionCallbacksIS1D_NS1E_17LinearCombinationIffffLNS_15FloatRoundStyleE2EEESE_SE_JEEENS3_19XE_2D_U32x8x16_LD_NEvvNS3_19XE_2D_U32x8x16_ST_NEvvEEEvvEE  compiled SIMD16 allocated 128 regs and spilled around 139

Build succeeded.
[354/738] Linking CXX shared library examples/11_xe20_cutlass_library/libxe20_cutlass_library_bf16.so.1.0
Compilation from IR - skipping loading of FCL
Build succeeded.
Compilation from IR - skipping loading of FCL

warning: [RetryManager] Start recompilation of the kernel
in kernel: 'typeinfo name for cutlass3x_xe20_tensorop_gemm_bf16_256x256_32x0_tt_align8'

warning: kernel _ZTS56cutlass3x_xe20_tensorop_gemm_bf16_256x256_32x0_tt_align8  compiled SIMD16 allocated 128 regs and spilled around 133

Build succeeded.
[355/738] Creating library symlink examples/11_xe20_cutlass_library/libxe20_cutlass_library_bf16.so.1 examples/11_xe20_cutlass_library/libxe20_cutlass_library_bf16.so
[356/738] Linking CXX shared library tools/library/libcutlass.so
[357/738] Building CXX object test/unit/cute/core/CMakeFiles/cutlass_test_unit_cute_core.dir/domain_distribute.cpp.o
[358/738] Building CXX object test/unit/cute/core/CMakeFiles/cutlass_test_unit_cute_core.dir/nullspace.cpp.o
[359/738] Linking CXX executable examples/00_bmg_gemm/legacy/00_bmg_gemm_with_sycl_queue_legacy
Compilation from IR - skipping loading of FCL

warning: [RetryManager] Start recompilation of the kernel
in kernel: 'typeinfo name for cutlass::reference::device::GemmComplexKernelName<cutlass::bfloat16_t, cutlass::layout::RowMajor, cutlass::bfloat16_t, cutlass::layout::RowMajor, float, cutlass::layout::RowMajor, float, float, float, cutlass::layout::RowMajor, cutlass::NumericConverter<float, float, (cutlass::FloatRoundStyle)2>, cutlass::multiply_add<float, float, float>>'

Build succeeded.
Compilation from IR - skipping loading of FCL

warning: [RetryManager] Start recompilation of the kernel
in kernel: 'typeinfo name for cutlass::gemm::kernel::GemmUniversal<cute::tuple<int, int, int, int>, cutlass::gemm::collective::CollectiveMma<cutlass::gemm::MainloopIntelXeXMX16<2, cutlass::gemm::KernelXe>, cute::tuple<cute::C<256>, cute::C<256>, cute::C<32>>, cutlass::bfloat16_t, cute::tuple<long, cute::C<1>, long>, cutlass::bfloat16_t, cute::tuple<cute::C<1>, long, long>, cute::TiledMMA<cute::MMA_Atom<cute::XE_8x16x16_F32BF16BF16F32_TT>, cute::Layout<cute::tuple<cute::C<8>, cute::C<4>, cute::C<1>>, cute::tuple<cute::C<4>, cute::C<1>, cute::C<0>>>, cute::tuple<cute::Layout<cute::tuple<cute::C<8>, cute::C<8>, cute::C<4>>, cute::tuple<cute::C<1>, cute::C<32>, cute::C<8>>>, cute::Layout<cute::tuple<cute::C<16>, cute::C<4>, cute::C<4>>, cute::tuple<cute::C<1>, cute::C<64>, cute::C<16>>>, cute::Layout<cute::C<32>, cute::C<1>>> const>, cute::XE_2D_U16x32x32_LD_N, void, void, cute::identity, cute::XE_2D_U16x32x32_LD_V, void, void, cute::identity>, cutlass::epilogue::collective::CollectiveEpilogue<cutlass::epilogue::IntelXeXMX16, cute::tuple<cute::C<256>, cute::C<256>, cute::C<32>>, float, cute::tuple<long, cute::C<1>, long>, float, cute::tuple<long, cute::C<1>, long>, cutlass::epilogue::fusion::FusionCallbacks<cutlass::epilogue::IntelXeXMX16, cutlass::epilogue::fusion::LinearCombination<float, float, float, float, (cutlass::FloatRoundStyle)2>, cute::tuple<cute::C<256>, cute::C<256>, cute::C<32>>, cute::tuple<cute::C<256>, cute::C<256>, cute::C<32>>>, cute::XE_2D_U32x8x16_LD_N, void, void, cute::XE_2D_U32x8x16_ST_N, void, void>, void, void>'

warning: kernel _ZTSN7cutlass4gemm6kernel13GemmUniversalIN4cute5tupleIJiiiiEEENS0_10collective13CollectiveMmaINS0_20MainloopIntelXeXMX16ILi2ENS0_8KernelXeEEENS4_IJNS3_1CILi256EEESC_NSB_ILi32EEEEEENS_10bfloat16_tENS4_IJlNSB_ILi1EEElEEESF_NS4_IJSG_llEEENS3_8TiledMMAINS3_8MMA_AtomIJNS3_28XE_8x16x16_F32BF16BF16F32_TTEEEENS3_6LayoutINS4_IJNSB_ILi8EEENSB_ILi4EEESG_EEENS4_IJSP_SG_NSB_ILi0EEEEEEEEKNS4_IJNSN_INS4_IJSO_SO_SP_EEENS4_IJSG_SD_SO_EEEEENSN_INS4_IJNSB_ILi16EEESP_SP_EEENS4_IJSG_NSB_ILi64EEESX_EEEEENSN_ISD_SG_EEEEEEENS3_20XE_2D_U16x32x32_LD_NEvvNS3_8identityENS3_20XE_2D_U16x32x32_LD_VEvvS17_EENS_8epilogue10collective18CollectiveEpilogueINS1A_12IntelXeXMX16EJSE_fSH_fSH_NS1A_6fusion15FusionCallbacksIS1D_NS1E_17LinearCombinationIffffLNS_15FloatRoundStyleE2EEESE_SE_JEEENS3_19XE_2D_U32x8x16_LD_NEvvNS3_19XE_2D_U32x8x16_ST_NEvvEEEvvEE  compiled SIMD16 allocated 128 regs and spilled around 139

Build succeeded.
[360/738] Building CXX object test/unit/cute/core/CMakeFiles/cutlass_test_unit_cute_core.dir/tensor_algs.cpp.o
[361/738] Building CXX object examples/00_bmg_gemm/CMakeFiles/00_bmg_gemm_padded.dir/00_bmg_gemm_padded.cpp.o
[362/738] Building CXX object test/unit/cute/core/CMakeFiles/cutlass_test_unit_cute_core.dir/coalesce.cpp.o
[363/738] Linking CXX executable examples/00_bmg_gemm/legacy/00_bmg_gemm_padded_legacy
Compilation from IR - skipping loading of FCL

warning: [RetryManager] Start recompilation of the kernel
in kernel: 'typeinfo name for cutlass::reference::device::GemmComplexKernelName<cutlass::bfloat16_t, cutlass::layout::RowMajor, cutlass::bfloat16_t, cutlass::layout::RowMajor, float, cutlass::layout::RowMajor, float, float, float, cutlass::layout::RowMajor, cutlass::NumericConverter<float, float, (cutlass::FloatRoundStyle)2>, cutlass::multiply_add<float, float, float>>'

Build succeeded.
Compilation from IR - skipping loading of FCL

warning: [RetryManager] Start recompilation of the kernel
in kernel: 'typeinfo name for cutlass::gemm::kernel::GemmUniversal<cute::tuple<int, int, int, int>, cutlass::gemm::collective::CollectiveMma<cutlass::gemm::MainloopIntelXeXMX16<2, cutlass::gemm::KernelXe>, cute::tuple<cute::C<256>, cute::C<256>, cute::C<32>>, cutlass::bfloat16_t, cute::tuple<long, cute::C<1>, long>, cutlass::bfloat16_t, cute::tuple<cute::C<1>, long, long>, cute::TiledMMA<cute::MMA_Atom<cute::XE_8x16x16_F32BF16BF16F32_TT>, cute::Layout<cute::tuple<cute::C<8>, cute::C<4>, cute::C<1>>, cute::tuple<cute::C<4>, cute::C<1>, cute::C<0>>>, cute::tuple<cute::Layout<cute::tuple<cute::C<8>, cute::C<8>, cute::C<4>>, cute::tuple<cute::C<1>, cute::C<32>, cute::C<8>>>, cute::Layout<cute::tuple<cute::C<16>, cute::C<4>, cute::C<4>>, cute::tuple<cute::C<1>, cute::C<64>, cute::C<16>>>, cute::Layout<cute::C<32>, cute::C<1>>> const>, cute::XE_2D_U16x32x32_LD_N, void, void, cute::identity, cute::XE_2D_U16x32x32_LD_V, void, void, cute::identity>, cutlass::epilogue::collective::CollectiveEpilogue<cutlass::epilogue::IntelXeXMX16, cute::tuple<cute::C<256>, cute::C<256>, cute::C<32>>, float, cute::tuple<long, cute::C<1>, long>, float, cute::tuple<long, cute::C<1>, long>, cutlass::epilogue::fusion::FusionCallbacks<cutlass::epilogue::IntelXeXMX16, cutlass::epilogue::fusion::LinearCombination<float, float, float, float, (cutlass::FloatRoundStyle)2>, cute::tuple<cute::C<256>, cute::C<256>, cute::C<32>>, cute::tuple<cute::C<256>, cute::C<256>, cute::C<32>>>, cute::XE_2D_U32x8x16_LD_N, void, void, cute::XE_2D_U32x8x16_ST_N, void, void>, void, void>'

warning: kernel _ZTSN7cutlass4gemm6kernel13GemmUniversalIN4cute5tupleIJiiiiEEENS0_10collective13CollectiveMmaINS0_20MainloopIntelXeXMX16ILi2ENS0_8KernelXeEEENS4_IJNS3_1CILi256EEESC_NSB_ILi32EEEEEENS_10bfloat16_tENS4_IJlNSB_ILi1EEElEEESF_NS4_IJSG_llEEENS3_8TiledMMAINS3_8MMA_AtomIJNS3_28XE_8x16x16_F32BF16BF16F32_TTEEEENS3_6LayoutINS4_IJNSB_ILi8EEENSB_ILi4EEESG_EEENS4_IJSP_SG_NSB_ILi0EEEEEEEEKNS4_IJNSN_INS4_IJSO_SO_SP_EEENS4_IJSG_SD_SO_EEEEENSN_INS4_IJNSB_ILi16EEESP_SP_EEENS4_IJSG_NSB_ILi64EEESX_EEEEENSN_ISD_SG_EEEEEEENS3_20XE_2D_U16x32x32_LD_NEvvNS3_8identityENS3_20XE_2D_U16x32x32_LD_VEvvS17_EENS_8epilogue10collective18CollectiveEpilogueINS1A_12IntelXeXMX16EJSE_fSH_fSH_NS1A_6fusion15FusionCallbacksIS1D_NS1E_17LinearCombinationIffffLNS_15FloatRoundStyleE2EEESE_SE_JEEENS3_19XE_2D_U32x8x16_LD_NEvvNS3_19XE_2D_U32x8x16_ST_NEvvEEEvvEE  compiled SIMD16 allocated 128 regs and spilled around 139

Build succeeded.
[364/738] Linking CXX executable examples/02_bmg_gemm_mixed_dtype/02_bmg_gemm_f16_s8_f16_tensorwise
warning: Undefined function _Z44intel_sub_group_2d_block_prefetch_8b_4r32x2cPU3AS1viiiDv2_i found in /tmp/icpx-5550d0c530/02_bmg_gemm_f16_s8_f16_tensorwise-71cc0c.bc. This may result in runtime errors.
Compilation from IR - skipping loading of FCL

warning: [RetryManager] Start recompilation of the kernel
in kernel: 'typeinfo name for cutlass::reference::device::GemmComplexKernelName<cutlass::half_t, cutlass::layout::RowMajor, cutlass::half_t, cutlass::layout::RowMajor, float, cutlass::layout::RowMajor, float, float, float, cutlass::layout::RowMajor, cutlass::NumericConverter<float, float, (cutlass::FloatRoundStyle)2>, cutlass::multiply_add<float, float, float>>'

Build succeeded.
Compilation from IR - skipping loading of FCL

warning: [RetryManager] Start recompilation of the kernel
in kernel: 'typeinfo name for cutlass::gemm::kernel::GemmUniversal<cute::tuple<int, int, int, int>, cutlass::gemm::collective::CollectiveMma<cutlass::gemm::MainloopIntelXeXMX16MixedPrecision<2, cutlass::gemm::KernelXe>, cute::tuple<cute::C<256>, cute::C<256>, cute::C<32>>, cutlass::half_t, cute::tuple<long, cute::C<1>, long>, cute::tuple<signed char, cutlass::half_t, cute::tuple<cute::C<0>, cute::C<0>, cute::C<1>>, cutlass::half_t, cute::tuple<cute::C<0>, cute::C<0>, cute::C<1>>>, cute::tuple<cute::C<1>, long, long>, cute::TiledMMA<cute::MMA_Atom<cute::XE_8x16x16_F32F16F16F32_TT>, cute::Layout<cute::tuple<cute::C<8>, cute::C<4>, cute::C<1>>, cute::tuple<cute::C<4>, cute::C<1>, cute::C<0>>>, cute::tuple<cute::Layout<cute::tuple<cute::C<8>, cute::C<8>, cute::C<4>>, cute::tuple<cute::C<1>, cute::C<32>, cute::C<8>>>, cute::Layout<cute::tuple<cute::C<16>, cute::C<4>, cute::C<4>>, cute::tuple<cute::C<1>, cute::C<64>, cute::C<16>>>, cute::Layout<cute::C<32>, cute::C<1>>> const>, cute::XE_2D_U16x32x32_LD_V, void, void, cute::identity, cute::XE_2D_U8x32x32_LD_V, void, void, cute::identity>, cutlass::epilogue::collective::CollectiveEpilogue<cutlass::epilogue::IntelXeXMX16, cute::tuple<cute::C<256>, cute::C<256>, cute::C<32>>, float, cute::tuple<long, cute::C<1>, long>, float, cute::tuple<long, cute::C<1>, long>, cutlass::epilogue::fusion::FusionCallbacks<cutlass::epilogue::IntelXeXMX16, cutlass::epilogue::fusion::LinearCombination<float, float, float, float, (cutlass::FloatRoundStyle)2>, cute::tuple<cute::C<256>, cute::C<256>, cute::C<32>>, cute::tuple<cute::C<256>, cute::C<256>, cute::C<32>>>, cute::XE_2D_U32x8x16_LD_N, void, void, cute::XE_2D_U32x8x16_ST_N, void, void>, void, void>'

warning: kernel _ZTSN7cutlass4gemm6kernel13GemmUniversalIN4cute5tupleIJiiiiEEENS0_10collective13CollectiveMmaINS0_34MainloopIntelXeXMX16MixedPrecisionILi2ENS0_8KernelXeEEENS4_IJNS3_1CILi256EEESC_NSB_ILi32EEEEEENS_6half_tENS4_IJlNSB_ILi1EEElEEENS4_IJaSF_NS4_IJNSB_ILi0EEESI_SG_EEESF_SJ_EEENS4_IJSG_llEEENS3_8TiledMMAINS3_8MMA_AtomIJNS3_26XE_8x16x16_F32F16F16F32_TTEEEENS3_6LayoutINS4_IJNSB_ILi8EEENSB_ILi4EEESG_EEENS4_IJSS_SG_SI_EEEEEKNS4_IJNSQ_INS4_IJSR_SR_SS_EEENS4_IJSG_SD_SR_EEEEENSQ_INS4_IJNSB_ILi16EEESS_SS_EEENS4_IJSG_NSB_ILi64EEESZ_EEEEENSQ_ISD_SG_EEEEEEENS3_20XE_2D_U16x32x32_LD_VEvvNS3_8identityENS3_19XE_2D_U8x32x32_LD_VEvvS19_EENS_8epilogue10collective18CollectiveEpilogueINS1C_12IntelXeXMX16EJSE_fSH_fSH_NS1C_6fusion15FusionCallbacksIS1F_NS1G_17LinearCombinationIffffLNS_15FloatRoundStyleE2EEESE_SE_JEEENS3_19XE_2D_U32x8x16_LD_NEvvNS3_19XE_2D_U32x8x16_ST_NEvvEEEvvEE  compiled SIMD16 allocated 128 regs and spilled around 87

Build succeeded.
Compilation from IR - skipping loading of FCL
Build succeeded.
[365/738] Linking CXX executable examples/00_bmg_gemm/00_bmg_gemm
Compilation from IR - skipping loading of FCL

warning: [RetryManager] Start recompilation of the kernel
in kernel: 'typeinfo name for cutlass::reference::device::GemmComplexKernelName<cutlass::bfloat16_t, cutlass::layout::RowMajor, cutlass::bfloat16_t, cutlass::layout::RowMajor, float, cutlass::layout::RowMajor, float, float, float, cutlass::layout::RowMajor, cutlass::NumericConverter<float, float, (cutlass::FloatRoundStyle)2>, cutlass::multiply_add<float, float, float>>'

Build succeeded.
Compilation from IR - skipping loading of FCL

warning: [RetryManager] Start recompilation of the kernel
in kernel: 'typeinfo name for cutlass::gemm::kernel::GemmUniversal<cute::tuple<int, int, int, int>, cutlass::gemm::collective::CollectiveMma<cutlass::gemm::MainloopXeL1Staged<2, cutlass::gemm::KernelXe>, cute::tuple<cute::C<256>, cute::C<256>, cute::C<32>>, cutlass::bfloat16_t, cute::tuple<long, cute::C<1>, long>, cutlass::bfloat16_t, cute::tuple<cute::C<1>, long, long>, cute::TiledMMA<cute::MMA_Atom<cute::XE_DPAS_TT<8, float, cutlass::bfloat16_t, cutlass::bfloat16_t, float>>, cute::Layout<cute::tuple<cute::C<8>, cute::C<4>, cute::C<1>>, cute::tuple<cute::C<4>, cute::C<1>, cute::C<0>>>, cute::tuple<cute::Layout<cute::tuple<cute::C<8>, cute::C<8>, cute::C<4>>, cute::tuple<cute::C<1>, cute::C<32>, cute::C<8>>>, cute::Layout<cute::tuple<cute::C<16>, cute::C<4>, cute::C<4>>, cute::tuple<cute::C<1>, cute::C<64>, cute::C<16>>>, cute::Layout<cute::C<32>, cute::C<1>>> const>, void, void, void, cute::identity, void, void, void, cute::identity>, cutlass::epilogue::collective::CollectiveEpilogue<cutlass::epilogue::IntelXeGeneric, cute::tuple<cute::C<256>, cute::C<256>, cute::C<32>>, void, float, cute::tuple<long, cute::C<1>, long>, float, cute::tuple<long, cute::C<1>, long>, cutlass::epilogue::fusion::FusionCallbacks<cutlass::epilogue::IntelXeGeneric, cutlass::epilogue::fusion::LinearCombination<float, float, float, float, (cutlass::FloatRoundStyle)2>, cute::tuple<cute::C<256>, cute::C<256>, cute::C<32>>, cute::tuple<cute::C<256>, cute::C<256>, cute::C<32>>>, void, void>, void, void>'

warning: kernel _ZTSN7cutlass4gemm6kernel13GemmUniversalIN4cute5tupleIJiiiiEEENS0_10collective13CollectiveMmaINS0_18MainloopXeL1StagedILi2ENS0_8KernelXeEEENS4_IJNS3_1CILi256EEESC_NSB_ILi32EEEEEENS_10bfloat16_tENS4_IJlNSB_ILi1EEElEEESF_NS4_IJSG_llEEENS3_8TiledMMAINS3_8MMA_AtomIJNS3_10XE_DPAS_TTILi8EfSF_SF_fEEEEENS3_6LayoutINS4_IJNSB_ILi8EEENSB_ILi4EEESG_EEENS4_IJSQ_SG_NSB_ILi0EEEEEEEEKNS4_IJNSO_INS4_IJSP_SP_SQ_EEENS4_IJSG_SD_SP_EEEEENSO_INS4_IJNSB_ILi16EEESQ_SQ_EEENS4_IJSG_NSB_ILi64EEESY_EEEEENSO_ISD_SG_EEEEEEEvvvNS3_8identityEvvvS17_EENS_8epilogue10collective18CollectiveEpilogueINS19_14IntelXeGenericEJSE_vfSH_fSH_NS19_6fusion15FusionCallbacksIS1C_NS1D_17LinearCombinationIffffLNS_15FloatRoundStyleE2EEESE_SE_JEEEvvEEEvvEE  compiled SIMD16 allocated 128 regs and spilled around 131

Build succeeded.
[366/738] Building CXX object examples/00_bmg_gemm/CMakeFiles/00_bmg_gemm_with_sycl_queue.dir/00_bmg_gemm_with_sycl_queue.cpp.o
[367/738] Linking CXX executable examples/03_bmg_gemm_streamk/legacy/03_bmg_gemm_streamk_legacy
Compilation from IR - skipping loading of FCL

warning: [RetryManager] Start recompilation of the kernel
in kernel: 'typeinfo name for cutlass::reference::device::GemmComplexKernelName<cutlass::bfloat16_t, cutlass::layout::RowMajor, cutlass::bfloat16_t, cutlass::layout::RowMajor, float, cutlass::layout::RowMajor, float, float, float, cutlass::layout::RowMajor, cutlass::NumericConverter<float, float, (cutlass::FloatRoundStyle)2>, cutlass::multiply_add<float, float, float>>'

Build succeeded.
Compilation from IR - skipping loading of FCL

warning: [RetryManager] Start recompilation of the kernel
in kernel: 'typeinfo name for cutlass::gemm::kernel::GemmUniversal<cute::tuple<int, int, int, int>, cutlass::gemm::collective::CollectiveMma<cutlass::gemm::MainloopIntelXeXMX16<2, cutlass::gemm::KernelXeCooperative>, cute::tuple<cute::C<256>, cute::C<256>, cute::C<32>>, cutlass::bfloat16_t, cute::tuple<long, cute::C<1>, long>, cutlass::bfloat16_t, cute::tuple<cute::C<1>, long, long>, cute::TiledMMA<cute::MMA_Atom<cute::XE_8x16x16_F32BF16BF16F32_TT>, cute::Layout<cute::tuple<cute::C<8>, cute::C<4>, cute::C<1>>, cute::tuple<cute::C<4>, cute::C<1>, cute::C<0>>>, cute::tuple<cute::Layout<cute::tuple<cute::C<8>, cute::C<8>, cute::C<4>>, cute::tuple<cute::C<1>, cute::C<32>, cute::C<8>>>, cute::Layout<cute::tuple<cute::C<16>, cute::C<4>, cute::C<4>>, cute::tuple<cute::C<1>, cute::C<64>, cute::C<16>>>, cute::Layout<cute::C<32>, cute::C<1>>> const>, cute::XE_2D_U16x32x32_LD_N, void, void, cute::identity, cute::XE_2D_U16x32x32_LD_V, void, void, cute::identity>, cutlass::epilogue::collective::CollectiveEpilogue<cutlass::epilogue::IntelXeXMX16, cute::tuple<cute::C<256>, cute::C<256>, cute::C<32>>, float, cute::tuple<long, cute::C<1>, long>, float, cute::tuple<long, cute::C<1>, long>, cutlass::epilogue::fusion::FusionCallbacks<cutlass::epilogue::IntelXeXMX16, cutlass::epilogue::fusion::LinearCombination<float, float, float, float, (cutlass::FloatRoundStyle)2>, cute::tuple<cute::C<256>, cute::C<256>, cute::C<32>>, cute::tuple<cute::C<256>, cute::C<256>, cute::C<32>>>, cute::XE_2D_U32x8x16_LD_N, void, void, cute::XE_2D_U32x8x16_ST_N, void, void>, cutlass::gemm::StreamKScheduler, void>'

warning: kernel _ZTSN7cutlass4gemm6kernel13GemmUniversalIN4cute5tupleIJiiiiEEENS0_10collective13CollectiveMmaINS0_20MainloopIntelXeXMX16ILi2ENS0_19KernelXeCooperativeEEENS4_IJNS3_1CILi256EEESC_NSB_ILi32EEEEEENS_10bfloat16_tENS4_IJlNSB_ILi1EEElEEESF_NS4_IJSG_llEEENS3_8TiledMMAINS3_8MMA_AtomIJNS3_28XE_8x16x16_F32BF16BF16F32_TTEEEENS3_6LayoutINS4_IJNSB_ILi8EEENSB_ILi4EEESG_EEENS4_IJSP_SG_NSB_ILi0EEEEEEEEKNS4_IJNSN_INS4_IJSO_SO_SP_EEENS4_IJSG_SD_SO_EEEEENSN_INS4_IJNSB_ILi16EEESP_SP_EEENS4_IJSG_NSB_ILi64EEESX_EEEEENSN_ISD_SG_EEEEEEENS3_20XE_2D_U16x32x32_LD_NEvvNS3_8identityENS3_20XE_2D_U16x32x32_LD_VEvvS17_EENS_8epilogue10collective18CollectiveEpilogueINS1A_12IntelXeXMX16EJSE_fSH_fSH_NS1A_6fusion15FusionCallbacksIS1D_NS1E_17LinearCombinationIffffLNS_15FloatRoundStyleE2EEESE_SE_JEEENS3_19XE_2D_U32x8x16_LD_NEvvNS3_19XE_2D_U32x8x16_ST_NEvvEEENS0_16StreamKSchedulerEvEE  compiled SIMD16 allocated 128 regs and spilled around 166

Build succeeded.
[368/738] Building CXX object test/unit/cute/intel_xe/CMakeFiles/cutlass_test_unit_cute_intel_xe.dir/tiled_mma.cpp.o
[369/738] Building CXX object test/unit/cute/core/CMakeFiles/cutlass_test_unit_cute_core.dir/logical_divide.cpp.o
[370/738] Building CXX object examples/cute/tutorial/CMakeFiles/cute_tutorial_tiled_copy.dir/tiled_copy_sycl.cpp.o
[371/738] Building CXX object test/unit/cute/core/CMakeFiles/cutlass_test_unit_cute_core.dir/logical_product.cpp.o
[372/738] Building CXX object test/unit/cute/core/CMakeFiles/cutlass_test_unit_cute_core.dir/tuple.cpp.o
[373/738] Building CXX object test/unit/cute/core/CMakeFiles/cutlass_test_unit_cute_core.dir/inverse_left.cpp.o
[374/738] Building CXX object examples/cute/tutorial/CMakeFiles/cute_tutorial_tiled_copy_if.dir/tiled_copy_if_sycl.cpp.o
[375/738] Linking CXX executable examples/cute/tutorial/cute_tutorial_tiled_copy
Compilation from IR - skipping loading of FCL
Build succeeded.
[376/738] Building CXX object test/unit/cute/core/CMakeFiles/cutlass_test_unit_cute_core.dir/inverse_right.cpp.o
[377/738] Linking CXX executable examples/cute/tutorial/cute_tutorial_tiled_copy_if
Compilation from IR - skipping loading of FCL
Build succeeded.
[378/738] Building CXX object examples/cute/tutorial/CMakeFiles/cute_tutorial_sgemm_1.dir/sgemm_1_sycl.cpp.o
[379/738] Linking CXX executable examples/00_bmg_gemm/00_bmg_gemm_padded
Compilation from IR - skipping loading of FCL

warning: [RetryManager] Start recompilation of the kernel
in kernel: 'typeinfo name for cutlass::reference::device::GemmComplexKernelName<cutlass::bfloat16_t, cutlass::layout::RowMajor, cutlass::bfloat16_t, cutlass::layout::RowMajor, float, cutlass::layout::RowMajor, float, float, float, cutlass::layout::RowMajor, cutlass::NumericConverter<float, float, (cutlass::FloatRoundStyle)2>, cutlass::multiply_add<float, float, float>>'

Build succeeded.
Compilation from IR - skipping loading of FCL

warning: [RetryManager] Start recompilation of the kernel
in kernel: 'typeinfo name for cutlass::gemm::kernel::GemmUniversal<cute::tuple<int, int, int, int>, cutlass::gemm::collective::CollectiveMma<cutlass::gemm::MainloopXeL1Staged<2, cutlass::gemm::KernelXe>, cute::tuple<cute::C<256>, cute::C<256>, cute::C<32>>, cutlass::bfloat16_t, cute::tuple<long, cute::C<1>, long>, cutlass::bfloat16_t, cute::tuple<cute::C<1>, long, long>, cute::TiledMMA<cute::MMA_Atom<cute::XE_DPAS_TT<8, float, cutlass::bfloat16_t, cutlass::bfloat16_t, float>>, cute::Layout<cute::tuple<cute::C<8>, cute::C<4>, cute::C<1>>, cute::tuple<cute::C<4>, cute::C<1>, cute::C<0>>>, cute::tuple<cute::Layout<cute::tuple<cute::C<8>, cute::C<8>, cute::C<4>>, cute::tuple<cute::C<1>, cute::C<32>, cute::C<8>>>, cute::Layout<cute::tuple<cute::C<16>, cute::C<4>, cute::C<4>>, cute::tuple<cute::C<1>, cute::C<64>, cute::C<16>>>, cute::Layout<cute::C<32>, cute::C<1>>> const>, void, void, void, cute::identity, void, void, void, cute::identity>, cutlass::epilogue::collective::CollectiveEpilogue<cutlass::epilogue::IntelXeGeneric, cute::tuple<cute::C<256>, cute::C<256>, cute::C<32>>, void, float, cute::tuple<long, cute::C<1>, long>, float, cute::tuple<long, cute::C<1>, long>, cutlass::epilogue::fusion::FusionCallbacks<cutlass::epilogue::IntelXeGeneric, cutlass::epilogue::fusion::LinearCombination<float, float, float, float, (cutlass::FloatRoundStyle)2>, cute::tuple<cute::C<256>, cute::C<256>, cute::C<32>>, cute::tuple<cute::C<256>, cute::C<256>, cute::C<32>>>, void, void>, void, void>'

warning: kernel _ZTSN7cutlass4gemm6kernel13GemmUniversalIN4cute5tupleIJiiiiEEENS0_10collective13CollectiveMmaINS0_18MainloopXeL1StagedILi2ENS0_8KernelXeEEENS4_IJNS3_1CILi256EEESC_NSB_ILi32EEEEEENS_10bfloat16_tENS4_IJlNSB_ILi1EEElEEESF_NS4_IJSG_llEEENS3_8TiledMMAINS3_8MMA_AtomIJNS3_10XE_DPAS_TTILi8EfSF_SF_fEEEEENS3_6LayoutINS4_IJNSB_ILi8EEENSB_ILi4EEESG_EEENS4_IJSQ_SG_NSB_ILi0EEEEEEEEKNS4_IJNSO_INS4_IJSP_SP_SQ_EEENS4_IJSG_SD_SP_EEEEENSO_INS4_IJNSB_ILi16EEESQ_SQ_EEENS4_IJSG_NSB_ILi64EEESY_EEEEENSO_ISD_SG_EEEEEEEvvvNS3_8identityEvvvS17_EENS_8epilogue10collective18CollectiveEpilogueINS19_14IntelXeGenericEJSE_vfSH_fSH_NS19_6fusion15FusionCallbacksIS1C_NS1D_17LinearCombinationIffffLNS_15FloatRoundStyleE2EEESE_SE_JEEEvvEEEvvEE  compiled SIMD16 allocated 128 regs and spilled around 131

Build succeeded.
[380/738] Linking CXX executable examples/00_bmg_gemm/00_bmg_gemm_with_sycl_queue
Compilation from IR - skipping loading of FCL

warning: [RetryManager] Start recompilation of the kernel
in kernel: 'typeinfo name for cutlass::reference::device::GemmComplexKernelName<cutlass::bfloat16_t, cutlass::layout::RowMajor, cutlass::bfloat16_t, cutlass::layout::RowMajor, float, cutlass::layout::RowMajor, float, float, float, cutlass::layout::RowMajor, cutlass::NumericConverter<float, float, (cutlass::FloatRoundStyle)2>, cutlass::multiply_add<float, float, float>>'

Build succeeded.
Compilation from IR - skipping loading of FCL

warning: [RetryManager] Start recompilation of the kernel
in kernel: 'typeinfo name for cutlass::gemm::kernel::GemmUniversal<cute::tuple<int, int, int, int>, cutlass::gemm::collective::CollectiveMma<cutlass::gemm::MainloopXeL1Staged<2, cutlass::gemm::KernelXe>, cute::tuple<cute::C<256>, cute::C<256>, cute::C<32>>, cutlass::bfloat16_t, cute::tuple<long, cute::C<1>, long>, cutlass::bfloat16_t, cute::tuple<cute::C<1>, long, long>, cute::TiledMMA<cute::MMA_Atom<cute::XE_DPAS_TT<8, float, cutlass::bfloat16_t, cutlass::bfloat16_t, float>>, cute::Layout<cute::tuple<cute::C<8>, cute::C<4>, cute::C<1>>, cute::tuple<cute::C<4>, cute::C<1>, cute::C<0>>>, cute::tuple<cute::Layout<cute::tuple<cute::C<8>, cute::C<8>, cute::C<4>>, cute::tuple<cute::C<1>, cute::C<32>, cute::C<8>>>, cute::Layout<cute::tuple<cute::C<16>, cute::C<4>, cute::C<4>>, cute::tuple<cute::C<1>, cute::C<64>, cute::C<16>>>, cute::Layout<cute::C<32>, cute::C<1>>> const>, void, void, void, cute::identity, void, void, void, cute::identity>, cutlass::epilogue::collective::CollectiveEpilogue<cutlass::epilogue::IntelXeGeneric, cute::tuple<cute::C<256>, cute::C<256>, cute::C<32>>, void, float, cute::tuple<long, cute::C<1>, long>, float, cute::tuple<long, cute::C<1>, long>, cutlass::epilogue::fusion::FusionCallbacks<cutlass::epilogue::IntelXeGeneric, cutlass::epilogue::fusion::LinearCombination<float, float, float, float, (cutlass::FloatRoundStyle)2>, cute::tuple<cute::C<256>, cute::C<256>, cute::C<32>>, cute::tuple<cute::C<256>, cute::C<256>, cute::C<32>>>, void, void>, void, void>'

warning: kernel _ZTSN7cutlass4gemm6kernel13GemmUniversalIN4cute5tupleIJiiiiEEENS0_10collective13CollectiveMmaINS0_18MainloopXeL1StagedILi2ENS0_8KernelXeEEENS4_IJNS3_1CILi256EEESC_NSB_ILi32EEEEEENS_10bfloat16_tENS4_IJlNSB_ILi1EEElEEESF_NS4_IJSG_llEEENS3_8TiledMMAINS3_8MMA_AtomIJNS3_10XE_DPAS_TTILi8EfSF_SF_fEEEEENS3_6LayoutINS4_IJNSB_ILi8EEENSB_ILi4EEESG_EEENS4_IJSQ_SG_NSB_ILi0EEEEEEEEKNS4_IJNSO_INS4_IJSP_SP_SQ_EEENS4_IJSG_SD_SP_EEEEENSO_INS4_IJNSB_ILi16EEESQ_SQ_EEENS4_IJSG_NSB_ILi64EEESY_EEEEENSO_ISD_SG_EEEEEEEvvvNS3_8identityEvvvS17_EENS_8epilogue10collective18CollectiveEpilogueINS19_14IntelXeGenericEJSE_vfSH_fSH_NS19_6fusion15FusionCallbacksIS1C_NS1D_17LinearCombinationIffffLNS_15FloatRoundStyleE2EEESE_SE_JEEEvvEEEvvEE  compiled SIMD16 allocated 128 regs and spilled around 131

Build succeeded.
[381/738] Building CXX object test/unit/cute/core/CMakeFiles/cutlass_test_unit_cute_core.dir/composition.cpp.o
[382/738] Linking CXX executable examples/cute/tutorial/cute_tutorial_sgemm_1
Compilation from IR - skipping loading of FCL
Build succeeded.
[383/738] Building CXX object test/unit/gemm/device/CMakeFiles/cutlass_test_unit_gemm_device_tensorop_xe.dir/xe_gemm_tf32_tf32_fp32_tensor_op_fp32.cpp.o
[384/738] Building CXX object examples/02_bmg_gemm_mixed_dtype/legacy/CMakeFiles/02_bmg_gemm_f16_u4_s8_legacy.dir/02_bmg_gemm_f16_u4_s8.cpp.o
[385/738] Building CXX object examples/01_bmg_gemm_with_collective_builder/CMakeFiles/01_bmg_gemm_with_collective_builder.dir/01_bmg_gemm_with_collective_builder.cpp.o
[386/738] Building CXX object examples/cute/tutorial/CMakeFiles/cute_tutorial_sgemm_2.dir/sgemm_2_sycl.cpp.o
[387/738] Linking CXX executable examples/cute/tutorial/cute_tutorial_sgemm_2
Compilation from IR - skipping loading of FCL
Build succeeded.
[388/738] Linking CXX executable examples/02_bmg_gemm_mixed_dtype/legacy/02_bmg_gemm_f16_u4_s8_legacy
Compilation from IR - skipping loading of FCL
Build succeeded.
Compilation from IR - skipping loading of FCL
Build succeeded.
Compilation from IR - skipping loading of FCL
Build succeeded.
[389/738] Building CXX object test/unit/cute/intel_xe/CMakeFiles/cutlass_test_unit_cute_intel_xe.dir/reorder.cpp.o
[390/738] Building CXX object examples/02_bmg_gemm_mixed_dtype/legacy/CMakeFiles/02_bmg_gemm_f16_u4_f16_legacy.dir/02_bmg_gemm_f16_u4_f16.cpp.o
[391/738] Linking CXX executable examples/01_bmg_gemm_with_collective_builder/01_bmg_gemm_with_collective_builder
Compilation from IR - skipping loading of FCL

warning: [RetryManager] Start recompilation of the kernel
in kernel: 'typeinfo name for cutlass::reference::device::GemmComplexKernelName<cutlass::bfloat16_t, cutlass::layout::RowMajor, cutlass::bfloat16_t, cutlass::layout::RowMajor, float, cutlass::layout::RowMajor, float, float, float, cutlass::layout::RowMajor, cutlass::NumericConverter<float, float, (cutlass::FloatRoundStyle)2>, cutlass::multiply_add<float, float, float>>'

Build succeeded.
Compilation from IR - skipping loading of FCL

warning: [RetryManager] Start recompilation of the kernel
in kernel: 'typeinfo name for cutlass::gemm::kernel::GemmUniversal<cute::tuple<int, int, int, int>, cutlass::gemm::collective::CollectiveMma<cutlass::gemm::MainloopXeL1Staged<3, cutlass::gemm::KernelXe>, cute::tuple<cute::C<256>, cute::C<256>, cute::C<32>>, cutlass::bfloat16_t, cute::tuple<long, cute::C<1>, long>, cutlass::bfloat16_t, cute::tuple<cute::C<1>, long, long>, cute::TiledMMA<cute::MMA_Atom<cute::XE_DPAS_TT<8, float, cutlass::bfloat16_t, cutlass::bfloat16_t, float>>, cute::Layout<cute::tuple<cute::C<8>, cute::C<4>, cute::C<1>>, cute::tuple<cute::C<4>, cute::C<1>, cute::C<0>>>, cute::tuple<cute::Layout<cute::tuple<cute::C<8>, cute::C<8>, cute::C<4>>, cute::tuple<cute::C<1>, cute::C<32>, cute::C<8>>>, cute::Layout<cute::tuple<cute::C<16>, cute::C<4>, cute::C<4>>, cute::tuple<cute::C<1>, cute::C<64>, cute::C<16>>>, cute::Layout<cute::C<32>, cute::C<1>>> const>, void, void, void, cute::identity, void, void, void, cute::identity>, cutlass::epilogue::collective::CollectiveEpilogue<cutlass::epilogue::IntelXeGeneric, cute::tuple<cute::C<256>, cute::C<256>, cute::C<32>>, cutlass::epilogue::collective::EpilogueTileAuto, float, cute::tuple<long, cute::C<1>, long>, float, cute::tuple<long, cute::C<1>, long>, cutlass::epilogue::fusion::FusionCallbacks<cutlass::epilogue::IntelXeGeneric, cutlass::epilogue::fusion::LinCombEltAct<cutlass::epilogue::thread::ReLu, float, float, float, float, (cutlass::FloatRoundStyle)2>, cute::tuple<cute::C<256>, cute::C<256>, cute::C<32>>, cutlass::epilogue::collective::EpilogueTileAuto>, void, void>, void, void>'

warning: kernel _ZTSN7cutlass4gemm6kernel13GemmUniversalIN4cute5tupleIJiiiiEEENS0_10collective13CollectiveMmaINS0_18MainloopXeL1StagedILi3ENS0_8KernelXeEEENS4_IJNS3_1CILi256EEESC_NSB_ILi32EEEEEENS_10bfloat16_tENS4_IJlNSB_ILi1EEElEEESF_NS4_IJSG_llEEENS3_8TiledMMAINS3_8MMA_AtomIJNS3_10XE_DPAS_TTILi8EfSF_SF_fEEEEENS3_6LayoutINS4_IJNSB_ILi8EEENSB_ILi4EEESG_EEENS4_IJSQ_SG_NSB_ILi0EEEEEEEEKNS4_IJNSO_INS4_IJSP_SP_SQ_EEENS4_IJSG_SD_SP_EEEEENSO_INS4_IJNSB_ILi16EEESQ_SQ_EEENS4_IJSG_NSB_ILi64EEESY_EEEEENSO_ISD_SG_EEEEEEEvvvNS3_8identityEvvvS17_EENS_8epilogue10collective18CollectiveEpilogueINS19_14IntelXeGenericEJSE_NS1A_16EpilogueTileAutoEfSH_fSH_NS19_6fusion15FusionCallbacksIS1C_NS1E_13LinCombEltActINS19_6thread4ReLuEffffLNS_15FloatRoundStyleE2EEESE_S1D_JEEEvvEEEvvEE  compiled SIMD16 allocated 128 regs and spilled around 133

Build succeeded.
[392/738] Linking CXX executable examples/02_bmg_gemm_mixed_dtype/legacy/02_bmg_gemm_f16_u4_f16_legacy
Compilation from IR - skipping loading of FCL
Build succeeded.
Compilation from IR - skipping loading of FCL

warning: [RetryManager] Start recompilation of the kernel
in kernel: 'typeinfo name for cutlass::gemm::kernel::GemmUniversal<cute::tuple<int, int, int, int>, cutlass::gemm::collective::CollectiveMma<cutlass::gemm::MainloopIntelXeXMX16<3, cutlass::gemm::KernelXe>, cute::tuple<cute::C<256>, cute::C<256>, cute::C<32>>, cutlass::half_t, cute::tuple<long, cute::C<1>, long>, cutlass::half_t, cute::tuple<long, cute::C<1>, long>, cute::TiledMMA<cute::MMA_Atom<cute::XE_8x16x16_F32F16F16F32_TT>, cute::Layout<cute::tuple<cute::C<8>, cute::C<4>, cute::C<1>>, cute::tuple<cute::C<4>, cute::C<1>, cute::C<0>>>, cute::tuple<cute::Layout<cute::tuple<cute::C<8>, cute::C<8>, cute::C<4>>, cute::tuple<cute::C<1>, cute::C<32>, cute::C<8>>>, cute::Layout<cute::tuple<cute::C<16>, cute::C<4>, cute::C<4>>, cute::tuple<cute::C<1>, cute::C<64>, cute::C<16>>>, cute::Layout<cute::C<32>, cute::C<1>>> const>, cute::XE_2D_U16x32x32_LD_N, void, void, cute::identity, cute::XE_2D_U16x16x16_LD_T, void, void, cute::identity>, cutlass::epilogue::collective::CollectiveEpilogue<cutlass::epilogue::IntelXeXMX16, cute::tuple<cute::C<256>, cute::C<256>, cute::C<32>>, float, cute::tuple<long, cute::C<1>, long>, cutlass::half_t, cute::tuple<long, cute::C<1>, long>, cutlass::epilogue::fusion::FusionCallbacks<cutlass::epilogue::IntelXeXMX16, cutlass::epilogue::fusion::LinearCombination<float, float, float, float, (cutlass::FloatRoundStyle)2>, cute::tuple<cute::C<256>, cute::C<256>, cute::C<32>>, cute::tuple<cute::C<256>, cute::C<256>, cute::C<32>>>, cute::XE_2D_U32x8x16_LD_N, void, void, cute::XE_2D_U16x8x16_ST_N, void, void>, void, void>'

warning: kernel _ZTSN7cutlass4gemm6kernel13GemmUniversalIN4cute5tupleIJiiiiEEENS0_10collective13CollectiveMmaINS0_20MainloopIntelXeXMX16ILi3ENS0_8KernelXeEEENS4_IJNS3_1CILi256EEESC_NSB_ILi32EEEEEENS_6half_tENS4_IJlNSB_ILi1EEElEEESF_SH_NS3_8TiledMMAINS3_8MMA_AtomIJNS3_26XE_8x16x16_F32F16F16F32_TTEEEENS3_6LayoutINS4_IJNSB_ILi8EEENSB_ILi4EEESG_EEENS4_IJSO_SG_NSB_ILi0EEEEEEEEKNS4_IJNSM_INS4_IJSN_SN_SO_EEENS4_IJSG_SD_SN_EEEEENSM_INS4_IJNSB_ILi16EEESO_SO_EEENS4_IJSG_NSB_ILi64EEESW_EEEEENSM_ISD_SG_EEEEEEENS3_20XE_2D_U16x32x32_LD_NEvvNS3_8identityENS3_20XE_2D_U16x16x16_LD_TEvvS16_EENS_8epilogue10collective18CollectiveEpilogueINS19_12IntelXeXMX16EJSE_fSH_SF_SH_NS19_6fusion15FusionCallbacksIS1C_NS1D_17LinearCombinationIffffLNS_15FloatRoundStyleE2EEESE_SE_JEEENS3_19XE_2D_U32x8x16_LD_NEvvNS3_19XE_2D_U16x8x16_ST_NEvvEEEvvEE  compiled SIMD16 allocated 128 regs and spilled around 136

Build succeeded.
Compilation from IR - skipping loading of FCL
Build succeeded.
[393/738] Building CXX object examples/02_bmg_gemm_mixed_dtype/legacy/CMakeFiles/02_bmg_gemm_bf16_s8_bf16_legacy.dir/02_bmg_gemm_bf16_s8_bf16.cpp.o
[394/738] Building CXX object examples/03_bmg_gemm_streamk/CMakeFiles/03_bmg_gemm_streamk.dir/03_bmg_gemm_streamk.cpp.o
[395/738] Building CXX object test/unit/cute/intel_xe/CMakeFiles/cutlass_test_unit_cute_intel_xe.dir/copy_subgroup_block.cpp.o
[396/738] Building CXX object test/unit/cute/intel_xe/CMakeFiles/cutlass_test_unit_cute_intel_xe.dir/xe_transpose_2d.cpp.o
[397/738] Building CXX object test/unit/cute/intel_xe/CMakeFiles/cutlass_test_unit_cute_intel_xe.dir/copy_scatter.cpp.o
[398/738] Building CXX object test/unit/cute/core/CMakeFiles/cutlass_test_unit_cute_core.dir/complement.cpp.o
[399/738] Linking CXX executable examples/02_bmg_gemm_mixed_dtype/legacy/02_bmg_gemm_bf16_s8_bf16_legacy
warning: Undefined function _Z44intel_sub_group_2d_block_prefetch_8b_8r32x2cPU3AS1viiiDv2_i found in /tmp/icpx-f8f7b95d76/02_bmg_gemm_bf16_s8_bf16-fc8d1c.bc. This may result in runtime errors.
warning: Undefined function _Z44intel_sub_group_2d_block_prefetch_8b_4r32x2cPU3AS1viiiDv2_i found in /tmp/icpx-f8f7b95d76/02_bmg_gemm_bf16_s8_bf16-fc8d1c.bc. This may result in runtime errors.
Compilation from IR - skipping loading of FCL
Build succeeded.
Compilation from IR - skipping loading of FCL
Build succeeded.
[400/738] Linking CXX executable examples/03_bmg_gemm_streamk/03_bmg_gemm_streamk
Compilation from IR - skipping loading of FCL

warning: [RetryManager] Start recompilation of the kernel
in kernel: 'typeinfo name for cutlass::reference::device::GemmComplexKernelName<cutlass::bfloat16_t, cutlass::layout::RowMajor, cutlass::bfloat16_t, cutlass::layout::RowMajor, float, cutlass::layout::RowMajor, float, float, float, cutlass::layout::RowMajor, cutlass::NumericConverter<float, float, (cutlass::FloatRoundStyle)2>, cutlass::multiply_add<float, float, float>>'

Build succeeded.
Compilation from IR - skipping loading of FCL

warning: [RetryManager] Start recompilation of the kernel
in kernel: 'typeinfo name for cutlass::gemm::kernel::GemmUniversal<cute::tuple<int, int, int, int>, cutlass::gemm::collective::CollectiveMma<cutlass::gemm::MainloopXeL1Staged<2, cutlass::gemm::KernelXeCooperative>, cute::tuple<cute::C<256>, cute::C<256>, cute::C<32>>, cutlass::bfloat16_t, cute::tuple<long, cute::C<1>, long>, cutlass::bfloat16_t, cute::tuple<cute::C<1>, long, long>, cute::TiledMMA<cute::MMA_Atom<cute::XE_DPAS_TT<8, float, cutlass::bfloat16_t, cutlass::bfloat16_t, float>>, cute::Layout<cute::tuple<cute::C<8>, cute::C<4>, cute::C<1>>, cute::tuple<cute::C<4>, cute::C<1>, cute::C<0>>>, cute::tuple<cute::Layout<cute::tuple<cute::C<8>, cute::C<8>, cute::C<4>>, cute::tuple<cute::C<1>, cute::C<32>, cute::C<8>>>, cute::Layout<cute::tuple<cute::C<16>, cute::C<4>, cute::C<4>>, cute::tuple<cute::C<1>, cute::C<64>, cute::C<16>>>, cute::Layout<cute::C<32>, cute::C<1>>> const>, void, void, void, cute::identity, void, void, void, cute::identity>, cutlass::epilogue::collective::CollectiveEpilogue<cutlass::epilogue::IntelXeGeneric, cute::tuple<cute::C<256>, cute::C<256>, cute::C<32>>, void, float, cute::tuple<long, cute::C<1>, long>, float, cute::tuple<long, cute::C<1>, long>, cutlass::epilogue::fusion::FusionCallbacks<cutlass::epilogue::IntelXeGeneric, cutlass::epilogue::fusion::LinearCombination<float, float, float, float, (cutlass::FloatRoundStyle)2>, cute::tuple<cute::C<256>, cute::C<256>, cute::C<32>>, cute::tuple<cute::C<256>, cute::C<256>, cute::C<32>>>, void, void>, cutlass::gemm::StreamKScheduler, void>'

warning: kernel _ZTSN7cutlass4gemm6kernel13GemmUniversalIN4cute5tupleIJiiiiEEENS0_10collective13CollectiveMmaINS0_18MainloopXeL1StagedILi2ENS0_19KernelXeCooperativeEEENS4_IJNS3_1CILi256EEESC_NSB_ILi32EEEEEENS_10bfloat16_tENS4_IJlNSB_ILi1EEElEEESF_NS4_IJSG_llEEENS3_8TiledMMAINS3_8MMA_AtomIJNS3_10XE_DPAS_TTILi8EfSF_SF_fEEEEENS3_6LayoutINS4_IJNSB_ILi8EEENSB_ILi4EEESG_EEENS4_IJSQ_SG_NSB_ILi0EEEEEEEEKNS4_IJNSO_INS4_IJSP_SP_SQ_EEENS4_IJSG_SD_SP_EEEEENSO_INS4_IJNSB_ILi16EEESQ_SQ_EEENS4_IJSG_NSB_ILi64EEESY_EEEEENSO_ISD_SG_EEEEEEEvvvNS3_8identityEvvvS17_EENS_8epilogue10collective18CollectiveEpilogueINS19_14IntelXeGenericEJSE_vfSH_fSH_NS19_6fusion15FusionCallbacksIS1C_NS1D_17LinearCombinationIffffLNS_15FloatRoundStyleE2EEESE_SE_JEEEvvEEENS0_16StreamKSchedulerEvEE  compiled SIMD16 allocated 128 regs and spilled around 166

Build succeeded.
[401/738] Building CXX object examples/05_bmg_gemm_with_epilogues/CMakeFiles/05_bmg_gemm_with_epilogue_splitk.dir/05_bmg_gemm_with_epilogue_splitk.cpp.o
[402/738] Linking CXX executable examples/05_bmg_gemm_with_epilogues/05_bmg_gemm_with_epilogue_splitk
warning: Undefined function _Z45intel_sub_group_2d_block_prefetch_16b_1r16x2cPU3AS1viiiDv2_i found in /tmp/icpx-d3c44543dd/05_bmg_gemm_with_epilogue_splitk-f41bdd.bc. This may result in runtime errors.
Compilation from IR - skipping loading of FCL

warning: [RetryManager] Start recompilation of the kernel
in kernel: 'typeinfo name for cutlass::reference::device::GemmComplexKernelName<cutlass::bfloat16_t, cutlass::layout::RowMajor, cutlass::bfloat16_t, cutlass::layout::RowMajor, float, cutlass::layout::RowMajor, float, float, float, cutlass::layout::RowMajor, cutlass::NumericConverter<float, float, (cutlass::FloatRoundStyle)2>, cutlass::multiply_add<float, float, float>>'

Build succeeded.
Compilation from IR - skipping loading of FCL
Build succeeded.
[403/738] Building CXX object examples/05_bmg_gemm_with_epilogues/CMakeFiles/05_bmg_gemm_with_topk_and_softmax.dir/05_bmg_gemm_with_topk_and_softmax.cpp.o
[404/738] Building CXX object examples/05_bmg_gemm_with_epilogues/CMakeFiles/05_bmg_gemm_with_epilogue_lincombdeeltact.dir/05_bmg_gemm_with_epilogue_lincombdeeltact.cpp.o
[405/738] Building CXX object test/unit/cute/core/CMakeFiles/cutlass_test_unit_cute_core.dir/swizzle_layout.cpp.o
[406/738] Building CXX object examples/05_bmg_gemm_with_epilogues/legacy/CMakeFiles/05_bmg_gemm_with_epilogue_silu_legacy.dir/05_bmg_gemm_with_epilogue_silu.cpp.o
[407/738] Building CXX object examples/05_bmg_gemm_with_epilogues/legacy/CMakeFiles/05_bmg_gemm_with_epilogue_relu_legacy.dir/05_bmg_gemm_with_epilogue_relu.cpp.o
[408/738] Building CXX object examples/05_bmg_gemm_with_epilogues/CMakeFiles/05_bmg_gemm_with_epilogue_softmax.dir/05_bmg_gemm_with_epilogue_softmax.cpp.o
[409/738] Building CXX object test/unit/cute/intel_xe/CMakeFiles/cutlass_test_unit_cute_intel_xe.dir/copy_1d.cpp.o
[410/738] Building CXX object examples/04_bmg_grouped_gemm/CMakeFiles/04_bmg_grouped_gemm.dir/04_bmg_grouped_gemm.cpp.o
[411/738] Linking CXX executable examples/05_bmg_gemm_with_epilogues/05_bmg_gemm_with_topk_and_softmax
Compilation from IR - skipping loading of FCL
Build succeeded.
Compilation from IR - skipping loading of FCL

warning: [RetryManager] Start recompilation of the kernel
in kernel: 'typeinfo name for cutlass::gemm::kernel::GemmUniversal<cute::tuple<int, int, int, int>, cutlass::gemm::collective::CollectiveMma<cutlass::gemm::MainloopIntelXeXMX16<3, cutlass::gemm::KernelXe>, cute::tuple<cute::C<256>, cute::C<256>, cute::C<32>>, cutlass::bfloat16_t, cute::tuple<long, cute::C<1>, long>, cutlass::bfloat16_t, cute::tuple<cute::C<1>, long, long>, cute::TiledMMA<cute::MMA_Atom<cute::XE_8x16x16_F32BF16BF16F32_TT>, cute::Layout<cute::tuple<cute::C<8>, cute::C<4>, cute::C<1>>, cute::tuple<cute::C<4>, cute::C<1>, cute::C<0>>>, cute::tuple<cute::Layout<cute::tuple<cute::C<8>, cute::C<8>, cute::C<4>>, cute::tuple<cute::C<1>, cute::C<32>, cute::C<8>>>, cute::Layout<cute::tuple<cute::C<16>, cute::C<4>, cute::C<4>>, cute::tuple<cute::C<1>, cute::C<64>, cute::C<16>>>, cute::Layout<cute::C<32>, cute::C<1>>> const>, cute::XE_2D_U16x32x32_LD_N, void, void, cute::identity, cute::XE_2D_U16x32x32_LD_V, void, void, cute::identity>, cutlass::epilogue::collective::CollectiveEpilogue<cutlass::epilogue::IntelXeXMX16, cute::tuple<cute::C<256>, cute::C<256>, cute::C<32>>, float, cute::tuple<long, cute::C<1>, long>, float, cute::tuple<long, cute::C<1>, long>, cutlass::epilogue::fusion::FusionCallbacks<cutlass::epilogue::IntelXeXMX16, cutlass::epilogue::fusion::LinCombTopKSoftmaxCol<2, float, float, float, float, (cutlass::FloatRoundStyle)2>, cute::tuple<cute::C<256>, cute::C<256>, cute::C<32>>, cute::tuple<cute::C<256>, cute::C<256>, cute::C<32>>>, cute::XE_2D_U32x8x16_LD_N, void, void, cute::XE_2D_U32x8x16_ST_N, void, void>, void, void>'

warning: kernel _ZTSN7cutlass4gemm6kernel13GemmUniversalIN4cute5tupleIJiiiiEEENS0_10collective13CollectiveMmaINS0_20MainloopIntelXeXMX16ILi3ENS0_8KernelXeEEENS4_IJNS3_1CILi256EEESC_NSB_ILi32EEEEEENS_10bfloat16_tENS4_IJlNSB_ILi1EEElEEESF_NS4_IJSG_llEEENS3_8TiledMMAINS3_8MMA_AtomIJNS3_28XE_8x16x16_F32BF16BF16F32_TTEEEENS3_6LayoutINS4_IJNSB_ILi8EEENSB_ILi4EEESG_EEENS4_IJSP_SG_NSB_ILi0EEEEEEEEKNS4_IJNSN_INS4_IJSO_SO_SP_EEENS4_IJSG_SD_SO_EEEEENSN_INS4_IJNSB_ILi16EEESP_SP_EEENS4_IJSG_NSB_ILi64EEESX_EEEEENSN_ISD_SG_EEEEEEENS3_20XE_2D_U16x32x32_LD_NEvvNS3_8identityENS3_20XE_2D_U16x32x32_LD_VEvvS17_EENS_8epilogue10collective18CollectiveEpilogueINS1A_12IntelXeXMX16EJSE_fSH_fSH_NS1A_6fusion15FusionCallbacksIS1D_NS1E_21LinCombTopKSoftmaxColILi2EffffLNS_15FloatRoundStyleE2EEESE_SE_JEEENS3_19XE_2D_U32x8x16_LD_NEvvNS3_19XE_2D_U32x8x16_ST_NEvvEEEvvEE  compiled SIMD16 allocated 128 regs and spilled around 133

Build succeeded.
[412/738] Building CXX object examples/02_bmg_gemm_mixed_dtype/CMakeFiles/02_bmg_gemm_f16_u4_s8.dir/02_bmg_gemm_f16_u4_s8.cpp.o
[413/738] Linking CXX executable examples/05_bmg_gemm_with_epilogues/legacy/05_bmg_gemm_with_epilogue_silu_legacy
Compilation from IR - skipping loading of FCL

warning: [RetryManager] Start recompilation of the kernel
in kernel: 'typeinfo name for cutlass::reference::device::GemmComplexKernelName<cutlass::bfloat16_t, cutlass::layout::RowMajor, cutlass::bfloat16_t, cutlass::layout::RowMajor, float, cutlass::layout::RowMajor, float, float, float, cutlass::layout::RowMajor, cutlass::NumericConverter<float, float, (cutlass::FloatRoundStyle)2>, cutlass::multiply_add<float, float, float>>'

Build succeeded.
Compilation from IR - skipping loading of FCL

warning: [RetryManager] Start recompilation of the kernel
in kernel: 'typeinfo name for cutlass::gemm::kernel::GemmUniversal<cute::tuple<int, int, int, int>, cutlass::gemm::collective::CollectiveMma<cutlass::gemm::MainloopIntelXeXMX16<2, cutlass::gemm::KernelXe>, cute::tuple<cute::C<256>, cute::C<256>, cute::C<32>>, cutlass::bfloat16_t, cute::tuple<long, cute::C<1>, long>, cutlass::bfloat16_t, cute::tuple<cute::C<1>, long, long>, cute::TiledMMA<cute::MMA_Atom<cute::XE_8x16x16_F32BF16BF16F32_TT>, cute::Layout<cute::tuple<cute::C<8>, cute::C<4>, cute::C<1>>, cute::tuple<cute::C<4>, cute::C<1>, cute::C<0>>>, cute::tuple<cute::Layout<cute::tuple<cute::C<8>, cute::C<8>, cute::C<4>>, cute::tuple<cute::C<1>, cute::C<32>, cute::C<8>>>, cute::Layout<cute::tuple<cute::C<16>, cute::C<4>, cute::C<4>>, cute::tuple<cute::C<1>, cute::C<64>, cute::C<16>>>, cute::Layout<cute::C<32>, cute::C<1>>> const>, cute::XE_2D_U16x32x32_LD_N, void, void, cute::identity, cute::XE_2D_U16x32x32_LD_V, void, void, cute::identity>, cutlass::epilogue::collective::CollectiveEpilogue<cutlass::epilogue::IntelXeXMX16, cute::tuple<cute::C<256>, cute::C<256>, cute::C<32>>, float, cute::tuple<long, cute::C<1>, long>, float, cute::tuple<long, cute::C<1>, long>, cutlass::epilogue::fusion::FusionCallbacks<cutlass::epilogue::IntelXeXMX16, cutlass::epilogue::fusion::LinCombEltAct<cutlass::epilogue::thread::SiLu, float, float, float, float, (cutlass::FloatRoundStyle)2>, cute::tuple<cute::C<256>, cute::C<256>, cute::C<32>>, cute::tuple<cute::C<256>, cute::C<256>, cute::C<32>>>, cute::XE_2D_U32x8x16_LD_N, void, void, cute::XE_2D_U32x8x16_ST_N, void, void>, void, void>'

warning: kernel _ZTSN7cutlass4gemm6kernel13GemmUniversalIN4cute5tupleIJiiiiEEENS0_10collective13CollectiveMmaINS0_20MainloopIntelXeXMX16ILi2ENS0_8KernelXeEEENS4_IJNS3_1CILi256EEESC_NSB_ILi32EEEEEENS_10bfloat16_tENS4_IJlNSB_ILi1EEElEEESF_NS4_IJSG_llEEENS3_8TiledMMAINS3_8MMA_AtomIJNS3_28XE_8x16x16_F32BF16BF16F32_TTEEEENS3_6LayoutINS4_IJNSB_ILi8EEENSB_ILi4EEESG_EEENS4_IJSP_SG_NSB_ILi0EEEEEEEEKNS4_IJNSN_INS4_IJSO_SO_SP_EEENS4_IJSG_SD_SO_EEEEENSN_INS4_IJNSB_ILi16EEESP_SP_EEENS4_IJSG_NSB_ILi64EEESX_EEEEENSN_ISD_SG_EEEEEEENS3_20XE_2D_U16x32x32_LD_NEvvNS3_8identityENS3_20XE_2D_U16x32x32_LD_VEvvS17_EENS_8epilogue10collective18CollectiveEpilogueINS1A_12IntelXeXMX16EJSE_fSH_fSH_NS1A_6fusion15FusionCallbacksIS1D_NS1E_13LinCombEltActINS1A_6thread4SiLuEffffLNS_15FloatRoundStyleE2EEESE_SE_JEEENS3_19XE_2D_U32x8x16_LD_NEvvNS3_19XE_2D_U32x8x16_ST_NEvvEEEvvEE  compiled SIMD16 allocated 128 regs and spilled around 133

Build succeeded.
[414/738] Linking CXX executable examples/05_bmg_gemm_with_epilogues/legacy/05_bmg_gemm_with_epilogue_relu_legacy
Compilation from IR - skipping loading of FCL

warning: [RetryManager] Start recompilation of the kernel
in kernel: 'typeinfo name for cutlass::reference::device::GemmComplexKernelName<cutlass::bfloat16_t, cutlass::layout::RowMajor, cutlass::bfloat16_t, cutlass::layout::RowMajor, float, cutlass::layout::RowMajor, float, float, float, cutlass::layout::RowMajor, cutlass::NumericConverter<float, float, (cutlass::FloatRoundStyle)2>, cutlass::multiply_add<float, float, float>>'

Build succeeded.
Compilation from IR - skipping loading of FCL

warning: [RetryManager] Start recompilation of the kernel
in kernel: 'typeinfo name for cutlass::gemm::kernel::GemmUniversal<cute::tuple<int, int, int, int>, cutlass::gemm::collective::CollectiveMma<cutlass::gemm::MainloopIntelXeXMX16<2, cutlass::gemm::KernelXe>, cute::tuple<cute::C<256>, cute::C<256>, cute::C<32>>, cutlass::bfloat16_t, cute::tuple<long, cute::C<1>, long>, cutlass::bfloat16_t, cute::tuple<cute::C<1>, long, long>, cute::TiledMMA<cute::MMA_Atom<cute::XE_8x16x16_F32BF16BF16F32_TT>, cute::Layout<cute::tuple<cute::C<8>, cute::C<4>, cute::C<1>>, cute::tuple<cute::C<4>, cute::C<1>, cute::C<0>>>, cute::tuple<cute::Layout<cute::tuple<cute::C<8>, cute::C<8>, cute::C<4>>, cute::tuple<cute::C<1>, cute::C<32>, cute::C<8>>>, cute::Layout<cute::tuple<cute::C<16>, cute::C<4>, cute::C<4>>, cute::tuple<cute::C<1>, cute::C<64>, cute::C<16>>>, cute::Layout<cute::C<32>, cute::C<1>>> const>, cute::XE_2D_U16x32x32_LD_N, void, void, cute::identity, cute::XE_2D_U16x32x32_LD_V, void, void, cute::identity>, cutlass::epilogue::collective::CollectiveEpilogue<cutlass::epilogue::IntelXeXMX16, cute::tuple<cute::C<256>, cute::C<256>, cute::C<32>>, float, cute::tuple<long, cute::C<1>, long>, float, cute::tuple<long, cute::C<1>, long>, cutlass::epilogue::fusion::FusionCallbacks<cutlass::epilogue::IntelXeXMX16, cutlass::epilogue::fusion::LinCombEltAct<cutlass::epilogue::thread::ReLu, float, float, float, float, (cutlass::FloatRoundStyle)2>, cute::tuple<cute::C<256>, cute::C<256>, cute::C<32>>, cute::tuple<cute::C<256>, cute::C<256>, cute::C<32>>>, cute::XE_2D_U32x8x16_LD_N, void, void, cute::XE_2D_U32x8x16_ST_N, void, void>, void, void>'

warning: kernel _ZTSN7cutlass4gemm6kernel13GemmUniversalIN4cute5tupleIJiiiiEEENS0_10collective13CollectiveMmaINS0_20MainloopIntelXeXMX16ILi2ENS0_8KernelXeEEENS4_IJNS3_1CILi256EEESC_NSB_ILi32EEEEEENS_10bfloat16_tENS4_IJlNSB_ILi1EEElEEESF_NS4_IJSG_llEEENS3_8TiledMMAINS3_8MMA_AtomIJNS3_28XE_8x16x16_F32BF16BF16F32_TTEEEENS3_6LayoutINS4_IJNSB_ILi8EEENSB_ILi4EEESG_EEENS4_IJSP_SG_NSB_ILi0EEEEEEEEKNS4_IJNSN_INS4_IJSO_SO_SP_EEENS4_IJSG_SD_SO_EEEEENSN_INS4_IJNSB_ILi16EEESP_SP_EEENS4_IJSG_NSB_ILi64EEESX_EEEEENSN_ISD_SG_EEEEEEENS3_20XE_2D_U16x32x32_LD_NEvvNS3_8identityENS3_20XE_2D_U16x32x32_LD_VEvvS17_EENS_8epilogue10collective18CollectiveEpilogueINS1A_12IntelXeXMX16EJSE_fSH_fSH_NS1A_6fusion15FusionCallbacksIS1D_NS1E_13LinCombEltActINS1A_6thread4ReLuEffffLNS_15FloatRoundStyleE2EEESE_SE_JEEENS3_19XE_2D_U32x8x16_LD_NEvvNS3_19XE_2D_U32x8x16_ST_NEvvEEEvvEE  compiled SIMD16 allocated 128 regs and spilled around 158

Build succeeded.
[415/738] Linking CXX executable examples/05_bmg_gemm_with_epilogues/05_bmg_gemm_with_epilogue_lincombdeeltact
Compilation from IR - skipping loading of FCL

warning: [RetryManager] Start recompilation of the kernel
in kernel: 'typeinfo name for cutlass::reference::device::GemmComplexKernelName<cutlass::bfloat16_t, cutlass::layout::RowMajor, cutlass::bfloat16_t, cutlass::layout::RowMajor, float, cutlass::layout::RowMajor, float, float, float, cutlass::layout::RowMajor, cutlass::NumericConverter<float, float, (cutlass::FloatRoundStyle)2>, cutlass::multiply_add<float, float, float>>'

Build succeeded.
Compilation from IR - skipping loading of FCL

warning: [RetryManager] Start recompilation of the kernel
in kernel: 'typeinfo name for cutlass::gemm::kernel::GemmUniversal<cute::tuple<int, int, int, int>, cutlass::gemm::collective::CollectiveMma<cutlass::gemm::MainloopIntelXeXMX16<2, cutlass::gemm::KernelXe>, cute::tuple<cute::C<256>, cute::C<256>, cute::C<32>>, cutlass::bfloat16_t, cute::tuple<long, cute::C<1>, long>, cutlass::bfloat16_t, cute::tuple<cute::C<1>, long, long>, cute::TiledMMA<cute::MMA_Atom<cute::XE_8x16x16_F32BF16BF16F32_TT>, cute::Layout<cute::tuple<cute::C<8>, cute::C<4>, cute::C<1>>, cute::tuple<cute::C<4>, cute::C<1>, cute::C<0>>>, cute::tuple<cute::Layout<cute::tuple<cute::C<8>, cute::C<8>, cute::C<4>>, cute::tuple<cute::C<1>, cute::C<32>, cute::C<8>>>, cute::Layout<cute::tuple<cute::C<16>, cute::C<4>, cute::C<4>>, cute::tuple<cute::C<1>, cute::C<64>, cute::C<16>>>, cute::Layout<cute::C<32>, cute::C<1>>> const>, cute::XE_2D_U16x32x32_LD_N, void, void, cute::identity, cute::XE_2D_U16x32x32_LD_V, void, void, cute::identity>, cutlass::epilogue::collective::CollectiveEpilogue<cutlass::epilogue::IntelXeXMX16, cute::tuple<cute::C<256>, cute::C<256>, cute::C<32>>, float, cute::tuple<long, cute::C<1>, long>, float, cute::tuple<long, cute::C<1>, long>, cutlass::epilogue::fusion::FusionCallbacks<cutlass::epilogue::IntelXeXMX16, cutlass::epilogue::fusion::LinCombDeEltAct<cutlass::layout::RowMajor, sum_vals, float, float, float, float, float, 4, (cutlass::FloatRoundStyle)2>, cute::tuple<cute::C<256>, cute::C<256>, cute::C<32>>, cute::tuple<cute::C<256>, cute::C<256>>, cute::XE_2D_U32x8x16_LD_N>, cute::XE_2D_U32x8x16_LD_N, void, void, cute::XE_2D_U32x8x16_ST_N, void, void>, void, void>'

warning: kernel _ZTSN7cutlass4gemm6kernel13GemmUniversalIN4cute5tupleIJiiiiEEENS0_10collective13CollectiveMmaINS0_20MainloopIntelXeXMX16ILi2ENS0_8KernelXeEEENS4_IJNS3_1CILi256EEESC_NSB_ILi32EEEEEENS_10bfloat16_tENS4_IJlNSB_ILi1EEElEEESF_NS4_IJSG_llEEENS3_8TiledMMAINS3_8MMA_AtomIJNS3_28XE_8x16x16_F32BF16BF16F32_TTEEEENS3_6LayoutINS4_IJNSB_ILi8EEENSB_ILi4EEESG_EEENS4_IJSP_SG_NSB_ILi0EEEEEEEEKNS4_IJNSN_INS4_IJSO_SO_SP_EEENS4_IJSG_SD_SO_EEEEENSN_INS4_IJNSB_ILi16EEESP_SP_EEENS4_IJSG_NSB_ILi64EEESX_EEEEENSN_ISD_SG_EEEEEEENS3_20XE_2D_U16x32x32_LD_NEvvNS3_8identityENS3_20XE_2D_U16x32x32_LD_VEvvS17_EENS_8epilogue10collective18CollectiveEpilogueINS1A_12IntelXeXMX16EJSE_fSH_fSH_NS1A_6fusion15FusionCallbacksIS1D_NS1E_15LinCombDeEltActINS_6layout8RowMajorE8sum_valsfffffLi4ELNS_15FloatRoundStyleE2EEESE_NS4_IJSC_SC_EEEJNS3_19XE_2D_U32x8x16_LD_NEEEES1N_vvNS3_19XE_2D_U32x8x16_ST_NEvvEEEvvEE  compiled SIMD16 allocated 128 regs and spilled around 134

warning: kernel _ZTSN7cutlass4gemm6kernel13GemmUniversalIN4cute5tupleIJiiiiEEENS0_10collective13CollectiveMmaINS0_20MainloopIntelXeXMX16ILi2ENS0_8KernelXeEEENS4_IJNS3_1CILi256EEESC_NSB_ILi32EEEEEENS_10bfloat16_tENS4_IJlNSB_ILi1EEElEEESF_NS4_IJSG_llEEENS3_8TiledMMAINS3_8MMA_AtomIJNS3_28XE_8x16x16_F32BF16BF16F32_TTEEEENS3_6LayoutINS4_IJNSB_ILi8EEENSB_ILi4EEESG_EEENS4_IJSP_SG_NSB_ILi0EEEEEEEEKNS4_IJNSN_INS4_IJSO_SO_SP_EEENS4_IJSG_SD_SO_EEEEENSN_INS4_IJNSB_ILi16EEESP_SP_EEENS4_IJSG_NSB_ILi64EEESX_EEEEENSN_ISD_SG_EEEEEEENS3_20XE_2D_U16x32x32_LD_NEvvNS3_8identityENS3_20XE_2D_U16x32x32_LD_VEvvS17_EENS_8epilogue10collective18CollectiveEpilogueINS1A_12IntelXeXMX16EJSE_fSH_fSH_NS1A_6fusion15FusionCallbacksIS1D_NS1E_15LinCombDeEltActINS_6layout8RowMajorENS_10multipliesEfffffLi4ELNS_15FloatRoundStyleE2EEESE_NS4_IJSC_SC_EEEJNS3_19XE_2D_U32x8x16_LD_NEEEES1N_vvNS3_19XE_2D_U32x8x16_ST_NEvvEEEvvEE  compiled SIMD16 allocated 128 regs and spilled around 134

Build succeeded.
[416/738] Building CXX object examples/05_bmg_gemm_with_epilogues/legacy/CMakeFiles/05_bmg_gemm_with_epilogue_gelu_legacy.dir/05_bmg_gemm_with_epilogue_gelu.cpp.o
[417/738] Linking CXX executable examples/05_bmg_gemm_with_epilogues/05_bmg_gemm_with_epilogue_softmax
warning: Undefined function _Z45intel_sub_group_2d_block_prefetch_16b_1r16x2cPU3AS1viiiDv2_i found in /tmp/icpx-51fa8fed95/05_bmg_gemm_with_epilogue_softmax-65f88e.bc. This may result in runtime errors.
Compilation from IR - skipping loading of FCL

warning: [RetryManager] Start recompilation of the kernel
in kernel: 'typeinfo name for cutlass::reference::device::GemmComplexKernelName<cutlass::bfloat16_t, cutlass::layout::RowMajor, cutlass::bfloat16_t, cutlass::layout::RowMajor, float, cutlass::layout::RowMajor, float, float, float, cutlass::layout::RowMajor, cutlass::NumericConverter<float, float, (cutlass::FloatRoundStyle)2>, cutlass::multiply_add<float, float, float>>'

Build succeeded.
Compilation from IR - skipping loading of FCL
Build succeeded.
[418/738] Linking CXX executable examples/02_bmg_gemm_mixed_dtype/02_bmg_gemm_f16_u4_s8
Compilation from IR - skipping loading of FCL
Build succeeded.
Compilation from IR - skipping loading of FCL
Build succeeded.
Compilation from IR - skipping loading of FCL
Build succeeded.
[419/738] Linking CXX executable examples/04_bmg_grouped_gemm/04_bmg_grouped_gemm
Compilation from IR - skipping loading of FCL

warning: [RetryManager] Start recompilation of the kernel
in kernel: 'typeinfo name for cutlass::reference::device::GemmComplexKernelName<cutlass::bfloat16_t, cutlass::layout::RowMajor, cutlass::bfloat16_t, cutlass::layout::RowMajor, float, cutlass::layout::RowMajor, float, float, float, cutlass::layout::RowMajor, cutlass::NumericConverter<float, float, (cutlass::FloatRoundStyle)2>, cutlass::multiply_add<float, float, float>>'

Build succeeded.
Compilation from IR - skipping loading of FCL

warning: [RetryManager] Start recompilation of the kernel
in kernel: 'typeinfo name for cutlass::gemm::kernel::GemmUniversal<cutlass::gemm::GroupProblemShape<cute::tuple<int, int, int>>, cutlass::gemm::collective::CollectiveMma<cutlass::gemm::MainloopXeL1StagedGroup<2, cutlass::gemm::KernelXePtrArrayCooperative>, cute::tuple<cute::C<256>, cute::C<256>, cute::C<32>>, cutlass::bfloat16_t, cute::tuple<long, cute::C<1>, cute::C<0>>*, cutlass::bfloat16_t, cute::tuple<cute::C<1>, long, cute::C<0>>*, cute::TiledMMA<cute::MMA_Atom<cute::XE_DPAS_TT<8, float, cutlass::bfloat16_t, cutlass::bfloat16_t, float>>, cute::Layout<cute::tuple<cute::C<8>, cute::C<4>, cute::C<1>>, cute::tuple<cute::C<4>, cute::C<1>, cute::C<0>>>, cute::tuple<cute::Layout<cute::tuple<cute::C<8>, cute::C<8>, cute::C<4>>, cute::tuple<cute::C<1>, cute::C<32>, cute::C<8>>>, cute::Layout<cute::tuple<cute::C<16>, cute::C<4>, cute::C<4>>, cute::tuple<cute::C<1>, cute::C<64>, cute::C<16>>>, cute::Layout<cute::C<32>, cute::C<1>>> const>, void, void, void, cute::identity, void, void, void, cute::identity>, cutlass::epilogue::collective::CollectiveEpilogue<cutlass::epilogue::IntelXeGenericGroup, cute::tuple<cute::C<256>, cute::C<256>, cute::C<32>>, void, float, cute::tuple<long, cute::C<1>, cute::C<0>>*, float, cute::tuple<long, cute::C<1>, cute::C<0>>*, cutlass::epilogue::fusion::FusionCallbacks<cutlass::epilogue::IntelXeGenericGroup, cutlass::epilogue::fusion::LinearCombination<float, float, float, float, (cutlass::FloatRoundStyle)2>, cute::tuple<cute::C<256>, cute::C<256>, cute::C<32>>, cute::tuple<cute::C<256>, cute::C<256>, cute::C<32>>>, void, void>, cutlass::gemm::GroupScheduler, void>'

warning: kernel _ZTSN7cutlass4gemm6kernel13GemmUniversalINS0_17GroupProblemShapeIN4cute5tupleIJiiiEEEEENS0_10collective13CollectiveMmaINS0_23MainloopXeL1StagedGroupILi2ENS0_27KernelXePtrArrayCooperativeEEENS5_IJNS4_1CILi256EEESE_NSD_ILi32EEEEEENS_10bfloat16_tEPNS5_IJlNSD_ILi1EEENSD_ILi0EEEEEESH_PNS5_IJSI_lSJ_EEENS4_8TiledMMAINS4_8MMA_AtomIJNS4_10XE_DPAS_TTILi8EfSH_SH_fEEEEENS4_6LayoutINS5_IJNSD_ILi8EEENSD_ILi4EEESI_EEENS5_IJSV_SI_SJ_EEEEEKNS5_IJNST_INS5_IJSU_SU_SV_EEENS5_IJSI_SF_SU_EEEEENST_INS5_IJNSD_ILi16EEESV_SV_EEENS5_IJSI_NSD_ILi64EEES12_EEEEENST_ISF_SI_EEEEEEEvvvNS4_8identityEvvvS1B_EENS_8epilogue10collective18CollectiveEpilogueINS1D_19IntelXeGenericGroupEJSG_vfSL_fSL_NS1D_6fusion15FusionCallbacksIS1G_NS1H_17LinearCombinationIffffLNS_15FloatRoundStyleE2EEESG_SG_JEEEvvEEENS0_14GroupSchedulerEvEE  compiled SIMD16 allocated 128 regs and spilled around 166

Build succeeded.
[420/738] Building CXX object examples/04_bmg_grouped_gemm/legacy/CMakeFiles/04_bmg_grouped_gemm_legacy.dir/04_bmg_grouped_gemm.cpp.o
[421/738] Building CXX object test/unit/gemm/device/CMakeFiles/cutlass_test_unit_gemm_device_unified_tests.dir/gemm_universal_mainloopintelxexmx16group.cpp.o
[422/738] Building CXX object test/unit/gemm/device/CMakeFiles/cutlass_test_unit_gemm_device_unified_tests.dir/gemm_universal_mainloopintelxexmx16group_precision.cpp.o
[423/738] Building CXX object examples/05_bmg_gemm_with_epilogues/CMakeFiles/05_bmg_gemm_single_b_with_per_col_bias.dir/05_bmg_gemm_single_b_with_per_col_bias.cpp.o
[424/738] Linking CXX executable examples/05_bmg_gemm_with_epilogues/legacy/05_bmg_gemm_with_epilogue_gelu_legacy

ShaderDumpEnable Warning! BufferVec[] has 6132 elements. Including first 1000 items in ShaderDumps. To print all elements set IGC_ShowFullVectorsInShaderDumps register flag to True. ShaderOverride flag may not work properly without IGC_ShowFullVectorsInShaderDumps enabled.

Compilation from IR - skipping loading of FCL

warning: [RetryManager] Start recompilation of the kernel
in kernel: 'typeinfo name for cutlass::reference::device::GemmComplexKernelName<cutlass::bfloat16_t, cutlass::layout::RowMajor, cutlass::bfloat16_t, cutlass::layout::RowMajor, float, cutlass::layout::RowMajor, float, float, float, cutlass::layout::RowMajor, cutlass::NumericConverter<float, float, (cutlass::FloatRoundStyle)2>, cutlass::multiply_add<float, float, float>>'

Build succeeded.

ShaderDumpEnable Warning! BufferVec[] has 6132 elements. Including first 1000 items in ShaderDumps. To print all elements set IGC_ShowFullVectorsInShaderDumps register flag to True. ShaderOverride flag may not work properly without IGC_ShowFullVectorsInShaderDumps enabled.

Compilation from IR - skipping loading of FCL

warning: [RetryManager] Start recompilation of the kernel
in kernel: 'typeinfo name for cutlass::gemm::kernel::GemmUniversal<cute::tuple<int, int, int, int>, cutlass::gemm::collective::CollectiveMma<cutlass::gemm::MainloopIntelXeXMX16<2, cutlass::gemm::KernelXe>, cute::tuple<cute::C<256>, cute::C<256>, cute::C<32>>, cutlass::bfloat16_t, cute::tuple<long, cute::C<1>, long>, cutlass::bfloat16_t, cute::tuple<cute::C<1>, long, long>, cute::TiledMMA<cute::MMA_Atom<cute::XE_8x16x16_F32BF16BF16F32_TT>, cute::Layout<cute::tuple<cute::C<8>, cute::C<4>, cute::C<1>>, cute::tuple<cute::C<4>, cute::C<1>, cute::C<0>>>, cute::tuple<cute::Layout<cute::tuple<cute::C<8>, cute::C<8>, cute::C<4>>, cute::tuple<cute::C<1>, cute::C<32>, cute::C<8>>>, cute::Layout<cute::tuple<cute::C<16>, cute::C<4>, cute::C<4>>, cute::tuple<cute::C<1>, cute::C<64>, cute::C<16>>>, cute::Layout<cute::C<32>, cute::C<1>>> const>, cute::XE_2D_U16x32x32_LD_N, void, void, cute::identity, cute::XE_2D_U16x32x32_LD_V, void, void, cute::identity>, cutlass::epilogue::collective::CollectiveEpilogue<cutlass::epilogue::IntelXeXMX16, cute::tuple<cute::C<256>, cute::C<256>, cute::C<32>>, float, cute::tuple<long, cute::C<1>, long>, float, cute::tuple<long, cute::C<1>, long>, cutlass::epilogue::fusion::FusionCallbacks<cutlass::epilogue::IntelXeXMX16, cutlass::epilogue::fusion::LinCombEltAct<cutlass::epilogue::thread::GELU, float, float, float, float, (cutlass::FloatRoundStyle)2>, cute::tuple<cute::C<256>, cute::C<256>, cute::C<32>>, cute::tuple<cute::C<256>, cute::C<256>, cute::C<32>>>, cute::XE_2D_U32x8x16_LD_N, void, void, cute::XE_2D_U32x8x16_ST_N, void, void>, void, void>'

warning: kernel _ZTSN7cutlass4gemm6kernel13GemmUniversalIN4cute5tupleIJiiiiEEENS0_10collective13CollectiveMmaINS0_20MainloopIntelXeXMX16ILi2ENS0_8KernelXeEEENS4_IJNS3_1CILi256EEESC_NSB_ILi32EEEEEENS_10bfloat16_tENS4_IJlNSB_ILi1EEElEEESF_NS4_IJSG_llEEENS3_8TiledMMAINS3_8MMA_AtomIJNS3_28XE_8x16x16_F32BF16BF16F32_TTEEEENS3_6LayoutINS4_IJNSB_ILi8EEENSB_ILi4EEESG_EEENS4_IJSP_SG_NSB_ILi0EEEEEEEEKNS4_IJNSN_INS4_IJSO_SO_SP_EEENS4_IJSG_SD_SO_EEEEENSN_INS4_IJNSB_ILi16EEESP_SP_EEENS4_IJSG_NSB_ILi64EEESX_EEEEENSN_ISD_SG_EEEEEEENS3_20XE_2D_U16x32x32_LD_NEvvNS3_8identityENS3_20XE_2D_U16x32x32_LD_VEvvS17_EENS_8epilogue10collective18CollectiveEpilogueINS1A_12IntelXeXMX16EJSE_fSH_fSH_NS1A_6fusion15FusionCallbacksIS1D_NS1E_13LinCombEltActINS1A_6thread4GELUEffffLNS_15FloatRoundStyleE2EEESE_SE_JEEENS3_19XE_2D_U32x8x16_LD_NEvvNS3_19XE_2D_U32x8x16_ST_NEvvEEEvvEE  compiled SIMD16 allocated 128 regs and spilled around 144

Build succeeded.
[425/738] Building CXX object test/unit/gemm/device/CMakeFiles/cutlass_test_unit_gemm_device_mixed_input_tensorop_xe.dir/gemm_universal_f16t_s4n_f32t_mixed_input_tensor_op_f32_xe.cpp.o
[426/738] Building CXX object examples/05_bmg_gemm_with_epilogues/CMakeFiles/05_bmg_gemm_with_per_row_bias.dir/05_bmg_gemm_with_per_row_bias.cpp.o
[427/738] Linking CXX executable examples/04_bmg_grouped_gemm/legacy/04_bmg_grouped_gemm_legacy
Compilation from IR - skipping loading of FCL

warning: [RetryManager] Start recompilation of the kernel
in kernel: 'typeinfo name for cutlass::reference::device::GemmComplexKernelName<cutlass::bfloat16_t, cutlass::layout::RowMajor, cutlass::bfloat16_t, cutlass::layout::RowMajor, float, cutlass::layout::RowMajor, float, float, float, cutlass::layout::RowMajor, cutlass::NumericConverter<float, float, (cutlass::FloatRoundStyle)2>, cutlass::multiply_add<float, float, float>>'

Build succeeded.
Compilation from IR - skipping loading of FCL

warning: [RetryManager] Start recompilation of the kernel
in kernel: 'typeinfo name for cutlass::gemm::kernel::GemmUniversal<cutlass::gemm::GroupProblemShape<cute::tuple<int, int, int>>, cutlass::gemm::collective::CollectiveMma<cutlass::gemm::MainloopIntelXeXMX16Group<2, cutlass::gemm::KernelXePtrArrayCooperative>, cute::tuple<cute::C<256>, cute::C<256>, cute::C<32>>, cutlass::bfloat16_t, cute::tuple<long, cute::C<1>, cute::C<0>>*, cutlass::bfloat16_t, cute::tuple<cute::C<1>, long, cute::C<0>>*, cute::TiledMMA<cute::MMA_Atom<cute::XE_8x16x16_F32BF16BF16F32_TT>, cute::Layout<cute::tuple<cute::C<8>, cute::C<4>, cute::C<1>>, cute::tuple<cute::C<4>, cute::C<1>, cute::C<0>>>, cute::tuple<cute::Layout<cute::tuple<cute::C<8>, cute::C<8>, cute::C<4>>, cute::tuple<cute::C<1>, cute::C<32>, cute::C<8>>>, cute::Layout<cute::tuple<cute::C<16>, cute::C<4>, cute::C<4>>, cute::tuple<cute::C<1>, cute::C<64>, cute::C<16>>>, cute::C<32>>>, cute::XE_2D_U16x32x32_LD_N, void, void, cute::identity, cute::XE_2D_U16x32x32_LD_V, void, void, cute::identity>, cutlass::epilogue::collective::CollectiveEpilogue<cutlass::epilogue::IntelXeXMX16Group, cute::tuple<cute::C<256>, cute::C<256>, cute::C<32>>, float, cute::tuple<long, cute::C<1>, cute::C<0>>*, float, cute::tuple<long, cute::C<1>, cute::C<0>>*, cutlass::epilogue::fusion::FusionCallbacks<cutlass::epilogue::IntelXeXMX16Group, cutlass::epilogue::fusion::LinearCombination<float, float, float, float, (cutlass::FloatRoundStyle)2>, cute::tuple<cute::C<256>, cute::C<256>, cute::C<32>>, cute::tuple<cute::C<256>, cute::C<256>, cute::C<32>>>, cute::XE_2D_U32x8x16_LD_N, void, void, cute::XE_2D_U32x8x16_ST_N, void, void>, cutlass::gemm::GroupScheduler, void>'

warning: kernel _ZTSN7cutlass4gemm6kernel13GemmUniversalINS0_17GroupProblemShapeIN4cute5tupleIJiiiEEEEENS0_10collective13CollectiveMmaINS0_25MainloopIntelXeXMX16GroupILi2ENS0_27KernelXePtrArrayCooperativeEEENS5_IJNS4_1CILi256EEESE_NSD_ILi32EEEEEENS_10bfloat16_tEPNS5_IJlNSD_ILi1EEENSD_ILi0EEEEEESH_PNS5_IJSI_lSJ_EEENS4_8TiledMMAINS4_8MMA_AtomIJNS4_28XE_8x16x16_F32BF16BF16F32_TTEEEENS4_6LayoutINS5_IJNSD_ILi8EEENSD_ILi4EEESI_EEENS5_IJSU_SI_SJ_EEEEENS5_IJNSS_INS5_IJST_ST_SU_EEENS5_IJSI_SF_ST_EEEEENSS_INS5_IJNSD_ILi16EEESU_SU_EEENS5_IJSI_NSD_ILi64EEES11_EEEEESF_EEEEENS4_20XE_2D_U16x32x32_LD_NEvvNS4_8identityENS4_20XE_2D_U16x32x32_LD_VEvvS19_EENS_8epilogue10collective18CollectiveEpilogueINS1C_17IntelXeXMX16GroupEJSG_fSL_fSL_NS1C_6fusion15FusionCallbacksIS1F_NS1G_17LinearCombinationIffffLNS_15FloatRoundStyleE2EEESG_SG_JEEENS4_19XE_2D_U32x8x16_LD_NEvvNS4_19XE_2D_U32x8x16_ST_NEvvEEENS0_14GroupSchedulerEvEE  compiled SIMD16 allocated 128 regs and spilled around 179

Build succeeded.
[428/738] Building CXX object test/unit/gemm/device/CMakeFiles/cutlass_test_unit_gemm_device_unified_tests.dir/gemm_universal_mainloopintelxexmx16_group_fp8.cpp.o
[429/738] Linking CXX executable examples/05_bmg_gemm_with_epilogues/05_bmg_gemm_single_b_with_per_col_bias
Compilation from IR - skipping loading of FCL

warning: [RetryManager] Start recompilation of the kernel
in kernel: 'typeinfo name for cutlass::reference::device::GemmComplexKernelName<cutlass::bfloat16_t, cutlass::layout::RowMajor, cutlass::bfloat16_t, cutlass::layout::ColumnMajor, float, cutlass::layout::RowMajor, float, float, float, cutlass::layout::RowMajor, cutlass::NumericConverter<float, float, (cutlass::FloatRoundStyle)2>, cutlass::multiply_add<float, float, float>>'

Build succeeded.
Compilation from IR - skipping loading of FCL

warning: [RetryManager] Start recompilation of the kernel
in kernel: 'typeinfo name for cutlass::gemm::kernel::GemmUniversal<cute::tuple<int, int, int, int>, cutlass::gemm::collective::CollectiveMma<cutlass::gemm::MainloopIntelXeXMX16<2, cutlass::gemm::KernelXe>, cute::tuple<cute::C<256>, cute::C<256>, cute::C<32>>, cutlass::bfloat16_t, cute::tuple<long, cute::C<1>, long>, cutlass::bfloat16_t, cute::tuple<long, cute::C<1>, cute::C<0>>, cute::TiledMMA<cute::MMA_Atom<cute::XE_8x16x16_F32BF16BF16F32_TT>, cute::Layout<cute::tuple<cute::C<8>, cute::C<4>, cute::C<1>>, cute::tuple<cute::C<4>, cute::C<1>, cute::C<0>>>, cute::tuple<cute::Layout<cute::tuple<cute::C<8>, cute::C<8>, cute::C<4>>, cute::tuple<cute::C<1>, cute::C<32>, cute::C<8>>>, cute::Layout<cute::tuple<cute::C<16>, cute::C<4>, cute::C<4>>, cute::tuple<cute::C<1>, cute::C<64>, cute::C<16>>>, cute::Layout<cute::C<32>, cute::C<1>>> const>, cute::XE_2D_U16x32x32_LD_N, void, void, cute::identity, cute::XE_2D_U16x16x16_LD_T, void, void, cute::identity>, cutlass::epilogue::collective::CollectiveEpilogue<cutlass::epilogue::IntelXeXMX16, cute::tuple<cute::C<256>, cute::C<256>, cute::C<32>>, float, cute::tuple<long, cute::C<1>, long>, float, cute::tuple<long, cute::C<1>, long>, cutlass::epilogue::fusion::FusionCallbacks<cutlass::epilogue::IntelXeXMX16, cutlass::epilogue::fusion::LinCombPerColBias<float, float, float, float, float, 4, (cutlass::FloatRoundStyle)2>, cute::tuple<cute::C<256>, cute::C<256>, cute::C<32>>, cute::tuple<cute::C<256>, cute::C<256>, cute::C<32>>>, cute::XE_2D_U32x8x16_LD_N, void, void, cute::XE_2D_U32x8x16_ST_N, void, void>, void, void>'

warning: kernel _ZTSN7cutlass4gemm6kernel13GemmUniversalIN4cute5tupleIJiiiiEEENS0_10collective13CollectiveMmaINS0_20MainloopIntelXeXMX16ILi2ENS0_8KernelXeEEENS4_IJNS3_1CILi256EEESC_NSB_ILi32EEEEEENS_10bfloat16_tENS4_IJlNSB_ILi1EEElEEESF_NS4_IJlSG_NSB_ILi0EEEEEENS3_8TiledMMAINS3_8MMA_AtomIJNS3_28XE_8x16x16_F32BF16BF16F32_TTEEEENS3_6LayoutINS4_IJNSB_ILi8EEENSB_ILi4EEESG_EEENS4_IJSQ_SG_SI_EEEEEKNS4_IJNSO_INS4_IJSP_SP_SQ_EEENS4_IJSG_SD_SP_EEEEENSO_INS4_IJNSB_ILi16EEESQ_SQ_EEENS4_IJSG_NSB_ILi64EEESX_EEEEENSO_ISD_SG_EEEEEEENS3_20XE_2D_U16x32x32_LD_NEvvNS3_8identityENS3_20XE_2D_U16x16x16_LD_TEvvS17_EENS_8epilogue10collective18CollectiveEpilogueINS1A_12IntelXeXMX16EJSE_fSH_fSH_NS1A_6fusion15FusionCallbacksIS1D_NS1E_17LinCombPerColBiasIfffffLi4ELNS_15FloatRoundStyleE2EEESE_SE_JEEENS3_19XE_2D_U32x8x16_LD_NEvvNS3_19XE_2D_U32x8x16_ST_NEvvEEEvvEE  compiled SIMD16 allocated 128 regs and spilled around 160

Build succeeded.
[430/738] Building CXX object examples/09_bmg_grouped_gemm_f8/legacy/CMakeFiles/09_bmg_grouped_gemm_f8_legacy.dir/09_bmg_grouped_gemm_f8.cpp.o
[431/738] Building CXX object examples/08_bmg_gemm_f8/CMakeFiles/08_bmg_gemm_f8.dir/08_bmg_gemm_f8.cpp.o
[432/738] Building CXX object test/unit/gemm/device/CMakeFiles/cutlass_test_unit_gemm_device_unified_tests.dir/gemm_universal_fp_scaling.cpp.o
[433/738] Building CXX object test/unit/gemm/device/CMakeFiles/cutlass_test_unit_gemm_device_mixed_input_tensorop_xe.dir/gemm_universal_f16t_s4t_f32t_mixed_input_tensor_op_f32_xe.cpp.o
[434/738] Building CXX object examples/02_bmg_gemm_mixed_dtype/CMakeFiles/02_bmg_gemm_f16_u4_f16.dir/02_bmg_gemm_f16_u4_f16.cpp.o
[435/738] Linking CXX executable examples/05_bmg_gemm_with_epilogues/05_bmg_gemm_with_per_row_bias
Compilation from IR - skipping loading of FCL

warning: [RetryManager] Start recompilation of the kernel
in kernel: 'typeinfo name for cutlass::reference::device::GemmComplexKernelName<cutlass::bfloat16_t, cutlass::layout::RowMajor, cutlass::bfloat16_t, cutlass::layout::RowMajor, float, cutlass::layout::RowMajor, float, float, float, cutlass::layout::RowMajor, cutlass::NumericConverter<float, float, (cutlass::FloatRoundStyle)2>, cutlass::multiply_add<float, float, float>>'

Build succeeded.
Compilation from IR - skipping loading of FCL

warning: [RetryManager] Start recompilation of the kernel
in kernel: 'typeinfo name for cutlass::gemm::kernel::GemmUniversal<cute::tuple<int, int, int, int>, cutlass::gemm::collective::CollectiveMma<cutlass::gemm::MainloopIntelXeXMX16<2, cutlass::gemm::KernelXe>, cute::tuple<cute::C<256>, cute::C<256>, cute::C<32>>, cutlass::bfloat16_t, cute::tuple<long, cute::C<1>, long>, cutlass::bfloat16_t, cute::tuple<cute::C<1>, long, long>, cute::TiledMMA<cute::MMA_Atom<cute::XE_8x16x16_F32BF16BF16F32_TT>, cute::Layout<cute::tuple<cute::C<8>, cute::C<4>, cute::C<1>>, cute::tuple<cute::C<4>, cute::C<1>, cute::C<0>>>, cute::tuple<cute::Layout<cute::tuple<cute::C<8>, cute::C<8>, cute::C<4>>, cute::tuple<cute::C<1>, cute::C<32>, cute::C<8>>>, cute::Layout<cute::tuple<cute::C<16>, cute::C<4>, cute::C<4>>, cute::tuple<cute::C<1>, cute::C<64>, cute::C<16>>>, cute::Layout<cute::C<32>, cute::C<1>>> const>, cute::XE_2D_U16x32x32_LD_N, void, void, cute::identity, cute::XE_2D_U16x32x32_LD_V, void, void, cute::identity>, cutlass::epilogue::collective::CollectiveEpilogue<cutlass::epilogue::IntelXeXMX16, cute::tuple<cute::C<256>, cute::C<256>, cute::C<32>>, float, cute::tuple<long, cute::C<1>, long>, float, cute::tuple<long, cute::C<1>, long>, cutlass::epilogue::fusion::FusionCallbacks<cutlass::epilogue::IntelXeXMX16, cutlass::epilogue::fusion::LinCombPerRowBias<float, float, float, float, float, 4, (cutlass::FloatRoundStyle)2>, cute::tuple<cute::C<256>, cute::C<256>, cute::C<32>>, cute::tuple<cute::C<256>, cute::C<256>, cute::C<32>>>, cute::XE_2D_U32x8x16_LD_N, void, void, cute::XE_2D_U32x8x16_ST_N, void, void>, void, void>'

warning: kernel _ZTSN7cutlass4gemm6kernel13GemmUniversalIN4cute5tupleIJiiiiEEENS0_10collective13CollectiveMmaINS0_20MainloopIntelXeXMX16ILi2ENS0_8KernelXeEEENS4_IJNS3_1CILi256EEESC_NSB_ILi32EEEEEENS_10bfloat16_tENS4_IJlNSB_ILi1EEElEEESF_NS4_IJSG_llEEENS3_8TiledMMAINS3_8MMA_AtomIJNS3_28XE_8x16x16_F32BF16BF16F32_TTEEEENS3_6LayoutINS4_IJNSB_ILi8EEENSB_ILi4EEESG_EEENS4_IJSP_SG_NSB_ILi0EEEEEEEEKNS4_IJNSN_INS4_IJSO_SO_SP_EEENS4_IJSG_SD_SO_EEEEENSN_INS4_IJNSB_ILi16EEESP_SP_EEENS4_IJSG_NSB_ILi64EEESX_EEEEENSN_ISD_SG_EEEEEEENS3_20XE_2D_U16x32x32_LD_NEvvNS3_8identityENS3_20XE_2D_U16x32x32_LD_VEvvS17_EENS_8epilogue10collective18CollectiveEpilogueINS1A_12IntelXeXMX16EJSE_fSH_fSH_NS1A_6fusion15FusionCallbacksIS1D_NS1E_17LinCombPerRowBiasIfffffLi4ELNS_15FloatRoundStyleE2EEESE_SE_JEEENS3_19XE_2D_U32x8x16_LD_NEvvNS3_19XE_2D_U32x8x16_ST_NEvvEEEvvEE  compiled SIMD16 allocated 128 regs and spilled around 128

Build succeeded.
[436/738] Building CXX object examples/cute/tutorial/CMakeFiles/cute_tutorial_bmg.dir/bgemm_bmg_legacy.cpp.o
[437/738] Linking CXX executable examples/02_bmg_gemm_mixed_dtype/02_bmg_gemm_f16_u4_f16
Compilation from IR - skipping loading of FCL
Build succeeded.
Compilation from IR - skipping loading of FCL

warning: [RetryManager] Start recompilation of the kernel
in kernel: 'typeinfo name for cutlass::gemm::kernel::GemmUniversal<cute::tuple<int, int, int, int>, cutlass::gemm::collective::CollectiveMma<cutlass::gemm::MainloopXeL1Staged<3, cutlass::gemm::KernelXe>, cute::tuple<cute::C<256>, cute::C<256>, cute::C<32>>, cutlass::half_t, cute::tuple<long, cute::C<1>, long>, cutlass::half_t, cute::tuple<long, cute::C<1>, long>, cute::TiledMMA<cute::MMA_Atom<cute::XE_DPAS_TT<8, float, cutlass::half_t, cutlass::half_t, float>>, cute::Layout<cute::tuple<cute::C<8>, cute::C<4>, cute::C<1>>, cute::tuple<cute::C<4>, cute::C<1>, cute::C<0>>>, cute::tuple<cute::Layout<cute::tuple<cute::C<8>, cute::C<8>, cute::C<4>>, cute::tuple<cute::C<1>, cute::C<32>, cute::C<8>>>, cute::Layout<cute::tuple<cute::C<16>, cute::C<4>, cute::C<4>>, cute::tuple<cute::C<1>, cute::C<64>, cute::C<16>>>, cute::Layout<cute::C<32>, cute::C<1>>> const>, void, void, void, cute::identity, void, void, void, cute::identity>, cutlass::epilogue::collective::CollectiveEpilogue<cutlass::epilogue::IntelXeGeneric, cute::tuple<cute::C<256>, cute::C<256>, cute::C<32>>, void, float, cute::tuple<long, cute::C<1>, long>, cutlass::half_t, cute::tuple<long, cute::C<1>, long>, cutlass::epilogue::fusion::FusionCallbacks<cutlass::epilogue::IntelXeGeneric, cutlass::epilogue::fusion::LinearCombination<float, float, float, float, (cutlass::FloatRoundStyle)2>, cute::tuple<cute::C<256>, cute::C<256>, cute::C<32>>, cute::tuple<cute::C<256>, cute::C<256>, cute::C<32>>>, void, void>, void, void>'

warning: kernel _ZTSN7cutlass4gemm6kernel13GemmUniversalIN4cute5tupleIJiiiiEEENS0_10collective13CollectiveMmaINS0_18MainloopXeL1StagedILi3ENS0_8KernelXeEEENS4_IJNS3_1CILi256EEESC_NSB_ILi32EEEEEENS_6half_tENS4_IJlNSB_ILi1EEElEEESF_SH_NS3_8TiledMMAINS3_8MMA_AtomIJNS3_10XE_DPAS_TTILi8EfSF_SF_fEEEEENS3_6LayoutINS4_IJNSB_ILi8EEENSB_ILi4EEESG_EEENS4_IJSP_SG_NSB_ILi0EEEEEEEEKNS4_IJNSN_INS4_IJSO_SO_SP_EEENS4_IJSG_SD_SO_EEEEENSN_INS4_IJNSB_ILi16EEESP_SP_EEENS4_IJSG_NSB_ILi64EEESX_EEEEENSN_ISD_SG_EEEEEEEvvvNS3_8identityEvvvS16_EENS_8epilogue10collective18CollectiveEpilogueINS18_14IntelXeGenericEJSE_vfSH_SF_SH_NS18_6fusion15FusionCallbacksIS1B_NS1C_17LinearCombinationIffffLNS_15FloatRoundStyleE2EEESE_SE_JEEEvvEEEvvEE  compiled SIMD16 allocated 128 regs and spilled around 142

Build succeeded.
Compilation from IR - skipping loading of FCL
Build succeeded.
[438/738] Linking CXX executable examples/08_bmg_gemm_f8/08_bmg_gemm_f8
warning: Undefined function _Z44intel_sub_group_2d_block_prefetch_8b_8r32x2cPU3AS1viiiDv2_i found in /tmp/icpx-2bf6656235/08_bmg_gemm_f8-54b97a.bc. This may result in runtime errors.
warning: Undefined function _Z44intel_sub_group_2d_block_prefetch_8b_4r32x2cPU3AS1viiiDv2_i found in /tmp/icpx-2bf6656235/08_bmg_gemm_f8-54b97a.bc. This may result in runtime errors.
Compilation from IR - skipping loading of FCL

warning: [RetryManager] Start recompilation of the kernel
in kernel: 'typeinfo name for cutlass::reference::device::GemmComplexKernelName<cutlass::half_t, cutlass::layout::RowMajor, cutlass::half_t, cutlass::layout::RowMajor, float, cutlass::layout::RowMajor, float, float, float, cutlass::layout::RowMajor, cutlass::NumericConverter<float, float, (cutlass::FloatRoundStyle)2>, cutlass::multiply_add<float, float, float>>'

Build succeeded.
Compilation from IR - skipping loading of FCL
Build succeeded.
Compilation from IR - skipping loading of FCL

warning: [RetryManager] Start recompilation of the kernel
in kernel: 'typeinfo name for cutlass::gemm::kernel::GemmUniversal<cute::tuple<int, int, int, int>, cutlass::gemm::collective::CollectiveMma<cutlass::gemm::MainloopIntelW8A8<2, cutlass::gemm::KernelXe>, cute::tuple<cute::C<256>, cute::C<256>, cute::C<32>>, cutlass::float_e5m2_t, cute::tuple<long, cute::C<1>, long>, cutlass::float_e5m2_t, cute::tuple<cute::C<1>, long, long>, cute::TiledMMA<cute::MMA_Atom<cute::XE_8x16x16_F32F16F16F32_TT>, cute::Layout<cute::tuple<cute::C<8>, cute::C<4>, cute::C<1>>, cute::tuple<cute::C<4>, cute::C<1>, cute::C<0>>>, cute::tuple<cute::Layout<cute::tuple<cute::C<8>, cute::C<8>, cute::C<4>>, cute::tuple<cute::C<1>, cute::C<32>, cute::C<8>>>, cute::Layout<cute::tuple<cute::C<16>, cute::C<4>, cute::C<4>>, cute::tuple<cute::C<1>, cute::C<64>, cute::C<16>>>, cute::Layout<cute::C<32>, cute::C<1>>> const>, cute::XE_2D_U8x32x32_LD_N, void, void, cute::identity, cute::XE_2D_U8x32x32_LD_V, void, void, cute::identity>, cutlass::epilogue::collective::CollectiveEpilogue<cutlass::epilogue::IntelXeXMX16, cute::tuple<cute::C<256>, cute::C<256>, cute::C<32>>, float, cute::tuple<long, cute::C<1>, long>, float, cute::tuple<long, cute::C<1>, long>, cutlass::epilogue::fusion::FusionCallbacks<cutlass::epilogue::IntelXeXMX16, cutlass::epilogue::fusion::LinearCombination<float, float, float, float, (cutlass::FloatRoundStyle)2>, cute::tuple<cute::C<256>, cute::C<256>, cute::C<32>>, cute::tuple<cute::C<256>, cute::C<256>, cute::C<32>>>, cute::XE_2D_U32x8x16_LD_N, void, void, cute::XE_2D_U32x8x16_ST_N, void, void>, void, void>'

warning: kernel _ZTSN7cutlass4gemm6kernel13GemmUniversalIN4cute5tupleIJiiiiEEENS0_10collective13CollectiveMmaINS0_17MainloopIntelW8A8ILi2ENS0_8KernelXeEEENS4_IJNS3_1CILi256EEESC_NSB_ILi32EEEEEENS_12float_e5m2_tENS4_IJlNSB_ILi1EEElEEESF_NS4_IJSG_llEEENS3_8TiledMMAINS3_8MMA_AtomIJNS3_26XE_8x16x16_F32F16F16F32_TTEEEENS3_6LayoutINS4_IJNSB_ILi8EEENSB_ILi4EEESG_EEENS4_IJSP_SG_NSB_ILi0EEEEEEEEKNS4_IJNSN_INS4_IJSO_SO_SP_EEENS4_IJSG_SD_SO_EEEEENSN_INS4_IJNSB_ILi16EEESP_SP_EEENS4_IJSG_NSB_ILi64EEESX_EEEEENSN_ISD_SG_EEEEEEENS3_19XE_2D_U8x32x32_LD_NEvvNS3_8identityENS3_19XE_2D_U8x32x32_LD_VEvvS17_EENS_8epilogue10collective18CollectiveEpilogueINS1A_12IntelXeXMX16EJSE_fSH_fSH_NS1A_6fusion15FusionCallbacksIS1D_NS1E_17LinearCombinationIffffLNS_15FloatRoundStyleE2EEESE_SE_JEEENS3_19XE_2D_U32x8x16_LD_NEvvNS3_19XE_2D_U32x8x16_ST_NEvvEEEvvEE  compiled SIMD16 allocated 128 regs and spilled around 154

warning: kernel _ZTSN7cutlass4gemm6kernel13GemmUniversalIN4cute5tupleIJiiiiEEENS0_10collective13CollectiveMmaINS0_17MainloopIntelW8A8ILi2ENS0_8KernelXeEEENS4_IJNS3_1CILi256EEESC_NSB_ILi32EEEEEENS_12float_e4m3_tENS4_IJlNSB_ILi1EEElEEESF_NS4_IJSG_llEEENS3_8TiledMMAINS3_8MMA_AtomIJNS3_26XE_8x16x16_F32F16F16F32_TTEEEENS3_6LayoutINS4_IJNSB_ILi8EEENSB_ILi4EEESG_EEENS4_IJSP_SG_NSB_ILi0EEEEEEEEKNS4_IJNSN_INS4_IJSO_SO_SP_EEENS4_IJSG_SD_SO_EEEEENSN_INS4_IJNSB_ILi16EEESP_SP_EEENS4_IJSG_NSB_ILi64EEESX_EEEEENSN_ISD_SG_EEEEEEENS3_19XE_2D_U8x32x32_LD_NEvvNS3_8identityENS3_19XE_2D_U8x32x32_LD_VEvvS17_EENS_8epilogue10collective18CollectiveEpilogueINS1A_12IntelXeXMX16EJSE_fSH_fSH_NS1A_6fusion15FusionCallbacksIS1D_NS1E_17LinearCombinationIffffLNS_15FloatRoundStyleE2EEESE_SE_JEEENS3_19XE_2D_U32x8x16_LD_NEvvNS3_19XE_2D_U32x8x16_ST_NEvvEEEvvEE  compiled SIMD16 allocated 128 regs and spilled around 154

Build succeeded.
[439/738] Building CXX object examples/05_bmg_gemm_with_epilogues/legacy/CMakeFiles/05_bmg_gemm_with_epilogue_lincombperrowbiaseltactaux_legacy.dir/05_bmg_gemm_with_epilogue_lincombperrowbiaseltactaux.cpp.o
[440/738] Linking CXX executable examples/09_bmg_grouped_gemm_f8/legacy/09_bmg_grouped_gemm_f8_legacy
warning: Undefined function _Z44intel_sub_group_2d_block_prefetch_8b_8r32x2cPU3AS1viiiDv2_i found in /tmp/icpx-21db597c36/09_bmg_grouped_gemm_f8-f05556.bc. This may result in runtime errors.
warning: Undefined function _Z44intel_sub_group_2d_block_prefetch_8b_4r32x2cPU3AS1viiiDv2_i found in /tmp/icpx-21db597c36/09_bmg_grouped_gemm_f8-f05556.bc. This may result in runtime errors.
Compilation from IR - skipping loading of FCL

warning: [RetryManager] Start recompilation of the kernel
in kernel: 'typeinfo name for cutlass::reference::device::GemmComplexKernelName<cutlass::half_t, cutlass::layout::RowMajor, cutlass::half_t, cutlass::layout::RowMajor, float, cutlass::layout::RowMajor, float, float, float, cutlass::layout::RowMajor, cutlass::NumericConverter<float, float, (cutlass::FloatRoundStyle)2>, cutlass::multiply_add<float, float, float>>'

Build succeeded.
Compilation from IR - skipping loading of FCL
Build succeeded.
Compilation from IR - skipping loading of FCL

warning: [RetryManager] Start recompilation of the kernel
in kernel: 'typeinfo name for cutlass::gemm::kernel::GemmUniversal<cutlass::gemm::GroupProblemShape<cute::tuple<int, int, int>>, cutlass::gemm::collective::CollectiveMma<cutlass::gemm::MainloopIntelXeXMX16GroupFP8<2, cutlass::gemm::KernelXePtrArrayCooperative>, cute::tuple<cute::C<256>, cute::C<256>, cute::C<32>>, cutlass::float_e5m2_t, cute::tuple<long, cute::C<1>, cute::C<0>>*, cutlass::float_e5m2_t, cute::tuple<cute::C<1>, long, cute::C<0>>*, cute::TiledMMA<cute::MMA_Atom<cute::XE_8x16x16_F32F16F16F32_TT>, cute::Layout<cute::tuple<cute::C<8>, cute::C<4>, cute::C<1>>, cute::tuple<cute::C<4>, cute::C<1>, cute::C<0>>>, cute::tuple<cute::Layout<cute::tuple<cute::C<8>, cute::C<8>, cute::C<4>>, cute::tuple<cute::C<1>, cute::C<32>, cute::C<8>>>, cute::Layout<cute::tuple<cute::C<16>, cute::C<4>, cute::C<4>>, cute::tuple<cute::C<1>, cute::C<64>, cute::C<16>>>, cute::Layout<cute::C<32>, cute::C<1>>> const>, cute::XE_2D_U8x32x32_LD_V, void, void, cute::identity, cute::XE_2D_U8x32x32_LD_V, void, void, cute::identity>, cutlass::epilogue::collective::CollectiveEpilogue<cutlass::epilogue::IntelXeXMX16Group, cute::tuple<cute::C<256>, cute::C<256>, cute::C<32>>, float, cute::tuple<long, cute::C<1>, cute::C<0>>*, float, cute::tuple<long, cute::C<1>, cute::C<0>>*, cutlass::epilogue::fusion::FusionCallbacks<cutlass::epilogue::IntelXeXMX16Group, cutlass::epilogue::fusion::LinearCombination<float, float, float, float, (cutlass::FloatRoundStyle)2>, cute::tuple<cute::C<256>, cute::C<256>, cute::C<32>>, cute::tuple<cute::C<256>, cute::C<256>, cute::C<32>>>, cute::XE_2D_U32x8x16_LD_N, void, void, cute::XE_2D_U32x8x16_ST_N, void, void>, cutlass::gemm::GroupScheduler, void>'

warning: kernel _ZTSN7cutlass4gemm6kernel13GemmUniversalINS0_17GroupProblemShapeIN4cute5tupleIJiiiEEEEENS0_10collective13CollectiveMmaINS0_28MainloopIntelXeXMX16GroupFP8ILi2ENS0_27KernelXePtrArrayCooperativeEEENS5_IJNS4_1CILi256EEESE_NSD_ILi32EEEEEENS_12float_e4m3_tEPNS5_IJlNSD_ILi1EEENSD_ILi0EEEEEESH_PNS5_IJSI_lSJ_EEENS4_8TiledMMAINS4_8MMA_AtomIJNS4_26XE_8x16x16_F32F16F16F32_TTEEEENS4_6LayoutINS5_IJNSD_ILi8EEENSD_ILi4EEESI_EEENS5_IJSU_SI_SJ_EEEEEKNS5_IJNSS_INS5_IJST_ST_SU_EEENS5_IJSI_SF_ST_EEEEENSS_INS5_IJNSD_ILi16EEESU_SU_EEENS5_IJSI_NSD_ILi64EEES11_EEEEENSS_ISF_SI_EEEEEEENS4_19XE_2D_U8x32x32_LD_VEvvNS4_8identityES1A_vvS1B_EENS_8epilogue10collective18CollectiveEpilogueINS1D_17IntelXeXMX16GroupEJSG_fSL_fSL_NS1D_6fusion15FusionCallbacksIS1G_NS1H_17LinearCombinationIffffLNS_15FloatRoundStyleE2EEESG_SG_JEEENS4_19XE_2D_U32x8x16_LD_NEvvNS4_19XE_2D_U32x8x16_ST_NEvvEEENS0_14GroupSchedulerEvEE  compiled SIMD16 allocated 128 regs and spilled around 218

warning: kernel _ZTSN7cutlass4gemm6kernel13GemmUniversalINS0_17GroupProblemShapeIN4cute5tupleIJiiiEEEEENS0_10collective13CollectiveMmaINS0_28MainloopIntelXeXMX16GroupFP8ILi2ENS0_27KernelXePtrArrayCooperativeEEENS5_IJNS4_1CILi256EEESE_NSD_ILi32EEEEEENS_12float_e5m2_tEPNS5_IJlNSD_ILi1EEENSD_ILi0EEEEEESH_PNS5_IJSI_lSJ_EEENS4_8TiledMMAINS4_8MMA_AtomIJNS4_26XE_8x16x16_F32F16F16F32_TTEEEENS4_6LayoutINS5_IJNSD_ILi8EEENSD_ILi4EEESI_EEENS5_IJSU_SI_SJ_EEEEEKNS5_IJNSS_INS5_IJST_ST_SU_EEENS5_IJSI_SF_ST_EEEEENSS_INS5_IJNSD_ILi16EEESU_SU_EEENS5_IJSI_NSD_ILi64EEES11_EEEEENSS_ISF_SI_EEEEEEENS4_19XE_2D_U8x32x32_LD_VEvvNS4_8identityES1A_vvS1B_EENS_8epilogue10collective18CollectiveEpilogueINS1D_17IntelXeXMX16GroupEJSG_fSL_fSL_NS1D_6fusion15FusionCallbacksIS1G_NS1H_17LinearCombinationIffffLNS_15FloatRoundStyleE2EEESG_SG_JEEENS4_19XE_2D_U32x8x16_LD_NEvvNS4_19XE_2D_U32x8x16_ST_NEvvEEENS0_14GroupSchedulerEvEE  compiled SIMD16 allocated 128 regs and spilled around 213

Build succeeded.
[441/738] Building CXX object examples/12_xe20_moe_gemm_cute_interface/CMakeFiles/12_xe20_moe_gemm_cute_interface.dir/12_xe20_moe_gemm_cute_interface.cpp.o
[442/738] Building CXX object test/unit/gemm/device/CMakeFiles/cutlass_test_unit_gemm_device_unified_tests.dir/gemm_universal_lincomb_per_rowbias_eltact.cpp.o
[443/738] Linking CXX executable examples/05_bmg_gemm_with_epilogues/legacy/05_bmg_gemm_with_epilogue_lincombperrowbiaseltactaux_legacy
Compilation from IR - skipping loading of FCL

warning: [RetryManager] Start recompilation of the kernel
in kernel: 'typeinfo name for cutlass::reference::device::GemmComplexKernelName<cutlass::bfloat16_t, cutlass::layout::RowMajor, cutlass::bfloat16_t, cutlass::layout::RowMajor, float, cutlass::layout::RowMajor, float, float, float, cutlass::layout::RowMajor, cutlass::NumericConverter<float, float, (cutlass::FloatRoundStyle)2>, cutlass::multiply_add<float, float, float>>'

Build succeeded.
Compilation from IR - skipping loading of FCL

warning: [RetryManager] Start recompilation of the kernel
in kernel: 'typeinfo name for cutlass::gemm::kernel::GemmUniversal<cute::tuple<int, int, int, int>, cutlass::gemm::collective::CollectiveMma<cutlass::gemm::MainloopIntelXeXMX16<2, cutlass::gemm::KernelXe>, cute::tuple<cute::C<256>, cute::C<256>, cute::C<32>>, cutlass::bfloat16_t, cute::tuple<long, cute::C<1>, long>, cutlass::bfloat16_t, cute::tuple<cute::C<1>, long, long>, cute::TiledMMA<cute::MMA_Atom<cute::XE_8x16x16_F32BF16BF16F32_TT>, cute::Layout<cute::tuple<cute::C<8>, cute::C<4>, cute::C<1>>, cute::tuple<cute::C<4>, cute::C<1>, cute::C<0>>>, cute::tuple<cute::Layout<cute::tuple<cute::C<8>, cute::C<8>, cute::C<4>>, cute::tuple<cute::C<1>, cute::C<32>, cute::C<8>>>, cute::Layout<cute::tuple<cute::C<16>, cute::C<4>, cute::C<4>>, cute::tuple<cute::C<1>, cute::C<64>, cute::C<16>>>, cute::Layout<cute::C<32>, cute::C<1>>> const>, cute::XE_2D_U16x32x32_LD_N, void, void, cute::identity, cute::XE_2D_U16x32x32_LD_V, void, void, cute::identity>, cutlass::epilogue::collective::CollectiveEpilogue<cutlass::epilogue::IntelXeXMX16, cute::tuple<cute::C<256>, cute::C<256>, cute::C<32>>, float, cute::tuple<long, cute::C<1>, long>, float, cute::tuple<long, cute::C<1>, long>, cutlass::epilogue::fusion::FusionCallbacks<cutlass::epilogue::IntelXeXMX16, cutlass::epilogue::fusion::LinCombPerRowBiasEltActAux<cutlass::layout::RowMajor, cutlass::epilogue::thread::ReLu, float, float, float, float, float, float, 4, 4, (cutlass::FloatRoundStyle)2>, cute::tuple<cute::C<256>, cute::C<256>, cute::C<32>>, cute::tuple<cute::C<256>, cute::C<256>, cute::C<32>>, cute::XE_2D_U32x8x16_ST_N>, cute::XE_2D_U32x8x16_LD_N, void, void, cute::XE_2D_U32x8x16_ST_N, void, void>, void, void>'

warning: kernel _ZTSN7cutlass4gemm6kernel13GemmUniversalIN4cute5tupleIJiiiiEEENS0_10collective13CollectiveMmaINS0_20MainloopIntelXeXMX16ILi2ENS0_8KernelXeEEENS4_IJNS3_1CILi256EEESC_NSB_ILi32EEEEEENS_10bfloat16_tENS4_IJlNSB_ILi1EEElEEESF_NS4_IJSG_llEEENS3_8TiledMMAINS3_8MMA_AtomIJNS3_28XE_8x16x16_F32BF16BF16F32_TTEEEENS3_6LayoutINS4_IJNSB_ILi8EEENSB_ILi4EEESG_EEENS4_IJSP_SG_NSB_ILi0EEEEEEEEKNS4_IJNSN_INS4_IJSO_SO_SP_EEENS4_IJSG_SD_SO_EEEEENSN_INS4_IJNSB_ILi16EEESP_SP_EEENS4_IJSG_NSB_ILi64EEESX_EEEEENSN_ISD_SG_EEEEEEENS3_20XE_2D_U16x32x32_LD_NEvvNS3_8identityENS3_20XE_2D_U16x32x32_LD_VEvvS17_EENS_8epilogue10collective18CollectiveEpilogueINS1A_12IntelXeXMX16EJSE_fSH_fSH_NS1A_6fusion15FusionCallbacksIS1D_NS1E_26LinCombPerRowBiasEltActAuxINS_6layout8RowMajorENS1A_6thread4ReLuEffffffLi4ELi4ELNS_15FloatRoundStyleE2EEESE_SE_JNS3_19XE_2D_U32x8x16_ST_NEEEENS3_19XE_2D_U32x8x16_LD_NEvvS1N_vvEEEvvEE  compiled SIMD16 allocated 128 regs and spilled around 144

Build succeeded.
[444/738] Linking CXX executable examples/cute/tutorial/cute_tutorial_bmg
Compilation from IR - skipping loading of FCL

warning: [RetryManager] Start recompilation of the kernel
in kernel: 'typeinfo name for cutlass::reference::device::GemmComplexKernelName<cutlass::bfloat16_t const, cutlass::layout::RowMajor, cutlass::bfloat16_t const, cutlass::layout::ColumnMajor, float, cutlass::layout::RowMajor, float, float, float, cutlass::layout::RowMajor, cutlass::NumericConverter<float, float, (cutlass::FloatRoundStyle)2>, cutlass::multiply_add<float, float, float>>'

Build succeeded.
Compilation from IR - skipping loading of FCL

warning: [RetryManager] Start recompilation of the kernel
in kernel: 'typeinfo name for GemmDeviceName<cute::tuple<int, int, int, int>, cute::tuple<cute::C<256>, cute::C<256>, cute::C<32>>, cutlass::bfloat16_t, cute::tuple<cute::C<1>, int>, cute::TiledCopy<cute::Copy_Atom<cute::Copy_Traits<cute::XE_2D_U16x16x16_LD_T, cute::tuple<cute::C<1>, int>>, cutlass::bfloat16_t>, cute::Layout<cute::tuple<cute::C<16>, cute::C<16>>, cute::tuple<cute::C<16>, cute::C<1>>>, cute::tuple<cute::C<16>, cute::C<16>>>, cutlass::bfloat16_t, cute::tuple<cute::C<1>, int>, cute::TiledCopy<cute::Copy_Atom<cute::Copy_Traits<cute::XE_2D_U16x32x32_LD_V, cute::tuple<cute::C<1>, int>>, cutlass::bfloat16_t>, cute::Layout<cute::tuple<cute::C<16>, cute::C<64>>, cute::tuple<cute::C<64>, cute::C<1>>>, cute::tuple<cute::C<32>, cute::C<32>>>, float, cute::tuple<int, cute::C<1>>, cute::TiledCopy<cute::Copy_Atom<cute::Copy_Traits<cute::XE_2D_U32x8x16_ST_N, cute::tuple<int, cute::C<1>>>, float>, cute::Layout<cute::tuple<cute::C<16>, cute::C<8>>, cute::tuple<cute::C<8>, cute::C<1>>>, cute::tuple<cute::C<8>, cute::C<16>>>, cute::TiledMMA<cute::MMA_Atom<cute::XE_8x16x16_F32BF16BF16F32_TT>, cute::Layout<cute::tuple<cute::C<8>, cute::C<4>, cute::C<1>>, cute::tuple<cute::C<4>, cute::C<1>, cute::C<0>>>, cute::tuple<cute::Layout<cute::tuple<cute::C<8>, cute::C<8>, cute::C<4>>, cute::tuple<cute::C<1>, cute::C<32>, cute::C<8>>>, cute::Layout<cute::tuple<cute::C<16>, cute::C<4>, cute::C<4>>, cute::tuple<cute::C<1>, cute::C<64>, cute::C<16>>>, cute::Layout<cute::C<32>, cute::C<1>>> const>, float, float>'

warning: kernel _ZTS14GemmDeviceNameIJN4cute5tupleIJiiiiEEENS1_IJNS0_1CILi256EEES4_NS3_ILi32EEEEEEN7cutlass10bfloat16_tENS1_IJNS3_ILi1EEEiEEENS0_9TiledCopyINS0_9Copy_AtomIJNS0_11Copy_TraitsINS0_20XE_2D_U16x16x16_LD_TEJSA_EEES8_EEENS0_6LayoutINS1_IJNS3_ILi16EEESI_EEENS1_IJSI_S9_EEEEESJ_EES8_SA_NSB_INSC_IJNSD_INS0_20XE_2D_U16x32x32_LD_VEJSA_EEES8_EEENSH_INS1_IJSI_NS3_ILi64EEEEEENS1_IJSQ_S9_EEEEENS1_IJS5_S5_EEEEEfNS1_IJiS9_EEENSB_INSC_IJNSD_INS0_19XE_2D_U32x8x16_ST_NEJSW_EEEfEEENSH_INS1_IJSI_NS3_ILi8EEEEEENS1_IJS10_S9_EEEEENS1_IJS10_SI_EEEEENS0_8TiledMMAINS0_8MMA_AtomIJNS0_28XE_8x16x16_F32BF16BF16F32_TTEEEENSH_INS1_IJS10_NS3_ILi4EEES9_EEENS1_IJS1A_S9_NS3_ILi0EEEEEEEEKNS1_IJNSH_INS1_IJS10_S10_S1A_EEENS1_IJS9_S5_S10_EEEEENSH_INS1_IJSI_S1A_S1A_EEENS1_IJS9_SQ_SI_EEEEENSH_IS5_S9_EEEEEEEffEE  compiled SIMD16 allocated 128 regs and spilled around 128

warning: kernel _ZTS14GemmDeviceNameIJN4cute5tupleIJiiiiEEENS1_IJNS0_1CILi256EEES4_NS3_ILi32EEEEEEN7cutlass10bfloat16_tENS1_IJiNS3_ILi1EEENS3_ILi0EEEEEENS0_9TiledCopyINS0_9Copy_AtomIJNS0_11Copy_TraitsINS0_20XE_2D_U16x32x32_LD_NEJSB_EEES8_EEENS0_6LayoutINS1_IJNS3_ILi16EEENS3_ILi64EEEEEENS1_IJSK_S9_EEEEENS1_IJS5_S5_EEEEES8_SB_NSC_INSD_IJNSE_INS0_20XE_2D_U16x16x16_LD_TEJSB_EEES8_EEENSI_INS1_IJSJ_SJ_EEENS1_IJSJ_S9_EEEEEST_EEfSB_NSC_INSD_IJNSE_INS0_19XE_2D_U32x8x16_ST_NEJSB_EEEfEEENSI_INS1_IJSJ_NS3_ILi8EEEEEENS1_IJS10_S9_EEEEENS1_IJS10_SJ_EEEEENS0_8TiledMMAINS0_8MMA_AtomIJNS0_28XE_8x16x16_F32BF16BF16F32_TTEEEENSI_INS1_IJS10_NS3_ILi4EEES9_EEENS1_IJS1A_S9_SA_EEEEEKNS1_IJNSI_INS1_IJS10_S10_S1A_EEENS1_IJS9_S5_S10_EEEEENSI_INS1_IJSJ_S1A_S1A_EEENS1_IJS9_SK_SJ_EEEEENSI_IS5_S9_EEEEEEEffEE  compiled SIMD16 allocated 128 regs and spilled around 128

warning: kernel _ZTS14GemmDeviceNameIJN4cute5tupleIJiiiiEEENS1_IJNS0_1CILi256EEES4_NS3_ILi32EEEEEEN7cutlass10bfloat16_tENS1_IJiNS3_ILi1EEEEEENS0_9TiledCopyINS0_9Copy_AtomIJNS0_11Copy_TraitsINS0_20XE_2D_U16x32x32_LD_NEJSA_EEES8_EEENS0_6LayoutINS1_IJNS3_ILi16EEENS3_ILi64EEEEEENS1_IJSJ_S9_EEEEENS1_IJS5_S5_EEEEES8_NS1_IJS9_iEEENSB_INSC_IJNSD_INS0_20XE_2D_U16x32x32_LD_VEJSP_EEES8_EEESM_SN_EEfSA_NSB_INSC_IJNSD_INS0_19XE_2D_U32x8x16_ST_NEJSA_EEEfEEENSH_INS1_IJSI_NS3_ILi8EEEEEENS1_IJSX_S9_EEEEENS1_IJSX_SI_EEEEENS0_8TiledMMAINS0_8MMA_AtomIJNS0_28XE_8x16x16_F32BF16BF16F32_TTEEEENSH_INS1_IJSX_NS3_ILi4EEES9_EEENS1_IJS17_S9_NS3_ILi0EEEEEEEEKNS1_IJNSH_INS1_IJSX_SX_S17_EEENS1_IJS9_S5_SX_EEEEENSH_INS1_IJSI_S17_S17_EEENS1_IJS9_SJ_SI_EEEEENSH_IS5_S9_EEEEEEEffEE  compiled SIMD16 allocated 128 regs and spilled around 122

Build succeeded.
[445/738] Building CXX object test/unit/gemm/device/CMakeFiles/cutlass_test_unit_gemm_device_mixed_input_tensorop_xe.dir/gemm_universal_s8t_bf16n_f32t_mixed_input_tensor_op_f32_xe.cpp.o
[446/738] Linking CXX executable examples/12_xe20_moe_gemm_cute_interface/12_xe20_moe_gemm_cute_interface
Compilation from IR - skipping loading of FCL

warning: [RetryManager] Start recompilation of the kernel
in kernel: 'typeinfo name for GemmCuteName<cutlass::bfloat16_t, cutlass::bfloat16_t, cutlass::bfloat16_t, (char)82, (char)82>'

Build succeeded.
Compilation from IR - skipping loading of FCL

warning: [RetryManager] Start recompilation of the kernel
in kernel: 'typeinfo name for cutlass::reference::device::GemmComplexKernelName<cutlass::bfloat16_t const, cutlass::layout::RowMajor, cutlass::bfloat16_t const, cutlass::layout::RowMajor, cutlass::bfloat16_t, cutlass::layout::RowMajor, double, float, cutlass::bfloat16_t, cutlass::layout::RowMajor, cutlass::NumericConverter<cutlass::bfloat16_t, double, (cutlass::FloatRoundStyle)2>, cutlass::multiply_add<float, float, float>>'

Build succeeded.
Compilation from IR - skipping loading of FCL
Build succeeded.
[447/738] Building CXX object test/unit/gemm/device/CMakeFiles/cutlass_test_unit_gemm_device_tensorop_xe.dir/gemm_universal_fp8_fp8_fp32_tensor_op_f32_xe_models.cpp.o
[448/738] Building CXX object examples/cute/tutorial/CMakeFiles/cute_tutorial_xe_two_gemm_fusion.dir/xe_two_gemm_fusion.cpp.o
[449/738] Building CXX object examples/07_bmg_dual_gemm/CMakeFiles/07_bmg_dual_gemm.dir/07_bmg_dual_gemm.cpp.o
[450/738] Linking CXX executable examples/cute/tutorial/cute_tutorial_xe_two_gemm_fusion
Compilation from IR - skipping loading of FCL
Build succeeded.
Compilation from IR - skipping loading of FCL
Build succeeded.
Compilation from IR - skipping loading of FCL
Build succeeded.
[451/738] Linking CXX executable test/unit/gemm/device/cutlass_test_unit_gemm_device_unified_tests
warning: Undefined function _Z44intel_sub_group_2d_block_prefetch_8b_8r32x2cPU3AS1viiiDv2_i found in /tmp/icpx-833d71a6a4/filter_architecture-038627.bc. This may result in runtime errors.
warning: Undefined function _Z44intel_sub_group_2d_block_prefetch_8b_8r32x2cPU3AS1viiiDv2_i found in /tmp/icpx-833d71a6a4/filter_architecture-038627.bc. This may result in runtime errors.
warning: Undefined function _Z44intel_sub_group_2d_block_prefetch_8b_4r32x2cPU3AS1viiiDv2_i found in /tmp/icpx-833d71a6a4/filter_architecture-038627.bc. This may result in runtime errors.
warning: Undefined function _Z44intel_sub_group_2d_block_prefetch_8b_8r32x2cPU3AS1viiiDv2_i found in /tmp/icpx-833d71a6a4/filter_architecture-038627.bc. This may result in runtime errors.
warning: Undefined function _Z44intel_sub_group_2d_block_prefetch_8b_4r32x2cPU3AS1viiiDv2_i found in /tmp/icpx-833d71a6a4/filter_architecture-038627.bc. This may result in runtime errors.
Compilation from IR - skipping loading of FCL

warning: [RetryManager] Start recompilation of the kernel
in kernel: 'typeinfo name for cutlass::gemm::kernel::GemmUniversal<cutlass::gemm::GroupProblemShape<cute::tuple<int, int, int>>, cutlass::gemm::collective::CollectiveMma<cutlass::gemm::MainloopIntelXeXMX16GroupMixedPrecision<2, cutlass::gemm::KernelXePtrArrayCooperative>, cute::tuple<cute::C<256>, cute::C<256>, cute::C<32>>, cute::tuple<signed char>, cute::tuple<long, cute::C<1>, cute::C<0>>*, cutlass::bfloat16_t, cute::tuple<cute::C<1>, long, cute::C<0>>*, cute::TiledMMA<cute::MMA_Atom<cute::XE_8x16x16_F32BF16BF16F32_TT>, cute::Layout<cute::tuple<cute::C<8>, cute::C<4>, cute::C<1>>, cute::tuple<cute::C<4>, cute::C<1>, cute::C<0>>>, cute::tuple<cute::Layout<cute::tuple<cute::C<8>, cute::C<8>, cute::C<4>>, cute::tuple<cute::C<1>, cute::C<32>, cute::C<8>>>, cute::Layout<cute::tuple<cute::C<16>, cute::C<4>, cute::C<4>>, cute::tuple<cute::C<1>, cute::C<64>, cute::C<16>>>, cute::C<32>>>, cute::XE_2D_U8x32x32_LD_N, void, void, cute::identity, cute::XE_2D_U16x32x32_LD_V, void, void, cute::identity>, cutlass::epilogue::collective::CollectiveEpilogue<cutlass::epilogue::IntelXeXMX16Group, cute::tuple<cute::C<256>, cute::C<256>, cute::C<32>>, float, cute::tuple<long, cute::C<1>, cute::C<0>>*, float, cute::tuple<long, cute::C<1>, cute::C<0>>*, cutlass::epilogue::fusion::FusionCallbacks<cutlass::epilogue::IntelXeXMX16Group, cutlass::epilogue::fusion::LinearCombination<float, float, float, float, (cutlass::FloatRoundStyle)2>, cute::tuple<cute::C<256>, cute::C<256>, cute::C<32>>, cute::tuple<cute::C<256>, cute::C<256>, cute::C<32>>>, cute::XE_2D_U32x8x16_LD_N, void, void, cute::XE_2D_U32x8x16_ST_N, void, void>, cutlass::gemm::GroupScheduler, void>'

warning: kernel _ZTSN7cutlass4gemm6kernel13GemmUniversalINS0_17GroupProblemShapeIN4cute5tupleIJiiiEEEEENS0_10collective13CollectiveMmaINS0_39MainloopIntelXeXMX16GroupMixedPrecisionILi2ENS0_27KernelXePtrArrayCooperativeEEENS5_IJNS4_1CILi256EEESE_NSD_ILi32EEEEEENS5_IJaEEEPNS5_IJlNSD_ILi1EEENSD_ILi0EEEEEENS_10bfloat16_tEPNS5_IJSI_lSJ_EEENS4_8TiledMMAINS4_8MMA_AtomIJNS4_28XE_8x16x16_F32BF16BF16F32_TTEEEENS4_6LayoutINS5_IJNSD_ILi8EEENSD_ILi4EEESI_EEENS5_IJSV_SI_SJ_EEEEENS5_IJNST_INS5_IJSU_SU_SV_EEENS5_IJSI_SF_SU_EEEEENST_INS5_IJNSD_ILi16EEESV_SV_EEENS5_IJSI_NSD_ILi64EEES12_EEEEESF_EEEEENS4_19XE_2D_U8x32x32_LD_NEvvNS4_8identityENS4_20XE_2D_U16x32x32_LD_VEvvS1A_EENS_8epilogue10collective18CollectiveEpilogueINS1D_17IntelXeXMX16GroupEJSG_fSL_fSL_NS1D_6fusion15FusionCallbacksIS1G_NS1H_17LinearCombinationIffffLNS_15FloatRoundStyleE2EEESG_SG_JEEENS4_19XE_2D_U32x8x16_LD_NEvvNS4_19XE_2D_U32x8x16_ST_NEvvEEENS0_14GroupSchedulerEvEE  compiled SIMD16 allocated 128 regs and spilled around 206

Build succeeded.
Compilation from IR - skipping loading of FCL

warning: [RetryManager] Start recompilation of the kernel
in kernel: 'typeinfo name for cutlass::gemm::kernel::GemmUniversal<cutlass::gemm::GroupProblemShape<cute::tuple<int, int, int>>, cutlass::gemm::collective::CollectiveMma<cutlass::gemm::MainloopIntelXeXMX16Group<2, cutlass::gemm::KernelXePtrArrayCooperative>, cute::tuple<cute::C<256>, cute::C<256>, cute::C<32>>, cutlass::bfloat16_t, cute::tuple<long, cute::C<1>, cute::C<0>>*, cutlass::bfloat16_t, cute::tuple<cute::C<1>, long, cute::C<0>>*, cute::TiledMMA<cute::MMA_Atom<cute::XE_8x16x16_F32BF16BF16F32_TT>, cute::Layout<cute::tuple<cute::C<8>, cute::C<4>, cute::C<1>>, cute::tuple<cute::C<4>, cute::C<1>, cute::C<0>>>, cute::tuple<cute::Layout<cute::tuple<cute::C<8>, cute::C<8>, cute::C<4>>, cute::tuple<cute::C<1>, cute::C<32>, cute::C<8>>>, cute::Layout<cute::tuple<cute::C<16>, cute::C<4>, cute::C<4>>, cute::tuple<cute::C<1>, cute::C<64>, cute::C<16>>>, cute::C<32>>>, cute::XE_2D_U16x32x32_LD_N, void, void, cute::identity, cute::XE_2D_U16x32x32_LD_V, void, void, cute::identity>, cutlass::epilogue::collective::CollectiveEpilogue<cutlass::epilogue::IntelXeXMX16Group, cute::tuple<cute::C<256>, cute::C<256>, cute::C<32>>, float, cute::tuple<long, cute::C<1>, cute::C<0>>*, float, cute::tuple<long, cute::C<1>, cute::C<0>>*, cutlass::epilogue::fusion::FusionCallbacks<cutlass::epilogue::IntelXeXMX16Group, cutlass::epilogue::fusion::LinearCombination<float, float, float, float, (cutlass::FloatRoundStyle)2>, cute::tuple<cute::C<256>, cute::C<256>, cute::C<32>>, cute::tuple<cute::C<256>, cute::C<256>, cute::C<32>>>, cute::XE_2D_U32x8x16_LD_N, void, void, cute::XE_2D_U32x8x16_ST_N, void, void>, cutlass::gemm::GroupScheduler, void>'

warning: kernel _ZTSN7cutlass4gemm6kernel13GemmUniversalINS0_17GroupProblemShapeIN4cute5tupleIJiiiEEEEENS0_10collective13CollectiveMmaINS0_25MainloopIntelXeXMX16GroupILi2ENS0_27KernelXePtrArrayCooperativeEEENS5_IJNS4_1CILi256EEESE_NSD_ILi32EEEEEENS_10bfloat16_tEPNS5_IJlNSD_ILi1EEENSD_ILi0EEEEEESH_PNS5_IJSI_lSJ_EEENS4_8TiledMMAINS4_8MMA_AtomIJNS4_28XE_8x16x16_F32BF16BF16F32_TTEEEENS4_6LayoutINS5_IJNSD_ILi8EEENSD_ILi4EEESI_EEENS5_IJSU_SI_SJ_EEEEENS5_IJNSS_INS5_IJST_ST_SU_EEENS5_IJSI_SF_ST_EEEEENSS_INS5_IJNSD_ILi16EEESU_SU_EEENS5_IJSI_NSD_ILi64EEES11_EEEEESF_EEEEENS4_20XE_2D_U16x32x32_LD_NEvvNS4_8identityENS4_20XE_2D_U16x32x32_LD_VEvvS19_EENS_8epilogue10collective18CollectiveEpilogueINS1C_17IntelXeXMX16GroupEJSG_fSL_fSL_NS1C_6fusion15FusionCallbacksIS1F_NS1G_17LinearCombinationIffffLNS_15FloatRoundStyleE2EEESG_SG_JEEENS4_19XE_2D_U32x8x16_LD_NEvvNS4_19XE_2D_U32x8x16_ST_NEvvEEENS0_14GroupSchedulerEvEE  compiled SIMD16 allocated 128 regs and spilled around 179

Build succeeded.
Compilation from IR - skipping loading of FCL

warning: [RetryManager] Start recompilation of the kernel
in kernel: 'typeinfo name for cutlass::gemm::kernel::GemmUniversal<cutlass::gemm::GroupProblemShape<cute::tuple<int, int, int>>, cutlass::gemm::collective::CollectiveMma<cutlass::gemm::MainloopIntelXeXMX16GroupFP8<2, cutlass::gemm::KernelXePtrArrayCooperative>, cute::tuple<cute::C<256>, cute::C<256>, cute::C<32>>, cutlass::float_e4m3_t, cute::tuple<long, cute::C<1>, cute::C<0>>*, cutlass::float_e4m3_t, cute::tuple<cute::C<1>, long, cute::C<0>>*, cute::TiledMMA<cute::MMA_Atom<cute::XE_8x16x16_F32F16F16F32_TT>, cute::Layout<cute::tuple<cute::C<8>, cute::C<4>, cute::C<1>>, cute::tuple<cute::C<4>, cute::C<1>, cute::C<0>>>, cute::tuple<cute::Layout<cute::tuple<cute::C<8>, cute::C<8>, cute::C<4>>, cute::tuple<cute::C<1>, cute::C<32>, cute::C<8>>>, cute::Layout<cute::tuple<cute::C<16>, cute::C<4>, cute::C<4>>, cute::tuple<cute::C<1>, cute::C<64>, cute::C<16>>>, cute::C<32>>>, cute::XE_2D_U8x32x32_LD_N, void, void, cute::identity, cute::XE_2D_U8x32x32_LD_V, void, void, cute::identity>, cutlass::epilogue::collective::CollectiveEpilogue<cutlass::epilogue::IntelXeXMX16Group, cute::tuple<cute::C<256>, cute::C<256>, cute::C<32>>, float, cute::tuple<long, cute::C<1>, cute::C<0>>*, float, cute::tuple<long, cute::C<1>, cute::C<0>>*, cutlass::epilogue::fusion::FusionCallbacks<cutlass::epilogue::IntelXeXMX16Group, cutlass::epilogue::fusion::LinearCombination<float, float, float, float, (cutlass::FloatRoundStyle)2>, cute::tuple<cute::C<256>, cute::C<256>, cute::C<32>>, cute::tuple<cute::C<256>, cute::C<256>, cute::C<32>>>, cute::XE_2D_U32x8x16_LD_N, void, void, cute::XE_2D_U32x8x16_ST_N, void, void>, cutlass::gemm::GroupScheduler, void>'

warning: kernel _ZTSN7cutlass4gemm6kernel13GemmUniversalINS0_17GroupProblemShapeIN4cute5tupleIJiiiEEEEENS0_10collective13CollectiveMmaINS0_28MainloopIntelXeXMX16GroupFP8ILi2ENS0_27KernelXePtrArrayCooperativeEEENS5_IJNS4_1CILi256EEESE_NSD_ILi32EEEEEENS_12float_e4m3_tEPNS5_IJlNSD_ILi1EEENSD_ILi0EEEEEESH_PNS5_IJSI_lSJ_EEENS4_8TiledMMAINS4_8MMA_AtomIJNS4_26XE_8x16x16_F32F16F16F32_TTEEEENS4_6LayoutINS5_IJNSD_ILi8EEENSD_ILi4EEESI_EEENS5_IJSU_SI_SJ_EEEEENS5_IJNSS_INS5_IJST_ST_SU_EEENS5_IJSI_SF_ST_EEEEENSS_INS5_IJNSD_ILi16EEESU_SU_EEENS5_IJSI_NSD_ILi64EEES11_EEEEESF_EEEEENS4_19XE_2D_U8x32x32_LD_NEvvNS4_8identityENS4_19XE_2D_U8x32x32_LD_VEvvS19_EENS_8epilogue10collective18CollectiveEpilogueINS1C_17IntelXeXMX16GroupEJSG_fSL_fSL_NS1C_6fusion15FusionCallbacksIS1F_NS1G_17LinearCombinationIffffLNS_15FloatRoundStyleE2EEESG_SG_JEEENS4_19XE_2D_U32x8x16_LD_NEvvNS4_19XE_2D_U32x8x16_ST_NEvvEEENS0_14GroupSchedulerEvEE  compiled SIMD16 allocated 128 regs and spilled around 218

Build succeeded.
Compilation from IR - skipping loading of FCL
Build succeeded.
Compilation from IR - skipping loading of FCL

warning: [RetryManager] Start recompilation of the kernel
in kernel: 'typeinfo name for cutlass::gemm::kernel::GemmUniversal<cute::tuple<int, int, int, int>, cutlass::gemm::collective::CollectiveMma<cutlass::gemm::MainloopIntelXeXMX16<2, cutlass::gemm::KernelXe>, cute::tuple<cute::C<256>, cute::C<256>, cute::C<32>>, cutlass::bfloat16_t, cute::tuple<long, cute::C<1>, long>, cutlass::bfloat16_t, cute::tuple<cute::C<1>, long, long>, cute::TiledMMA<cute::MMA_Atom<cute::XE_8x16x16_F32BF16BF16F32_TT>, cute::Layout<cute::tuple<cute::C<8>, cute::C<4>, cute::C<1>>, cute::tuple<cute::C<4>, cute::C<1>, cute::C<0>>>, cute::tuple<cute::Layout<cute::tuple<cute::C<8>, cute::C<8>, cute::C<4>>, cute::tuple<cute::C<1>, cute::C<32>, cute::C<8>>>, cute::Layout<cute::tuple<cute::C<16>, cute::C<4>, cute::C<4>>, cute::tuple<cute::C<1>, cute::C<64>, cute::C<16>>>, cute::Layout<cute::C<32>, cute::C<1>>> const>, cute::XE_2D_U16x32x32_LD_N, void, void, cute::identity, cute::XE_2D_U16x32x32_LD_V, void, void, cute::identity>, cutlass::epilogue::collective::CollectiveEpilogue<cutlass::epilogue::IntelXeXMX16, cute::tuple<cute::C<256>, cute::C<256>, cute::C<32>>, float, cute::tuple<long, cute::C<1>, long>, float, cute::tuple<long, cute::C<1>, long>, cutlass::epilogue::fusion::FusionCallbacks<cutlass::epilogue::IntelXeXMX16, cutlass::epilogue::fusion::LinCombPerRowBiasEltAct<cutlass::epilogue::thread::ReLu, float, float, float, float, float, 4, (cutlass::FloatRoundStyle)2>, cute::tuple<cute::C<256>, cute::C<256>, cute::C<32>>, cute::tuple<cute::C<256>, cute::C<256>, cute::C<32>>>, cute::XE_2D_U32x8x16_LD_N, void, void, cute::XE_2D_U32x8x16_ST_N, void, void>, void, void>'

warning: kernel _ZTSN7cutlass4gemm6kernel13GemmUniversalIN4cute5tupleIJiiiiEEENS0_10collective13CollectiveMmaINS0_20MainloopIntelXeXMX16ILi2ENS0_8KernelXeEEENS4_IJNS3_1CILi256EEESC_NSB_ILi32EEEEEENS_10bfloat16_tENS4_IJlNSB_ILi1EEElEEESF_NS4_IJSG_llEEENS3_8TiledMMAINS3_8MMA_AtomIJNS3_28XE_8x16x16_F32BF16BF16F32_TTEEEENS3_6LayoutINS4_IJNSB_ILi8EEENSB_ILi4EEESG_EEENS4_IJSP_SG_NSB_ILi0EEEEEEEEKNS4_IJNSN_INS4_IJSO_SO_SP_EEENS4_IJSG_SD_SO_EEEEENSN_INS4_IJNSB_ILi16EEESP_SP_EEENS4_IJSG_NSB_ILi64EEESX_EEEEENSN_ISD_SG_EEEEEEENS3_20XE_2D_U16x32x32_LD_NEvvNS3_8identityENS3_20XE_2D_U16x32x32_LD_VEvvS17_EENS_8epilogue10collective18CollectiveEpilogueINS1A_12IntelXeXMX16EJSE_fSH_fSH_NS1A_6fusion15FusionCallbacksIS1D_NS1E_23LinCombPerRowBiasEltActINS1A_6thread4ReLuEfffffLi4ELNS_15FloatRoundStyleE2EEESE_SE_JEEENS3_19XE_2D_U32x8x16_LD_NEvvNS3_19XE_2D_U32x8x16_ST_NEvvEEEvvEE  compiled SIMD16 allocated 128 regs and spilled around 144

Build succeeded.
Compilation from IR - skipping loading of FCL

warning: [RetryManager] Start recompilation of the kernel
in kernel: 'typeinfo name for cutlass::gemm::kernel::GemmUniversal<cute::tuple<int, int, int, int>, cutlass::gemm::collective::CollectiveMma<cutlass::gemm::MainloopIntelXeXMX16FP8Scaling<2>, cute::tuple<cute::C<256>, cute::C<256>, cute::C<32>>, cute::tuple<cutlass::float_e5m2_t>, cute::tuple<long, cute::C<1>, long>, cute::tuple<cutlass::float_e5m2_t>, cute::tuple<cute::C<1>, long, long>, cute::TiledMMA<cute::MMA_Atom<cute::XE_8x16x16_F32F16F16F32_TT>, cute::Layout<cute::tuple<cute::C<8>, cute::C<4>, cute::C<1>>, cute::tuple<cute::C<4>, cute::C<1>, cute::C<0>>>, cute::tuple<cute::Layout<cute::tuple<cute::C<8>, cute::C<8>, cute::C<4>>, cute::tuple<cute::C<1>, cute::C<32>, cute::C<8>>>, cute::Layout<cute::tuple<cute::C<16>, cute::C<4>, cute::C<4>>, cute::tuple<cute::C<1>, cute::C<64>, cute::C<16>>>, cute::Layout<cute::C<32>, cute::C<1>>> const>, cute::XE_2D_U8x32x32_LD_N, void, void, cute::identity, cute::XE_2D_U8x32x32_LD_V, void, void, cute::identity>, cutlass::epilogue::collective::CollectiveEpilogue<cutlass::epilogue::IntelXeXMX16, cute::tuple<cute::C<256>, cute::C<256>, cute::C<32>>, float, cute::tuple<long, cute::C<1>, long>, float, cute::tuple<long, cute::C<1>, long>, cutlass::epilogue::fusion::FusionCallbacks<cutlass::epilogue::IntelXeXMX16, cutlass::epilogue::fusion::LinearCombination<float, float, float, float, (cutlass::FloatRoundStyle)2>, cute::tuple<cute::C<256>, cute::C<256>, cute::C<32>>, cute::tuple<cute::C<256>, cute::C<256>, cute::C<32>>>, cute::XE_2D_U32x8x16_LD_N, void, void, cute::XE_2D_U32x8x16_ST_N, void, void>, void, void>'

warning: kernel _ZTSN7cutlass4gemm6kernel13GemmUniversalIN4cute5tupleIJiiiiEEENS0_10collective13CollectiveMmaINS0_30MainloopIntelXeXMX16FP8ScalingILi2EEENS4_IJNS3_1CILi256EEESB_NSA_ILi32EEEEEENS4_IJNS_12float_e5m2_tEEEENS4_IJlNSA_ILi1EEElEEESF_NS4_IJSG_llEEENS3_8TiledMMAINS3_8MMA_AtomIJNS3_26XE_8x16x16_F32F16F16F32_TTEEEENS3_6LayoutINS4_IJNSA_ILi8EEENSA_ILi4EEESG_EEENS4_IJSP_SG_NSA_ILi0EEEEEEEEKNS4_IJNSN_INS4_IJSO_SO_SP_EEENS4_IJSG_SC_SO_EEEEENSN_INS4_IJNSA_ILi16EEESP_SP_EEENS4_IJSG_NSA_ILi64EEESX_EEEEENSN_ISC_SG_EEEEEEENS3_19XE_2D_U8x32x32_LD_NEvvNS3_8identityENS3_19XE_2D_U8x32x32_LD_VEvvS17_EENS_8epilogue10collective18CollectiveEpilogueINS1A_12IntelXeXMX16EJSD_fSH_fSH_NS1A_6fusion15FusionCallbacksIS1D_NS1E_17LinearCombinationIffffLNS_15FloatRoundStyleE2EEESD_SD_JEEENS3_19XE_2D_U32x8x16_LD_NEvvNS3_19XE_2D_U32x8x16_ST_NEvvEEEvvEE  compiled SIMD16 allocated 128 regs and spilled around 164

Build succeeded.
[452/738] Linking CXX executable test/unit/gemm/device/cutlass_test_unit_gemm_device_mixed_input_tensorop_xe
warning: Undefined function _Z44intel_sub_group_2d_block_prefetch_8b_8r32x2cPU3AS1viiiDv2_i found in /tmp/icpx-695740d82c/filter_architecture-5f3410.bc. This may result in runtime errors.
warning: Undefined function _Z45intel_sub_group_2d_block_prefetch_16b_4r16x2cPU3AS1viiiDv2_i found in /tmp/icpx-695740d82c/filter_architecture-5f3410.bc. This may result in runtime errors.
Compilation from IR - skipping loading of FCL
Build succeeded.
Compilation from IR - skipping loading of FCL

warning: [RetryManager] Start recompilation of the kernel
in kernel: 'typeinfo name for cutlass::gemm::kernel::GemmUniversal<cute::tuple<int, int, int, int>, cutlass::gemm::collective::CollectiveMma<cutlass::gemm::MainloopIntelXeXMX16MixedPrecision<3, cutlass::gemm::KernelXe>, cute::tuple<cute::C<256>, cute::C<256>, cute::C<32>>, cute::tuple<signed char>, cute::tuple<long, cute::C<1>, long>, cutlass::bfloat16_t, cute::tuple<cute::C<1>, long, long>, cute::TiledMMA<cute::MMA_Atom<cute::XE_8x16x16_F32BF16BF16F32_TT>, cute::Layout<cute::tuple<cute::C<8>, cute::C<4>, cute::C<1>>, cute::tuple<cute::C<4>, cute::C<1>, cute::C<0>>>, cute::tuple<cute::Layout<cute::tuple<cute::C<8>, cute::C<8>, cute::C<4>>, cute::tuple<cute::C<1>, cute::C<32>, cute::C<8>>>, cute::Layout<cute::tuple<cute::C<16>, cute::C<4>, cute::C<4>>, cute::tuple<cute::C<1>, cute::C<64>, cute::C<16>>>, cute::Layout<cute::C<32>, cute::C<1>>> const>, cute::XE_2D_U8x32x32_LD_N, void, void, cute::identity, cute::XE_2D_U16x32x32_LD_V, void, void, cute::identity>, cutlass::epilogue::collective::CollectiveEpilogue<cutlass::epilogue::IntelXeXMX16, cute::tuple<cute::C<256>, cute::C<256>, cute::C<32>>, float, cute::tuple<long, cute::C<1>, long>, float, cute::tuple<long, cute::C<1>, long>, cutlass::epilogue::fusion::FusionCallbacks<cutlass::epilogue::IntelXeXMX16, cutlass::epilogue::fusion::LinearCombination<float, float, float, float, (cutlass::FloatRoundStyle)2>, cute::tuple<cute::C<256>, cute::C<256>, cute::C<32>>, cute::tuple<cute::C<256>, cute::C<256>, cute::C<32>>>, cute::XE_2D_U32x8x16_LD_N, void, void, cute::XE_2D_U32x8x16_ST_N, void, void>, void, void>'

warning: kernel _ZTSN7cutlass4gemm6kernel13GemmUniversalIN4cute5tupleIJiiiiEEENS0_10collective13CollectiveMmaINS0_34MainloopIntelXeXMX16MixedPrecisionILi3ENS0_8KernelXeEEENS4_IJNS3_1CILi256EEESC_NSB_ILi32EEEEEENS4_IJaEEENS4_IJlNSB_ILi1EEElEEENS_10bfloat16_tENS4_IJSG_llEEENS3_8TiledMMAINS3_8MMA_AtomIJNS3_28XE_8x16x16_F32BF16BF16F32_TTEEEENS3_6LayoutINS4_IJNSB_ILi8EEENSB_ILi4EEESG_EEENS4_IJSQ_SG_NSB_ILi0EEEEEEEEKNS4_IJNSO_INS4_IJSP_SP_SQ_EEENS4_IJSG_SD_SP_EEEEENSO_INS4_IJNSB_ILi16EEESQ_SQ_EEENS4_IJSG_NSB_ILi64EEESY_EEEEENSO_ISD_SG_EEEEEEENS3_19XE_2D_U8x32x32_LD_NEvvNS3_8identityENS3_20XE_2D_U16x32x32_LD_VEvvS18_EENS_8epilogue10collective18CollectiveEpilogueINS1B_12IntelXeXMX16EJSE_fSH_fSH_NS1B_6fusion15FusionCallbacksIS1E_NS1F_17LinearCombinationIffffLNS_15FloatRoundStyleE2EEESE_SE_JEEENS3_19XE_2D_U32x8x16_LD_NEvvNS3_19XE_2D_U32x8x16_ST_NEvvEEEvvEE  compiled SIMD16 allocated 128 regs and spilled around 148

Build succeeded.
Compilation from IR - skipping loading of FCL
Build succeeded.
Compilation from IR - skipping loading of FCL

warning: [RetryManager] Start recompilation of the kernel
in kernel: 'typeinfo name for cutlass::gemm::kernel::GemmUniversal<cute::tuple<int, int, int, int>, cutlass::gemm::collective::CollectiveMma<cutlass::gemm::MainloopIntelXeXMX16MixedPrecision<3, cutlass::gemm::KernelXe>, cute::tuple<cute::C<256>, cute::C<256>, cute::C<64>>, cutlass::half_t, cute::tuple<long, cute::C<1>, long>, cute::tuple<cutlass::integer_subbyte<4, true>>, cute::tuple<long, cute::C<1>, long>, cute::TiledMMA<cute::MMA_Atom<cute::XE_8x16x16_F32F16F16F32_TT>, cute::Layout<cute::tuple<cute::C<8>, cute::C<4>, cute::C<1>>, cute::tuple<cute::C<4>, cute::C<1>, cute::C<0>>>, cute::tuple<cute::Layout<cute::tuple<cute::C<8>, cute::C<8>, cute::C<4>>, cute::tuple<cute::C<1>, cute::C<32>, cute::C<8>>>, cute::Layout<cute::tuple<cute::C<16>, cute::C<4>, cute::C<4>>, cute::tuple<cute::C<1>, cute::C<64>, cute::C<16>>>, cute::Layout<cute::C<64>, cute::C<1>>> const>, cute::XE_2D_U16x32x32_LD_N, void, void, cute::identity, cute::XE_2D_U4x16x16_LD_T, void, void, cute::identity>, cutlass::epilogue::collective::CollectiveEpilogue<cutlass::epilogue::IntelXeXMX16, cute::tuple<cute::C<256>, cute::C<256>, cute::C<64>>, float, cute::tuple<long, cute::C<1>, long>, float, cute::tuple<long, cute::C<1>, long>, cutlass::epilogue::fusion::FusionCallbacks<cutlass::epilogue::IntelXeXMX16, cutlass::epilogue::fusion::LinearCombination<float, float, float, float, (cutlass::FloatRoundStyle)2>, cute::tuple<cute::C<256>, cute::C<256>, cute::C<64>>, cute::tuple<cute::C<256>, cute::C<256>, cute::C<64>>>, cute::XE_2D_U32x8x16_LD_N, void, void, cute::XE_2D_U32x8x16_ST_N, void, void>, void, void>'

warning: kernel _ZTSN7cutlass4gemm6kernel13GemmUniversalIN4cute5tupleIJiiiiEEENS0_10collective13CollectiveMmaINS0_34MainloopIntelXeXMX16MixedPrecisionILi3ENS0_8KernelXeEEENS4_IJNS3_1CILi256EEESC_NSB_ILi64EEEEEENS_6half_tENS4_IJlNSB_ILi1EEElEEENS4_IJNS_15integer_subbyteILi4ELb1EEEEEESH_NS3_8TiledMMAINS3_8MMA_AtomIJNS3_26XE_8x16x16_F32F16F16F32_TTEEEENS3_6LayoutINS4_IJNSB_ILi8EEENSB_ILi4EEESG_EEENS4_IJSR_SG_NSB_ILi0EEEEEEEEKNS4_IJNSP_INS4_IJSQ_SQ_SR_EEENS4_IJSG_NSB_ILi32EEESQ_EEEEENSP_INS4_IJNSB_ILi16EEESR_SR_EEENS4_IJSG_SD_S10_EEEEENSP_ISD_SG_EEEEEEENS3_20XE_2D_U16x32x32_LD_NEvvNS3_8identityENS3_19XE_2D_U4x16x16_LD_TEvvS19_EENS_8epilogue10collective18CollectiveEpilogueINS1C_12IntelXeXMX16EJSE_fSH_fSH_NS1C_6fusion15FusionCallbacksIS1F_NS1G_17LinearCombinationIffffLNS_15FloatRoundStyleE2EEESE_SE_JEEENS3_19XE_2D_U32x8x16_LD_NEvvNS3_19XE_2D_U32x8x16_ST_NEvvEEEvvEE  compiled SIMD16 allocated 128 regs and spilled around 121

Build succeeded.
[453/738] Building CXX object examples/10_bmg_grouped_gemm_mixed_dtype/CMakeFiles/10_bmg_grouped_gemm_f16_u4.dir/10_bmg_grouped_gemm_f16_u4.cpp.o
[454/738] Building CXX object examples/05_bmg_gemm_with_epilogues/CMakeFiles/05_bmg_gemm_with_epilogue_silu.dir/05_bmg_gemm_with_epilogue_silu.cpp.o
[455/738] Building CXX object examples/05_bmg_gemm_with_epilogues/CMakeFiles/05_bmg_gemm_with_epilogue_lincombauxstore.dir/05_bmg_gemm_with_epilogue_lincombauxstore.cpp.o
[456/738] Building CXX object test/unit/flash_attention/legacy/flash_attention_decode/CMakeFiles/cutlass_test_unit_flash_attention_decode_h64_xe.dir/xe_flash_decode_bf16_fp32_fp32_h64_512_nonpaged.cpp.o
[457/738] Building CXX object test/unit/flash_attention/legacy/flash_attention_prefill/CMakeFiles/cutlass_test_unit_flash_attention_prefill_bf16_fp32_fp32_h96_xe.dir/xe_flash_prefill.cpp.o
[458/738] Building CXX object test/unit/flash_attention/legacy/flash_attention_prefill/CMakeFiles/cutlass_test_unit_flash_attention_prefill_fp16_fp32_fp32_h96_xe.dir/xe_flash_prefill.cpp.o
[459/738] Building CXX object test/unit/flash_attention/legacy/flash_attention_prefill/CMakeFiles/cutlass_test_unit_flash_attention_prefill_fp16_fp32_fp16_h192_xe.dir/xe_flash_prefill.cpp.o
[460/738] Linking CXX executable examples/07_bmg_dual_gemm/07_bmg_dual_gemm
Compilation from IR - skipping loading of FCL

warning: [RetryManager] Start recompilation of the kernel
in kernel: 'typeinfo name for cutlass::reference::device::GemmComplexKernelName<cutlass::bfloat16_t, cutlass::layout::RowMajor, cutlass::bfloat16_t, cutlass::layout::RowMajor, float, cutlass::layout::RowMajor, float, float, float, cutlass::layout::RowMajor, cutlass::NumericConverter<float, float, (cutlass::FloatRoundStyle)2>, cutlass::multiply_add<float, float, float>>'

Build succeeded.
Compilation from IR - skipping loading of FCL

warning: [RetryManager] Start recompilation of the kernel
in kernel: 'typeinfo name for cutlass::gemm::kernel::DualGemm<cute::tuple<int, int, int, int>, cutlass::gemm::collective::DualGemmMma<cutlass::gemm::MainloopIntelXeXMX16<2, cutlass::gemm::KernelXe>, cute::tuple<cute::C<128>, cute::C<128>, cute::C<64>>, cutlass::bfloat16_t, cute::tuple<long, cute::C<1>, long>, cutlass::bfloat16_t, cute::tuple<cute::C<1>, long, long>, cute::TiledMMA<cute::MMA_Atom<cute::XE_8x16x16_F32BF16BF16F32_TT>, cute::Layout<cute::tuple<cute::C<8>, cute::C<4>, cute::C<1>>, cute::tuple<cute::C<4>, cute::C<1>, cute::C<0>>>, cute::tuple<cute::Layout<cute::tuple<cute::C<8>, cute::C<8>, cute::C<2>>, cute::tuple<cute::C<1>, cute::C<16>, cute::C<8>>>, cute::Layout<cute::tuple<cute::C<16>, cute::C<4>, cute::C<2>>, cute::tuple<cute::C<1>, cute::C<32>, cute::C<16>>>, cute::Layout<cute::C<64>, cute::C<1>>> const>, cute::XE_2D_U16x16x32_LD_N, cute::XE_2D_U16x32x32_LD_V>, cutlass::epilogue::collective::DualGemmEpilogue<cutlass::epilogue::IntelXeXMX16, cute::tuple<cute::C<128>, cute::C<128>, cute::C<64>>, float, cute::tuple<long, cute::C<1>, long>, float, cute::tuple<long, cute::C<1>, long>, cutlass::epilogue::fusion::FusionCallbacks<cutlass::epilogue::IntelXeXMX16, cutlass::epilogue::fusion::LinCombEltAct<cutlass::epilogue::thread::Identity, float, float, float, float, (cutlass::FloatRoundStyle)2>, cute::tuple<cute::C<128>, cute::C<128>, cute::C<64>>, cute::tuple<cute::C<128>, cute::C<128>, cute::C<64>>>, cute::XE_2D_U32x8x16_LD_N, cute::XE_2D_U32x8x16_ST_N, true>, cutlass::epilogue::collective::DualGemmEpilogue<cutlass::epilogue::IntelXeXMX16, cute::tuple<cute::C<128>, cute::C<128>, cute::C<64>>, float, cute::tuple<long, cute::C<1>, long>, float, cute::tuple<long, cute::C<1>, long>, cutlass::epilogue::fusion::FusionCallbacks<cutlass::epilogue::IntelXeXMX16, cutlass::epilogue::fusion::LinCombEltAct<cutlass::epilogue::thread::Identity, float, float, float, float, (cutlass::FloatRoundStyle)2>, cute::tuple<cute::C<128>, cute::C<128>, cute::C<64>>, cute::tuple<cute::C<128>, cute::C<128>, cute::C<64>>>, cute::XE_2D_U32x8x16_LD_N, cute::XE_2D_U32x8x16_ST_N, true>, cutlass::epilogue::collective::DualGemmElemActEpilogue<cutlass::epilogue::IntelXeXMX16, cute::tuple<cute::C<128>, cute::C<128>, cute::C<64>>, void, cute::tuple<long, cute::C<1>, long>, float, cute::tuple<long, cute::C<1>, long>, void, cute::XE_2D_U32x8x16_ST_N, cutlass::epilogue::thread::FusedElementWiseOpDualGemm<float, cutlass::epilogue::thread::SiLu, cutlass::epilogue::thread::Identity, cutlass::multiplies, float, float>>, void>'

warning: kernel _ZTSN7cutlass4gemm6kernel8DualGemmIN4cute5tupleIJiiiiEEENS0_10collective11DualGemmMmaINS0_20MainloopIntelXeXMX16ILi2ENS0_8KernelXeEEENS4_IJNS3_1CILi128EEESC_NSB_ILi64EEEEEENS_10bfloat16_tENS4_IJlNSB_ILi1EEElEEESF_NS4_IJSG_llEEENS3_8TiledMMAINS3_8MMA_AtomIJNS3_28XE_8x16x16_F32BF16BF16F32_TTEEEENS3_6LayoutINS4_IJNSB_ILi8EEENSB_ILi4EEESG_EEENS4_IJSP_SG_NSB_ILi0EEEEEEEEKNS4_IJNSN_INS4_IJSO_SO_NSB_ILi2EEEEEENS4_IJSG_NSB_ILi16EEESO_EEEEENSN_INS4_IJSW_SP_SU_EEENS4_IJSG_NSB_ILi32EEESW_EEEEENSN_ISD_SG_EEEEEEENS3_20XE_2D_U16x16x32_LD_NENS3_20XE_2D_U16x32x32_LD_VEEENS_8epilogue10collective16DualGemmEpilogueINS1A_12IntelXeXMX16ESE_fSH_fSH_NS1A_6fusion15FusionCallbacksIS1D_NS1E_13LinCombEltActINS1A_6thread8IdentityEffffLNS_15FloatRoundStyleE2EEESE_SE_JEEENS3_19XE_2D_U32x8x16_LD_NENS3_19XE_2D_U32x8x16_ST_NELb1EEES1O_NS1B_23DualGemmElemActEpilogueIS1D_SE_vSH_fSH_vS1N_NS1H_26FusedElementWiseOpDualGemmIfNS1H_4SiLuES1I_NS_10multipliesEffEEEEvEE  compiled SIMD16 allocated 128 regs and spilled around 144

warning: kernel _ZTSN7cutlass4gemm6kernel8DualGemmIN4cute5tupleIJiiiiEEENS0_10collective11DualGemmMmaINS0_20MainloopIntelXeXMX16ILi2ENS0_8KernelXeEEENS4_IJNS3_1CILi128EEESC_NSB_ILi64EEEEEENS_10bfloat16_tENS4_IJlNSB_ILi1EEElEEESF_NS4_IJSG_llEEENS3_8TiledMMAINS3_8MMA_AtomIJNS3_28XE_8x16x16_F32BF16BF16F32_TTEEEENS3_6LayoutINS4_IJNSB_ILi8EEENSB_ILi4EEESG_EEENS4_IJSP_SG_NSB_ILi0EEEEEEEEKNS4_IJNSN_INS4_IJSO_SO_NSB_ILi2EEEEEENS4_IJSG_NSB_ILi16EEESO_EEEEENSN_INS4_IJSW_SP_SU_EEENS4_IJSG_NSB_ILi32EEESW_EEEEENSN_ISD_SG_EEEEEEENS3_20XE_2D_U16x16x32_LD_NENS3_20XE_2D_U16x32x32_LD_VEEENS_8epilogue10collective16DualGemmEpilogueINS1A_12IntelXeXMX16ESE_fSH_fSH_NS1A_6fusion15FusionCallbacksIS1D_NS1E_23LinCombPerRowBiasEltActINS1A_6thread8IdentityEfffffLi4ELNS_15FloatRoundStyleE2EEESE_SE_JEEENS3_19XE_2D_U32x8x16_LD_NENS3_19XE_2D_U32x8x16_ST_NELb1EEES1O_NS1B_23DualGemmElemActEpilogueIS1D_SE_vSH_fSH_vS1N_NS1H_26FusedElementWiseOpDualGemmIfNS1H_4SiLuES1I_NS_10multipliesEffEEEEvEE  compiled SIMD16 allocated 128 regs and spilled around 146

Build succeeded.
[461/738] Linking CXX executable examples/10_bmg_grouped_gemm_mixed_dtype/10_bmg_grouped_gemm_f16_u4
Compilation from IR - skipping loading of FCL
Build succeeded.
Compilation from IR - skipping loading of FCL

warning: [RetryManager] Start recompilation of the kernel
in kernel: 'typeinfo name for cutlass::gemm::kernel::GemmUniversal<cute::tuple<int, int, int, int>, cutlass::gemm::collective::CollectiveMma<cutlass::gemm::MainloopIntelXeXMX16<3, cutlass::gemm::KernelXe>, cute::tuple<cute::C<256>, cute::C<256>, cute::C<32>>, cutlass::half_t, cute::tuple<long, cute::C<1>, long>, cutlass::half_t, cute::tuple<long, cute::C<1>, long>, cute::TiledMMA<cute::MMA_Atom<cute::XE_8x16x16_F32F16F16F32_TT>, cute::Layout<cute::tuple<cute::C<8>, cute::C<4>, cute::C<1>>, cute::tuple<cute::C<4>, cute::C<1>, cute::C<0>>>, cute::tuple<cute::Layout<cute::tuple<cute::C<8>, cute::C<8>, cute::C<4>>, cute::tuple<cute::C<1>, cute::C<32>, cute::C<8>>>, cute::Layout<cute::tuple<cute::C<16>, cute::C<4>, cute::C<4>>, cute::tuple<cute::C<1>, cute::C<64>, cute::C<16>>>, cute::Layout<cute::C<32>, cute::C<1>>> const>, cute::XE_2D_U16x32x32_LD_N, void, void, cute::identity, cute::XE_2D_U16x16x16_LD_T, void, void, cute::identity>, cutlass::epilogue::collective::CollectiveEpilogue<cutlass::epilogue::IntelXeXMX16, cute::tuple<cute::C<256>, cute::C<256>, cute::C<32>>, float, cute::tuple<long, cute::C<1>, long>, cutlass::half_t, cute::tuple<long, cute::C<1>, long>, cutlass::epilogue::fusion::FusionCallbacks<cutlass::epilogue::IntelXeXMX16, cutlass::epilogue::fusion::LinearCombination<float, float, float, float, (cutlass::FloatRoundStyle)2>, cute::tuple<cute::C<256>, cute::C<256>, cute::C<32>>, cute::tuple<cute::C<256>, cute::C<256>, cute::C<32>>>, cute::XE_2D_U32x8x16_LD_N, void, void, cute::XE_2D_U16x8x16_ST_N, void, void>, void, void>'

warning: kernel _ZTSN7cutlass4gemm6kernel13GemmUniversalIN4cute5tupleIJiiiiEEENS0_10collective13CollectiveMmaINS0_20MainloopIntelXeXMX16ILi3ENS0_8KernelXeEEENS4_IJNS3_1CILi256EEESC_NSB_ILi32EEEEEENS_6half_tENS4_IJlNSB_ILi1EEElEEESF_SH_NS3_8TiledMMAINS3_8MMA_AtomIJNS3_26XE_8x16x16_F32F16F16F32_TTEEEENS3_6LayoutINS4_IJNSB_ILi8EEENSB_ILi4EEESG_EEENS4_IJSO_SG_NSB_ILi0EEEEEEEEKNS4_IJNSM_INS4_IJSN_SN_SO_EEENS4_IJSG_SD_SN_EEEEENSM_INS4_IJNSB_ILi16EEESO_SO_EEENS4_IJSG_NSB_ILi64EEESW_EEEEENSM_ISD_SG_EEEEEEENS3_20XE_2D_U16x32x32_LD_NEvvNS3_8identityENS3_20XE_2D_U16x16x16_LD_TEvvS16_EENS_8epilogue10collective18CollectiveEpilogueINS19_12IntelXeXMX16EJSE_fSH_SF_SH_NS19_6fusion15FusionCallbacksIS1C_NS1D_17LinearCombinationIffffLNS_15FloatRoundStyleE2EEESE_SE_JEEENS3_19XE_2D_U32x8x16_LD_NEvvNS3_19XE_2D_U16x8x16_ST_NEvvEEEvvEE  compiled SIMD16 allocated 128 regs and spilled around 136

Build succeeded.
Compilation from IR - skipping loading of FCL
Build succeeded.
[462/738] Building CXX object examples/05_bmg_gemm_with_epilogues/CMakeFiles/05_bmg_gemm_with_epilogue_gelu.dir/05_bmg_gemm_with_epilogue_gelu.cpp.o
[463/738] Building CXX object test/unit/flash_attention/legacy/flash_attention_prefill_cachedkv/CMakeFiles/cutlass_test_unit_flash_attention_prefill_cachedkv_64_xe.dir/xe_flash_prefill_cachedkv_fp16_fp32_fp32_64.cpp.o
[464/738] Linking CXX executable examples/05_bmg_gemm_with_epilogues/05_bmg_gemm_with_epilogue_silu
Compilation from IR - skipping loading of FCL

warning: [RetryManager] Start recompilation of the kernel
in kernel: 'typeinfo name for cutlass::reference::device::GemmComplexKernelName<cutlass::bfloat16_t, cutlass::layout::RowMajor, cutlass::bfloat16_t, cutlass::layout::RowMajor, float, cutlass::layout::RowMajor, float, float, float, cutlass::layout::RowMajor, cutlass::NumericConverter<float, float, (cutlass::FloatRoundStyle)2>, cutlass::multiply_add<float, float, float>>'

Build succeeded.
Compilation from IR - skipping loading of FCL

warning: [RetryManager] Start recompilation of the kernel
in kernel: 'typeinfo name for cutlass::gemm::kernel::GemmUniversal<cute::tuple<int, int, int, int>, cutlass::gemm::collective::CollectiveMma<cutlass::gemm::MainloopXeL1Staged<2, cutlass::gemm::KernelXe>, cute::tuple<cute::C<256>, cute::C<256>, cute::C<32>>, cutlass::bfloat16_t, cute::tuple<long, cute::C<1>, long>, cutlass::bfloat16_t, cute::tuple<cute::C<1>, long, long>, cute::TiledMMA<cute::MMA_Atom<cute::XE_DPAS_TT<8, float, cutlass::bfloat16_t, cutlass::bfloat16_t, float>>, cute::Layout<cute::tuple<cute::C<8>, cute::C<4>, cute::C<1>>, cute::tuple<cute::C<4>, cute::C<1>, cute::C<0>>>, cute::tuple<cute::Layout<cute::tuple<cute::C<8>, cute::C<8>, cute::C<4>>, cute::tuple<cute::C<1>, cute::C<32>, cute::C<8>>>, cute::Layout<cute::tuple<cute::C<16>, cute::C<4>, cute::C<4>>, cute::tuple<cute::C<1>, cute::C<64>, cute::C<16>>>, cute::Layout<cute::C<32>, cute::C<1>>> const>, void, void, void, cute::identity, void, void, void, cute::identity>, cutlass::epilogue::collective::CollectiveEpilogue<cutlass::epilogue::IntelXeGeneric, cute::tuple<cute::C<256>, cute::C<256>, cute::C<32>>, void, float, cute::tuple<long, cute::C<1>, long>, float, cute::tuple<long, cute::C<1>, long>, cutlass::epilogue::fusion::FusionCallbacks<cutlass::epilogue::IntelXeGeneric, cutlass::epilogue::fusion::LinCombEltAct<cutlass::epilogue::thread::SiLu, float, float, float, float, (cutlass::FloatRoundStyle)2>, cute::tuple<cute::C<256>, cute::C<256>, cute::C<32>>, cute::tuple<cute::C<256>, cute::C<256>, cute::C<32>>>, void, void>, void, void>'

warning: kernel _ZTSN7cutlass4gemm6kernel13GemmUniversalIN4cute5tupleIJiiiiEEENS0_10collective13CollectiveMmaINS0_18MainloopXeL1StagedILi2ENS0_8KernelXeEEENS4_IJNS3_1CILi256EEESC_NSB_ILi32EEEEEENS_10bfloat16_tENS4_IJlNSB_ILi1EEElEEESF_NS4_IJSG_llEEENS3_8TiledMMAINS3_8MMA_AtomIJNS3_10XE_DPAS_TTILi8EfSF_SF_fEEEEENS3_6LayoutINS4_IJNSB_ILi8EEENSB_ILi4EEESG_EEENS4_IJSQ_SG_NSB_ILi0EEEEEEEEKNS4_IJNSO_INS4_IJSP_SP_SQ_EEENS4_IJSG_SD_SP_EEEEENSO_INS4_IJNSB_ILi16EEESQ_SQ_EEENS4_IJSG_NSB_ILi64EEESY_EEEEENSO_ISD_SG_EEEEEEEvvvNS3_8identityEvvvS17_EENS_8epilogue10collective18CollectiveEpilogueINS19_14IntelXeGenericEJSE_vfSH_fSH_NS19_6fusion15FusionCallbacksIS1C_NS1D_13LinCombEltActINS19_6thread4SiLuEffffLNS_15FloatRoundStyleE2EEESE_SE_JEEEvvEEEvvEE  compiled SIMD16 allocated 128 regs and spilled around 133

Build succeeded.
[465/738] Building CXX object examples/02_bmg_gemm_mixed_dtype/CMakeFiles/02_bmg_gemm_bf16_s8_bf16.dir/02_bmg_gemm_bf16_s8_bf16.cpp.o
[466/738] Building CXX object test/unit/flash_attention/legacy/flash_attention_prefill/CMakeFiles/cutlass_test_unit_flash_attention_prefill_bf16_fp32_fp32_h64_xe.dir/xe_flash_prefill.cpp.o
[467/738] Building CXX object test/unit/flash_attention/legacy/flash_attention_decode/CMakeFiles/cutlass_test_unit_flash_attention_decode_h64_xe.dir/xe_flash_decode_bf16_fp32_fp32_h64_1024_nonpaged.cpp.o
[468/738] Building CXX object examples/06_bmg_flash_attention/CMakeFiles/06_xe_fmha_fwd_decode_persistent_float_e5m2_t_hdim96.dir/06_xe_fmha_fwd.cpp.o
[469/738] Building CXX object test/unit/flash_attention/legacy/flash_attention_decode/CMakeFiles/cutlass_test_unit_flash_attention_decode_h96_xe.dir/xe_flash_decode_bf16_fp32_fp32_h96_1024_nonpaged.cpp.o
[470/738] Linking CXX executable examples/05_bmg_gemm_with_epilogues/05_bmg_gemm_with_epilogue_lincombauxstore
Compilation from IR - skipping loading of FCL

warning: [RetryManager] Start recompilation of the kernel
in kernel: 'typeinfo name for cutlass::reference::device::GemmComplexKernelName<cutlass::half_t, cutlass::layout::RowMajor, cutlass::half_t, cutlass::layout::RowMajor, cutlass::half_t, cutlass::layout::RowMajor, float, float, cutlass::half_t, cutlass::layout::RowMajor, cutlass::NumericConverter<cutlass::half_t, float, (cutlass::FloatRoundStyle)2>, cutlass::multiply_add<float, float, float>>'

Build succeeded.
Compilation from IR - skipping loading of FCL

warning: [RetryManager] Start recompilation of the kernel
in kernel: 'typeinfo name for cutlass3x_Xe20_tensorop_s81616gemm_f16_f16_f32_f16_f16_256x256x32_1x1x1_0_ttt_align8_type'

warning: kernel _ZTS89cutlass3x_Xe20_tensorop_s81616gemm_f16_f16_f32_f16_f16_256x256x32_1x1x1_0_ttt_align8_type  compiled SIMD16 allocated 128 regs and spilled around 138

Build succeeded.
Compilation from IR - skipping loading of FCL
Build succeeded.
[471/738] Linking CXX executable examples/05_bmg_gemm_with_epilogues/05_bmg_gemm_with_epilogue_gelu

ShaderDumpEnable Warning! BufferVec[] has 6132 elements. Including first 1000 items in ShaderDumps. To print all elements set IGC_ShowFullVectorsInShaderDumps register flag to True. ShaderOverride flag may not work properly without IGC_ShowFullVectorsInShaderDumps enabled.

Compilation from IR - skipping loading of FCL

warning: [RetryManager] Start recompilation of the kernel
in kernel: 'typeinfo name for cutlass::reference::device::GemmComplexKernelName<cutlass::bfloat16_t, cutlass::layout::RowMajor, cutlass::bfloat16_t, cutlass::layout::RowMajor, float, cutlass::layout::RowMajor, float, float, float, cutlass::layout::RowMajor, cutlass::NumericConverter<float, float, (cutlass::FloatRoundStyle)2>, cutlass::multiply_add<float, float, float>>'

Build succeeded.

ShaderDumpEnable Warning! BufferVec[] has 6132 elements. Including first 1000 items in ShaderDumps. To print all elements set IGC_ShowFullVectorsInShaderDumps register flag to True. ShaderOverride flag may not work properly without IGC_ShowFullVectorsInShaderDumps enabled.

Compilation from IR - skipping loading of FCL

warning: [RetryManager] Start recompilation of the kernel
in kernel: 'typeinfo name for cutlass::gemm::kernel::GemmUniversal<cute::tuple<int, int, int, int>, cutlass::gemm::collective::CollectiveMma<cutlass::gemm::MainloopXeL1Staged<2, cutlass::gemm::KernelXe>, cute::tuple<cute::C<256>, cute::C<256>, cute::C<32>>, cutlass::bfloat16_t, cute::tuple<long, cute::C<1>, long>, cutlass::bfloat16_t, cute::tuple<cute::C<1>, long, long>, cute::TiledMMA<cute::MMA_Atom<cute::XE_DPAS_TT<8, float, cutlass::bfloat16_t, cutlass::bfloat16_t, float>>, cute::Layout<cute::tuple<cute::C<8>, cute::C<4>, cute::C<1>>, cute::tuple<cute::C<4>, cute::C<1>, cute::C<0>>>, cute::tuple<cute::Layout<cute::tuple<cute::C<8>, cute::C<8>, cute::C<4>>, cute::tuple<cute::C<1>, cute::C<32>, cute::C<8>>>, cute::Layout<cute::tuple<cute::C<16>, cute::C<4>, cute::C<4>>, cute::tuple<cute::C<1>, cute::C<64>, cute::C<16>>>, cute::Layout<cute::C<32>, cute::C<1>>> const>, void, void, void, cute::identity, void, void, void, cute::identity>, cutlass::epilogue::collective::CollectiveEpilogue<cutlass::epilogue::IntelXeGeneric, cute::tuple<cute::C<256>, cute::C<256>, cute::C<32>>, void, float, cute::tuple<long, cute::C<1>, long>, float, cute::tuple<long, cute::C<1>, long>, cutlass::epilogue::fusion::FusionCallbacks<cutlass::epilogue::IntelXeGeneric, cutlass::epilogue::fusion::LinCombEltAct<cutlass::epilogue::thread::GELU, float, float, float, float, (cutlass::FloatRoundStyle)2>, cute::tuple<cute::C<256>, cute::C<256>, cute::C<32>>, cute::tuple<cute::C<256>, cute::C<256>, cute::C<32>>>, void, void>, void, void>'

warning: kernel _ZTSN7cutlass4gemm6kernel13GemmUniversalIN4cute5tupleIJiiiiEEENS0_10collective13CollectiveMmaINS0_18MainloopXeL1StagedILi2ENS0_8KernelXeEEENS4_IJNS3_1CILi256EEESC_NSB_ILi32EEEEEENS_10bfloat16_tENS4_IJlNSB_ILi1EEElEEESF_NS4_IJSG_llEEENS3_8TiledMMAINS3_8MMA_AtomIJNS3_10XE_DPAS_TTILi8EfSF_SF_fEEEEENS3_6LayoutINS4_IJNSB_ILi8EEENSB_ILi4EEESG_EEENS4_IJSQ_SG_NSB_ILi0EEEEEEEEKNS4_IJNSO_INS4_IJSP_SP_SQ_EEENS4_IJSG_SD_SP_EEEEENSO_INS4_IJNSB_ILi16EEESQ_SQ_EEENS4_IJSG_NSB_ILi64EEESY_EEEEENSO_ISD_SG_EEEEEEEvvvNS3_8identityEvvvS17_EENS_8epilogue10collective18CollectiveEpilogueINS19_14IntelXeGenericEJSE_vfSH_fSH_NS19_6fusion15FusionCallbacksIS1C_NS1D_13LinCombEltActINS19_6thread4GELUEffffLNS_15FloatRoundStyleE2EEESE_SE_JEEEvvEEEvvEE  compiled SIMD16 allocated 128 regs and spilled around 133

Build succeeded.
[472/738] Building CXX object test/unit/cute/intel_xe/CMakeFiles/cutlass_test_unit_cute_intel_xe.dir/xe_copy_prefetch_2d.cpp.o
[473/738] Building CXX object test/unit/flash_attention/legacy/flash_attention_decode/CMakeFiles/cutlass_test_unit_flash_attention_decode_h128_xe.dir/xe_flash_decode_fp16_fp32_fp32_h128_1024_nonpaged.cpp.o
[474/738] Linking CXX executable examples/02_bmg_gemm_mixed_dtype/02_bmg_gemm_bf16_s8_bf16
warning: Undefined function _Z44intel_sub_group_2d_block_prefetch_8b_8r32x2cPU3AS1viiiDv2_i found in /tmp/icpx-1fdffbf189/02_bmg_gemm_bf16_s8_bf16-b10ea5.bc. This may result in runtime errors.
warning: Undefined function _Z44intel_sub_group_2d_block_prefetch_8b_4r32x2cPU3AS1viiiDv2_i found in /tmp/icpx-1fdffbf189/02_bmg_gemm_bf16_s8_bf16-b10ea5.bc. This may result in runtime errors.
Compilation from IR - skipping loading of FCL
Build succeeded.
Compilation from IR - skipping loading of FCL
Build succeeded.
[475/738] Building CXX object examples/06_bmg_flash_attention/CMakeFiles/06_xe_fmha_fwd_decode_persistent_float_e4m3_t_hdim96.dir/06_xe_fmha_fwd.cpp.o
[476/738] Building CXX object examples/06_bmg_flash_attention/legacy/CMakeFiles/06_bmg_prefill_attention_fp8_hdim128.dir/06_bmg_prefill_attention_fp8.cpp.o
[477/738] Building CXX object examples/06_bmg_flash_attention/legacy/CMakeFiles/06_bmg_prefill_attention_hdim192.dir/06_bmg_prefill_attention.cpp.o
[478/738] Building CXX object examples/05_bmg_gemm_with_epilogues/CMakeFiles/05_bmg_gemm_with_epilogue_relu.dir/05_bmg_gemm_with_epilogue_relu.cpp.o
[479/738] Building CXX object examples/09_bmg_grouped_gemm_f8/CMakeFiles/09_bmg_grouped_gemm_f8.dir/09_bmg_grouped_gemm_f8.cpp.o
[480/738] Building CXX object test/unit/flash_attention/legacy/flash_attention_prefill/CMakeFiles/cutlass_test_unit_flash_attention_prefill_bf16_fp32_fp32_h128_xe.dir/xe_flash_prefill.cpp.o
[481/738] Building CXX object test/unit/gemm/device/CMakeFiles/cutlass_test_unit_gemm_device_tensorop_xe.dir/gemm_universal_bf16n_bf16t_f32n_tensor_op_f32_xe.cpp.o
[482/738] Building CXX object examples/06_bmg_flash_attention/CMakeFiles/06_xe_fmha_fwd_decode_persistent_float_e5m2_t_hdim128.dir/06_xe_fmha_fwd.cpp.o
[483/738] Building CXX object test/unit/flash_attention/legacy/flash_attention_prefill_cachedkv/CMakeFiles/cutlass_test_unit_flash_attention_prefill_cachedkv_96_xe.dir/xe_flash_prefill_cachedkv_bf16_fp32_fp32_96.cpp.o
[484/738] Building CXX object examples/06_bmg_flash_attention/legacy/CMakeFiles/06_bmg_prefill_attention_hdim128.dir/06_bmg_prefill_attention.cpp.o
[485/738] Linking CXX executable test/unit/flash_attention/legacy/flash_attention_prefill/cutlass_test_unit_flash_attention_prefill_fp16_fp32_fp16_h192_xe
warning: Undefined function _Z45intel_sub_group_2d_block_prefetch_16b_4r16x2cPU3AS1viiiDv2_i found in /tmp/icpx-88e1b59361/filter_architecture-bcbfbb.bc. This may result in runtime errors.
Compilation from IR - skipping loading of FCL

warning: [RetryManager] Start recompilation of the kernel
in kernel: 'typeinfo name for cutlass::reference::device::GemmComplexKernelName<cutlass::half_t, cutlass::layout::RowMajor, cutlass::half_t, cutlass::layout::ColumnMajor, float, cutlass::layout::RowMajor, float, float, float, cutlass::layout::RowMajor, cutlass::NumericConverter<float, float, (cutlass::FloatRoundStyle)2>, cutlass::multiply_add<float, float, float>>'

Build succeeded.
Compilation from IR - skipping loading of FCL
Build succeeded.
Compilation from IR - skipping loading of FCL
Build succeeded.
[486/738] Building CXX object test/unit/flash_attention/legacy/flash_attention_decode/CMakeFiles/cutlass_test_unit_flash_attention_decode_h192_xe.dir/xe_flash_decode_bf16_fp32_fp32_h192_1024_nonpaged.cpp.o
[487/738] Linking CXX executable test/unit/flash_attention/legacy/flash_attention_prefill/cutlass_test_unit_flash_attention_prefill_fp16_fp32_fp32_h96_xe
Compilation from IR - skipping loading of FCL

warning: [RetryManager] Start recompilation of the kernel
in kernel: 'typeinfo name for cutlass::reference::device::GemmComplexKernelName<cutlass::half_t, cutlass::layout::RowMajor, cutlass::half_t, cutlass::layout::ColumnMajor, float, cutlass::layout::RowMajor, float, float, float, cutlass::layout::RowMajor, cutlass::NumericConverter<float, float, (cutlass::FloatRoundStyle)2>, cutlass::multiply_add<float, float, float>>'

Build succeeded.
Compilation from IR - skipping loading of FCL
Build succeeded.
Compilation from IR - skipping loading of FCL
Build succeeded.
[488/738] Building CXX object examples/06_bmg_flash_attention/CMakeFiles/06_xe_fmha_fwd_decode_persistent_float_e4m3_t_hdim64.dir/06_xe_fmha_fwd.cpp.o
[489/738] Building CXX object test/unit/flash_attention/legacy/flash_attention_decode/CMakeFiles/cutlass_test_unit_flash_attention_decode_h96_xe.dir/xe_flash_decode_bf16_fp32_fp32_h96_512_nonpaged.cpp.o
[490/738] Building CXX object test/unit/flash_attention/legacy/flash_attention_prefill/CMakeFiles/cutlass_test_unit_flash_attention_prefill_bf16_fp32_bf16_h192_xe.dir/xe_flash_prefill.cpp.o
[491/738] Building CXX object examples/05_bmg_gemm_with_epilogues/CMakeFiles/05_bmg_gemm_with_epilogue_lincombperrowbiaseltactaux.dir/05_bmg_gemm_with_epilogue_lincombperrowbiaseltactaux.cpp.o
[492/738] Building CXX object test/unit/flash_attention/legacy/flash_attention_prefill_cachedkv/CMakeFiles/cutlass_test_unit_flash_attention_prefill_cachedkv_128_xe.dir/xe_flash_prefill_cachedkv_bf16_fp32_fp32_128.cpp.o
[493/738] Building CXX object test/unit/flash_attention/legacy/flash_attention_prefill/CMakeFiles/cutlass_test_unit_flash_attention_prefill_fp16_fp32_fp16_h96_xe.dir/xe_flash_prefill.cpp.o
[494/738] Linking CXX executable examples/06_bmg_flash_attention/06_xe_fmha_fwd_decode_persistent_float_e5m2_t_hdim96
Compilation from IR - skipping loading of FCL
Build succeeded.
Compilation from IR - skipping loading of FCL
Build succeeded.
Compilation from IR - skipping loading of FCL

warning: [RetryManager] Start recompilation of the kernel
in kernel: 'typeinfo name for cutlass::reference::device::GemmComplexKernelName<cutlass::half_t, cutlass::layout::RowMajor, cutlass::half_t, cutlass::layout::ColumnMajor, float, cutlass::layout::RowMajor, float, float, float, cutlass::layout::RowMajor, cutlass::NumericConverter<float, float, (cutlass::FloatRoundStyle)2>, cutlass::multiply_add<float, float, float>>'

Build succeeded.
Compilation from IR - skipping loading of FCL
Build succeeded.
[495/738] Building CXX object test/unit/flash_attention/legacy/flash_attention_decode/CMakeFiles/cutlass_test_unit_flash_attention_decode_h128_xe.dir/xe_flash_decode_bf16_fp32_fp32_h128_1024_nonpaged.cpp.o
[496/738] Building CXX object test/unit/gemm/device/CMakeFiles/cutlass_test_unit_gemm_device_tensorop_xe.dir/xe_gemm_s8_s8_s32_tensor_op_s32.cpp.o
[497/738] Building CXX object benchmarks/gemm/CMakeFiles/cutlass_benchmarks_gemm_sycl.dir/main.cpp.o
[498/738] Linking CXX executable examples/05_bmg_gemm_with_epilogues/05_bmg_gemm_with_epilogue_relu
Compilation from IR - skipping loading of FCL

warning: [RetryManager] Start recompilation of the kernel
in kernel: 'typeinfo name for cutlass::reference::device::GemmComplexKernelName<cutlass::bfloat16_t, cutlass::layout::RowMajor, cutlass::bfloat16_t, cutlass::layout::RowMajor, float, cutlass::layout::RowMajor, float, float, float, cutlass::layout::RowMajor, cutlass::NumericConverter<float, float, (cutlass::FloatRoundStyle)2>, cutlass::multiply_add<float, float, float>>'

Build succeeded.
Compilation from IR - skipping loading of FCL

warning: [RetryManager] Start recompilation of the kernel
in kernel: 'typeinfo name for cutlass::gemm::kernel::GemmUniversal<cute::tuple<int, int, int, int>, cutlass::gemm::collective::CollectiveMma<cutlass::gemm::MainloopXeL1Staged<2, cutlass::gemm::KernelXe>, cute::tuple<cute::C<256>, cute::C<256>, cute::C<32>>, cutlass::bfloat16_t, cute::tuple<long, cute::C<1>, long>, cutlass::bfloat16_t, cute::tuple<cute::C<1>, long, long>, cute::TiledMMA<cute::MMA_Atom<cute::XE_DPAS_TT<8, float, cutlass::bfloat16_t, cutlass::bfloat16_t, float>>, cute::Layout<cute::tuple<cute::C<8>, cute::C<4>, cute::C<1>>, cute::tuple<cute::C<4>, cute::C<1>, cute::C<0>>>, cute::tuple<cute::Layout<cute::tuple<cute::C<8>, cute::C<8>, cute::C<4>>, cute::tuple<cute::C<1>, cute::C<32>, cute::C<8>>>, cute::Layout<cute::tuple<cute::C<16>, cute::C<4>, cute::C<4>>, cute::tuple<cute::C<1>, cute::C<64>, cute::C<16>>>, cute::Layout<cute::C<32>, cute::C<1>>> const>, void, void, void, cute::identity, void, void, void, cute::identity>, cutlass::epilogue::collective::CollectiveEpilogue<cutlass::epilogue::IntelXeGeneric, cute::tuple<cute::C<256>, cute::C<256>, cute::C<32>>, void, float, cute::tuple<long, cute::C<1>, long>, float, cute::tuple<long, cute::C<1>, long>, cutlass::epilogue::fusion::FusionCallbacks<cutlass::epilogue::IntelXeGeneric, cutlass::epilogue::fusion::LinCombEltAct<cutlass::epilogue::thread::ReLu, float, float, float, float, (cutlass::FloatRoundStyle)2>, cute::tuple<cute::C<256>, cute::C<256>, cute::C<32>>, cute::tuple<cute::C<256>, cute::C<256>, cute::C<32>>>, void, void>, void, void>'

warning: kernel _ZTSN7cutlass4gemm6kernel13GemmUniversalIN4cute5tupleIJiiiiEEENS0_10collective13CollectiveMmaINS0_18MainloopXeL1StagedILi2ENS0_8KernelXeEEENS4_IJNS3_1CILi256EEESC_NSB_ILi32EEEEEENS_10bfloat16_tENS4_IJlNSB_ILi1EEElEEESF_NS4_IJSG_llEEENS3_8TiledMMAINS3_8MMA_AtomIJNS3_10XE_DPAS_TTILi8EfSF_SF_fEEEEENS3_6LayoutINS4_IJNSB_ILi8EEENSB_ILi4EEESG_EEENS4_IJSQ_SG_NSB_ILi0EEEEEEEEKNS4_IJNSO_INS4_IJSP_SP_SQ_EEENS4_IJSG_SD_SP_EEEEENSO_INS4_IJNSB_ILi16EEESQ_SQ_EEENS4_IJSG_NSB_ILi64EEESY_EEEEENSO_ISD_SG_EEEEEEEvvvNS3_8identityEvvvS17_EENS_8epilogue10collective18CollectiveEpilogueINS19_14IntelXeGenericEJSE_vfSH_fSH_NS19_6fusion15FusionCallbacksIS1C_NS1D_13LinCombEltActINS19_6thread4ReLuEffffLNS_15FloatRoundStyleE2EEESE_SE_JEEEvvEEEvvEE  compiled SIMD16 allocated 128 regs and spilled around 133

Build succeeded.
[499/738] Linking CXX executable test/unit/flash_attention/legacy/flash_attention_prefill/cutlass_test_unit_flash_attention_prefill_bf16_fp32_fp32_h96_xe
Compilation from IR - skipping loading of FCL

warning: [RetryManager] Start recompilation of the kernel
in kernel: 'typeinfo name for cutlass::reference::device::GemmComplexKernelName<cutlass::bfloat16_t, cutlass::layout::RowMajor, cutlass::bfloat16_t, cutlass::layout::ColumnMajor, float, cutlass::layout::RowMajor, float, float, float, cutlass::layout::RowMajor, cutlass::NumericConverter<float, float, (cutlass::FloatRoundStyle)2>, cutlass::multiply_add<float, float, float>>'

Build succeeded.
Compilation from IR - skipping loading of FCL
Build succeeded.
[500/738] Building CXX object test/unit/flash_attention/legacy/flash_attention_decode/CMakeFiles/cutlass_test_unit_flash_attention_decode_h64_xe.dir/xe_flash_decode_fp16_fp32_fp32_h64_512_nonpaged.cpp.o
[501/738] Linking CXX executable test/unit/flash_attention/legacy/flash_attention_prefill/cutlass_test_unit_flash_attention_prefill_bf16_fp32_fp32_h64_xe
Compilation from IR - skipping loading of FCL

warning: [RetryManager] Start recompilation of the kernel
in kernel: 'typeinfo name for cutlass::reference::device::GemmComplexKernelName<cutlass::bfloat16_t, cutlass::layout::RowMajor, cutlass::bfloat16_t, cutlass::layout::ColumnMajor, float, cutlass::layout::RowMajor, float, float, float, cutlass::layout::RowMajor, cutlass::NumericConverter<float, float, (cutlass::FloatRoundStyle)2>, cutlass::multiply_add<float, float, float>>'

Build succeeded.
Compilation from IR - skipping loading of FCL
Build succeeded.
[502/738] Building CXX object examples/06_bmg_flash_attention/CMakeFiles/06_xe_fmha_fwd_decode_persistent_bfloat16_t_hdim64.dir/06_xe_fmha_fwd.cpp.o
[503/738] Building CXX object test/unit/flash_attention/legacy/flash_attention_prefill/CMakeFiles/cutlass_test_unit_flash_attention_prefill_fp16_fp32_fp16_h64_xe.dir/xe_flash_prefill.cpp.o
[504/738] Linking CXX executable examples/09_bmg_grouped_gemm_f8/09_bmg_grouped_gemm_f8
Compilation from IR - skipping loading of FCL

warning: [RetryManager] Start recompilation of the kernel
in kernel: 'typeinfo name for cutlass::reference::device::GemmComplexKernelName<cutlass::half_t, cutlass::layout::RowMajor, cutlass::half_t, cutlass::layout::RowMajor, float, cutlass::layout::RowMajor, float, float, float, cutlass::layout::RowMajor, cutlass::NumericConverter<float, float, (cutlass::FloatRoundStyle)2>, cutlass::multiply_add<float, float, float>>'

Build succeeded.
Compilation from IR - skipping loading of FCL
Build succeeded.
Compilation from IR - skipping loading of FCL

warning: [RetryManager] Start recompilation of the kernel
in kernel: 'typeinfo name for cutlass::gemm::kernel::GemmUniversal<cutlass::gemm::GroupProblemShape<cute::tuple<int, int, int>>, cutlass::gemm::collective::CollectiveMma<cutlass::gemm::MainloopXeL1StagedGroup<2, cutlass::gemm::KernelXePtrArrayCooperative>, cute::tuple<cute::C<256>, cute::C<256>, cute::C<16>>, cutlass::float_e5m2_t, cute::tuple<long, cute::C<1>, cute::C<0>>*, cutlass::float_e5m2_t, cute::tuple<cute::C<1>, long, cute::C<0>>*, cute::TiledMMA<cute::MMA_Atom<cute::XE_DPAS_TT<8, float, cutlass::half_t, cutlass::half_t, float>>, cute::Layout<cute::tuple<cute::C<8>, cute::C<4>, cute::C<1>>, cute::tuple<cute::C<4>, cute::C<1>, cute::C<0>>>, cute::tuple<cute::Layout<cute::tuple<cute::C<8>, cute::C<8>, cute::C<4>>, cute::tuple<cute::C<1>, cute::C<32>, cute::C<8>>>, cute::Layout<cute::tuple<cute::C<16>, cute::C<4>, cute::C<4>>, cute::tuple<cute::C<1>, cute::C<64>, cute::C<16>>>, cute::Layout<cute::C<16>, cute::C<1>>> const>, void, void, void, cute::identity, void, void, void, cute::identity>, cutlass::epilogue::collective::CollectiveEpilogue<cutlass::epilogue::IntelXeXMX16Group, cute::tuple<cute::C<256>, cute::C<256>, cute::C<16>>, float, cute::tuple<long, cute::C<1>, cute::C<0>>*, float, cute::tuple<long, cute::C<1>, cute::C<0>>*, cutlass::epilogue::fusion::FusionCallbacks<cutlass::epilogue::IntelXeXMX16Group, cutlass::epilogue::fusion::LinearCombination<float, float, float, float, (cutlass::FloatRoundStyle)2>, cute::tuple<cute::C<256>, cute::C<256>, cute::C<16>>, cute::tuple<cute::C<256>, cute::C<256>, cute::C<16>>>, cute::XE_2D_U32x8x16_LD_N, void, void, cute::XE_2D_U32x8x16_ST_N, void, void>, cutlass::gemm::GroupScheduler, void>'

warning: kernel _ZTSN7cutlass4gemm6kernel13GemmUniversalINS0_17GroupProblemShapeIN4cute5tupleIJiiiEEEEENS0_10collective13CollectiveMmaINS0_23MainloopXeL1StagedGroupILi2ENS0_27KernelXePtrArrayCooperativeEEENS5_IJNS4_1CILi256EEESE_NSD_ILi16EEEEEENS_12float_e4m3_tEPNS5_IJlNSD_ILi1EEENSD_ILi0EEEEEESH_PNS5_IJSI_lSJ_EEENS4_8TiledMMAINS4_8MMA_AtomIJNS4_10XE_DPAS_TTILi8EfNS_6half_tESR_fEEEEENS4_6LayoutINS5_IJNSD_ILi8EEENSD_ILi4EEESI_EEENS5_IJSW_SI_SJ_EEEEEKNS5_IJNSU_INS5_IJSV_SV_SW_EEENS5_IJSI_NSD_ILi32EEESV_EEEEENSU_INS5_IJSF_SW_SW_EEENS5_IJSI_NSD_ILi64EEESF_EEEEENSU_ISF_SI_EEEEEEEvvvNS4_8identityEvvvS1C_EENS_8epilogue10collective18CollectiveEpilogueINS1E_17IntelXeXMX16GroupEJSG_fSL_fSL_NS1E_6fusion15FusionCallbacksIS1H_NS1I_17LinearCombinationIffffLNS_15FloatRoundStyleE2EEESG_SG_JEEENS4_19XE_2D_U32x8x16_LD_NEvvNS4_19XE_2D_U32x8x16_ST_NEvvEEENS0_14GroupSchedulerEvEE  compiled SIMD16 allocated 128 regs and spilled around 135

warning: kernel _ZTSN7cutlass4gemm6kernel13GemmUniversalINS0_17GroupProblemShapeIN4cute5tupleIJiiiEEEEENS0_10collective13CollectiveMmaINS0_23MainloopXeL1StagedGroupILi2ENS0_27KernelXePtrArrayCooperativeEEENS5_IJNS4_1CILi256EEESE_NSD_ILi16EEEEEENS_12float_e5m2_tEPNS5_IJlNSD_ILi1EEENSD_ILi0EEEEEESH_PNS5_IJSI_lSJ_EEENS4_8TiledMMAINS4_8MMA_AtomIJNS4_10XE_DPAS_TTILi8EfNS_6half_tESR_fEEEEENS4_6LayoutINS5_IJNSD_ILi8EEENSD_ILi4EEESI_EEENS5_IJSW_SI_SJ_EEEEEKNS5_IJNSU_INS5_IJSV_SV_SW_EEENS5_IJSI_NSD_ILi32EEESV_EEEEENSU_INS5_IJSF_SW_SW_EEENS5_IJSI_NSD_ILi64EEESF_EEEEENSU_ISF_SI_EEEEEEEvvvNS4_8identityEvvvS1C_EENS_8epilogue10collective18CollectiveEpilogueINS1E_17IntelXeXMX16GroupEJSG_fSL_fSL_NS1E_6fusion15FusionCallbacksIS1H_NS1I_17LinearCombinationIffffLNS_15FloatRoundStyleE2EEESG_SG_JEEENS4_19XE_2D_U32x8x16_LD_NEvvNS4_19XE_2D_U32x8x16_ST_NEvvEEENS0_14GroupSchedulerEvEE  compiled SIMD16 allocated 128 regs and spilled around 131

Build succeeded.
[505/738] Building CXX object test/unit/flash_attention/legacy/flash_attention_prefill_cachedkv/CMakeFiles/cutlass_test_unit_flash_attention_prefill_cachedkv_96_xe.dir/xe_flash_prefill_cachedkv_fp16_fp32_fp32_96.cpp.o
[506/738] Building CXX object test/unit/flash_attention/legacy/flash_attention_prefill/CMakeFiles/cutlass_test_unit_flash_attention_prefill_fp8e5m2_fp32_fp32_h64_xe.dir/xe_flash_prefill.cpp.o
[507/738] Building CXX object examples/06_bmg_flash_attention/legacy/CMakeFiles/06_bmg_prefill_attention_hdim64.dir/06_bmg_prefill_attention.cpp.o
[508/738] Linking CXX executable examples/06_bmg_flash_attention/06_xe_fmha_fwd_decode_persistent_float_e4m3_t_hdim96
Compilation from IR - skipping loading of FCL
Build succeeded.
Compilation from IR - skipping loading of FCL
Build succeeded.
Compilation from IR - skipping loading of FCL

warning: [RetryManager] Start recompilation of the kernel
in kernel: 'typeinfo name for cutlass::reference::device::GemmComplexKernelName<cutlass::half_t, cutlass::layout::RowMajor, cutlass::half_t, cutlass::layout::ColumnMajor, float, cutlass::layout::RowMajor, float, float, float, cutlass::layout::RowMajor, cutlass::NumericConverter<float, float, (cutlass::FloatRoundStyle)2>, cutlass::multiply_add<float, float, float>>'

Build succeeded.
Compilation from IR - skipping loading of FCL
Build succeeded.
[509/738] Building CXX object test/unit/flash_attention/legacy/flash_attention_prefill/CMakeFiles/cutlass_test_unit_flash_attention_prefill_fp8e4m3_fp32_fp32_h96_xe.dir/xe_flash_prefill.cpp.o
[510/738] Building CXX object test/unit/flash_attention/legacy/flash_attention_prefill_cachedkv/CMakeFiles/cutlass_test_unit_flash_attention_prefill_cachedkv_192_xe.dir/xe_flash_prefill_cachedkv_bf16_fp32_fp32_192.cpp.o
[511/738] Building CXX object examples/10_bmg_grouped_gemm_mixed_dtype/CMakeFiles/10_bmg_grouped_gemm_f16_s8_tensorwise.dir/10_bmg_grouped_gemm_bf16_f16_s8.cpp.o
[512/738] Building CXX object examples/06_bmg_flash_attention/legacy/CMakeFiles/06_bmg_prefill_attention_hdim96.dir/06_bmg_prefill_attention.cpp.o
[513/738] Building CXX object test/unit/flash_attention/legacy/flash_attention_prefill/CMakeFiles/cutlass_test_unit_flash_attention_prefill_fp16_fp32_fp32_h192_xe.dir/xe_flash_prefill.cpp.o
[514/738] Linking CXX executable examples/06_bmg_flash_attention/06_xe_fmha_fwd_decode_persistent_float_e5m2_t_hdim128
Compilation from IR - skipping loading of FCL
Build succeeded.
Compilation from IR - skipping loading of FCL
Build succeeded.
Compilation from IR - skipping loading of FCL

warning: [RetryManager] Start recompilation of the kernel
in kernel: 'typeinfo name for cutlass::reference::device::GemmComplexKernelName<cutlass::half_t, cutlass::layout::RowMajor, cutlass::half_t, cutlass::layout::ColumnMajor, float, cutlass::layout::RowMajor, float, float, float, cutlass::layout::RowMajor, cutlass::NumericConverter<float, float, (cutlass::FloatRoundStyle)2>, cutlass::multiply_add<float, float, float>>'

Build succeeded.
Compilation from IR - skipping loading of FCL
Build succeeded.
[515/738] Building CXX object examples/06_bmg_flash_attention/CMakeFiles/06_xe_fmha_fwd_decode_persistent_bfloat16_t_hdim96.dir/06_xe_fmha_fwd.cpp.o
[516/738] Building CXX object test/unit/flash_attention/legacy/flash_attention_prefill/CMakeFiles/cutlass_test_unit_flash_attention_prefill_fp16_fp32_fp32_h64_xe.dir/xe_flash_prefill.cpp.o
[517/738] Building CXX object examples/06_bmg_flash_attention/CMakeFiles/06_xe_fmha_fwd_decode_persistent_bfloat16_t_hdim128.dir/06_xe_fmha_fwd.cpp.o
[518/738] Linking CXX executable benchmarks/gemm/cutlass_benchmarks_gemm_sycl
Compilation from IR - skipping loading of FCL

warning: [RetryManager] Start recompilation of the kernel
in kernel: 'typeinfo name for cutlass::reference::device::GemmComplexKernelName<cutlass::bfloat16_t, cutlass::layout::RowMajor, cutlass::bfloat16_t, cutlass::layout::RowMajor, float, cutlass::layout::RowMajor, float, float, float, cutlass::layout::RowMajor, cutlass::NumericConverter<float, float, (cutlass::FloatRoundStyle)2>, cutlass::multiply_add<float, float, float>>'

Build succeeded.
Compilation from IR - skipping loading of FCL

warning: [RetryManager] Start recompilation of the kernel
in kernel: 'typeinfo name for cutlass::gemm::kernel::GemmUniversal<cute::tuple<int, int, int, int>, cutlass::gemm::collective::CollectiveMma<cutlass::gemm::MainloopXeL1Staged<2, cutlass::gemm::KernelXe>, cute::tuple<cute::C<512>, cute::C<256>, cute::C<32>>, cutlass::bfloat16_t, cute::tuple<long, cute::C<1>, long>, cutlass::bfloat16_t, cute::tuple<cute::C<1>, long, long>, cute::TiledMMA<cute::MMA_Atom<cute::XE_DPAS_TT<8, float, cutlass::bfloat16_t, cutlass::bfloat16_t, float>>, cute::Layout<cute::tuple<cute::C<8>, cute::C<4>, cute::C<1>>, cute::tuple<cute::C<4>, cute::C<1>, cute::C<0>>>, cute::tuple<cute::Layout<cute::tuple<cute::C<8>, cute::C<8>, cute::C<8>>, cute::tuple<cute::C<1>, cute::C<64>, cute::C<8>>>, cute::Layout<cute::tuple<cute::C<16>, cute::C<4>, cute::C<4>>, cute::tuple<cute::C<1>, cute::C<64>, cute::C<16>>>, cute::Layout<cute::C<32>, cute::C<1>>> const>, void, void, void, cute::identity, void, void, void, cute::identity>, cutlass::epilogue::collective::CollectiveEpilogue<cutlass::epilogue::IntelXeGeneric, cute::tuple<cute::C<512>, cute::C<256>, cute::C<32>>, void, float, cute::tuple<long, cute::C<1>, long>, float, cute::tuple<long, cute::C<1>, long>, cutlass::epilogue::fusion::FusionCallbacks<cutlass::epilogue::IntelXeGeneric, cutlass::epilogue::fusion::LinearCombination<float, float, float, float, (cutlass::FloatRoundStyle)2>, cute::tuple<cute::C<512>, cute::C<256>, cute::C<32>>, cute::tuple<cute::C<512>, cute::C<256>, cute::C<32>>>, void, void>, void, void>'

warning: kernel _ZTSN7cutlass4gemm6kernel13GemmUniversalIN4cute5tupleIJiiiiEEENS0_10collective13CollectiveMmaINS0_18MainloopXeL1StagedILi2ENS0_8KernelXeEEENS4_IJNS3_1CILi512EEENSB_ILi256EEENSB_ILi32EEEEEENS_10bfloat16_tENS4_IJlNSB_ILi1EEElEEESG_NS4_IJSH_llEEENS3_8TiledMMAINS3_8MMA_AtomIJNS3_10XE_DPAS_TTILi8EfSG_SG_fEEEEENS3_6LayoutINS4_IJNSB_ILi8EEENSB_ILi4EEESH_EEENS4_IJSR_SH_NSB_ILi0EEEEEEEEKNS4_IJNSP_INS4_IJSQ_SQ_SQ_EEENS4_IJSH_NSB_ILi64EEESQ_EEEEENSP_INS4_IJNSB_ILi16EEESR_SR_EEENS4_IJSH_SX_S10_EEEEENSP_ISE_SH_EEEEEEEvvvNS3_8identityEvvvS18_EENS_8epilogue10collective18CollectiveEpilogueINS1A_14IntelXeGenericEJSF_vfSI_fSI_NS1A_6fusion15FusionCallbacksIS1D_NS1E_17LinearCombinationIffffLNS_15FloatRoundStyleE2EEESF_SF_JEEEvvEEEvvEE  compiled SIMD16 allocated 128 regs and spilled around 307

Build succeeded.
[519/738] Linking CXX executable examples/06_bmg_flash_attention/legacy/06_bmg_prefill_attention_hdim192
warning: Undefined function _Z45intel_sub_group_2d_block_prefetch_16b_4r16x2cPU3AS1viiiDv2_i found in /tmp/icpx-ab1a25a2e3/06_bmg_prefill_attention-c66e5c.bc. This may result in runtime errors.
Compilation from IR - skipping loading of FCL

warning: [RetryManager] Start recompilation of the kernel
in kernel: 'typeinfo name for cutlass::reference::device::GemmComplexKernelName<cutlass::bfloat16_t, cutlass::layout::RowMajor, cutlass::bfloat16_t, cutlass::layout::ColumnMajor, float, cutlass::layout::RowMajor, float, float, float, cutlass::layout::RowMajor, cutlass::NumericConverter<float, float, (cutlass::FloatRoundStyle)2>, cutlass::multiply_add<float, float, float>>'

Build succeeded.
Compilation from IR - skipping loading of FCL
Build succeeded.
[520/738] Linking CXX executable examples/05_bmg_gemm_with_epilogues/05_bmg_gemm_with_epilogue_lincombperrowbiaseltactaux
Compilation from IR - skipping loading of FCL

warning: [RetryManager] Start recompilation of the kernel
in kernel: 'typeinfo name for cutlass::reference::device::GemmComplexKernelName<cutlass::bfloat16_t, cutlass::layout::RowMajor, cutlass::bfloat16_t, cutlass::layout::RowMajor, float, cutlass::layout::RowMajor, float, float, float, cutlass::layout::RowMajor, cutlass::NumericConverter<float, float, (cutlass::FloatRoundStyle)2>, cutlass::multiply_add<float, float, float>>'

Build succeeded.
Compilation from IR - skipping loading of FCL

warning: [RetryManager] Start recompilation of the kernel
in kernel: 'typeinfo name for cutlass::gemm::kernel::GemmUniversal<cute::tuple<int, int, int, int>, cutlass::gemm::collective::CollectiveMma<cutlass::gemm::MainloopXeL1Staged<2, cutlass::gemm::KernelXe>, cute::tuple<cute::C<256>, cute::C<256>, cute::C<32>>, cutlass::bfloat16_t, cute::tuple<long, cute::C<1>, long>, cutlass::bfloat16_t, cute::tuple<cute::C<1>, long, long>, cute::TiledMMA<cute::MMA_Atom<cute::XE_DPAS_TT<8, float, cutlass::bfloat16_t, cutlass::bfloat16_t, float>>, cute::Layout<cute::tuple<cute::C<8>, cute::C<4>, cute::C<1>>, cute::tuple<cute::C<4>, cute::C<1>, cute::C<0>>>, cute::tuple<cute::Layout<cute::tuple<cute::C<8>, cute::C<8>, cute::C<4>>, cute::tuple<cute::C<1>, cute::C<32>, cute::C<8>>>, cute::Layout<cute::tuple<cute::C<16>, cute::C<4>, cute::C<4>>, cute::tuple<cute::C<1>, cute::C<64>, cute::C<16>>>, cute::Layout<cute::C<32>, cute::C<1>>> const>, void, void, void, cute::identity, void, void, void, cute::identity>, cutlass::epilogue::collective::CollectiveEpilogue<cutlass::epilogue::IntelXeGeneric, cute::tuple<cute::C<256>, cute::C<256>, cute::C<32>>, void, float, cute::tuple<long, cute::C<1>, long>, float, cute::tuple<long, cute::C<1>, long>, cutlass::epilogue::fusion::FusionCallbacks<cutlass::epilogue::IntelXeGeneric, cutlass::epilogue::fusion::LinCombPerRowBiasEltActAux<cutlass::layout::RowMajor, cutlass::epilogue::thread::ReLu, float, float, float, float, float, float, 4, 4, (cutlass::FloatRoundStyle)2>, cute::tuple<cute::C<256>, cute::C<256>, cute::C<32>>, cute::tuple<cute::C<256>, cute::C<256>, cute::C<32>>, void>, void, void>, void, void>'

warning: kernel _ZTSN7cutlass4gemm6kernel13GemmUniversalIN4cute5tupleIJiiiiEEENS0_10collective13CollectiveMmaINS0_18MainloopXeL1StagedILi2ENS0_8KernelXeEEENS4_IJNS3_1CILi256EEESC_NSB_ILi32EEEEEENS_10bfloat16_tENS4_IJlNSB_ILi1EEElEEESF_NS4_IJSG_llEEENS3_8TiledMMAINS3_8MMA_AtomIJNS3_10XE_DPAS_TTILi8EfSF_SF_fEEEEENS3_6LayoutINS4_IJNSB_ILi8EEENSB_ILi4EEESG_EEENS4_IJSQ_SG_NSB_ILi0EEEEEEEEKNS4_IJNSO_INS4_IJSP_SP_SQ_EEENS4_IJSG_SD_SP_EEEEENSO_INS4_IJNSB_ILi16EEESQ_SQ_EEENS4_IJSG_NSB_ILi64EEESY_EEEEENSO_ISD_SG_EEEEEEEvvvNS3_8identityEvvvS17_EENS_8epilogue10collective18CollectiveEpilogueINS19_14IntelXeGenericEJSE_vfSH_fSH_NS19_6fusion15FusionCallbacksIS1C_NS1D_26LinCombPerRowBiasEltActAuxINS_6layout8RowMajorENS19_6thread4ReLuEffffffLi4ELi4ELNS_15FloatRoundStyleE2EEESE_SE_JvEEEvvEEEvvEE  compiled SIMD16 allocated 128 regs and spilled around 143

Build succeeded.
[521/738] Linking CXX executable examples/06_bmg_flash_attention/legacy/06_bmg_prefill_attention_hdim128
Compilation from IR - skipping loading of FCL

warning: [RetryManager] Start recompilation of the kernel
in kernel: 'typeinfo name for cutlass::reference::device::GemmComplexKernelName<cutlass::bfloat16_t, cutlass::layout::RowMajor, cutlass::bfloat16_t, cutlass::layout::ColumnMajor, float, cutlass::layout::RowMajor, float, float, float, cutlass::layout::RowMajor, cutlass::NumericConverter<float, float, (cutlass::FloatRoundStyle)2>, cutlass::multiply_add<float, float, float>>'

Build succeeded.
Compilation from IR - skipping loading of FCL
Build succeeded.
[522/738] Building CXX object test/unit/flash_attention/legacy/flash_attention_decode/CMakeFiles/cutlass_test_unit_flash_attention_decode_h192_xe.dir/xe_flash_decode_bf16_fp32_fp32_h192_512_nonpaged.cpp.o
[523/738] Linking CXX executable examples/06_bmg_flash_attention/06_xe_fmha_fwd_decode_persistent_float_e4m3_t_hdim64
Compilation from IR - skipping loading of FCL
Build succeeded.
Compilation from IR - skipping loading of FCL
Build succeeded.
Compilation from IR - skipping loading of FCL

warning: [RetryManager] Start recompilation of the kernel
in kernel: 'typeinfo name for cutlass::reference::device::GemmComplexKernelName<cutlass::half_t, cutlass::layout::RowMajor, cutlass::half_t, cutlass::layout::ColumnMajor, float, cutlass::layout::RowMajor, float, float, float, cutlass::layout::RowMajor, cutlass::NumericConverter<float, float, (cutlass::FloatRoundStyle)2>, cutlass::multiply_add<float, float, float>>'

Build succeeded.
Compilation from IR - skipping loading of FCL
Build succeeded.
[524/738] Linking CXX executable test/unit/flash_attention/legacy/flash_attention_prefill/cutlass_test_unit_flash_attention_prefill_bf16_fp32_fp32_h128_xe
Compilation from IR - skipping loading of FCL

warning: [RetryManager] Start recompilation of the kernel
in kernel: 'typeinfo name for cutlass::reference::device::GemmComplexKernelName<cutlass::bfloat16_t, cutlass::layout::RowMajor, cutlass::bfloat16_t, cutlass::layout::ColumnMajor, float, cutlass::layout::RowMajor, float, float, float, cutlass::layout::RowMajor, cutlass::NumericConverter<float, float, (cutlass::FloatRoundStyle)2>, cutlass::multiply_add<float, float, float>>'

Build succeeded.
Compilation from IR - skipping loading of FCL
Build succeeded.
[525/738] Building CXX object examples/06_bmg_flash_attention/CMakeFiles/06_xe_fmha_fwd_decode_persistent_float_e5m2_t_hdim64.dir/06_xe_fmha_fwd.cpp.o
[526/738] Building CXX object test/unit/flash_attention/legacy/flash_attention_decode/CMakeFiles/cutlass_test_unit_flash_attention_decode_h64_xe.dir/xe_flash_decode_fp16_fp32_fp32_h64_1024_nonpaged.cpp.o
[527/738] Building CXX object test/unit/flash_attention/legacy/flash_attention_prefill/CMakeFiles/cutlass_test_unit_flash_attention_prefill_fp8e4m3_fp32_fp8e4m3_h128_xe.dir/xe_flash_prefill.cpp.o
[528/738] Building CXX object test/unit/flash_attention/legacy/flash_attention_prefill_cachedkv/CMakeFiles/cutlass_test_unit_flash_attention_prefill_cachedkv_128_xe.dir/xe_flash_prefill_cachedkv_fp16_fp32_fp32_128.cpp.o
[529/738] Building CXX object test/unit/flash_attention/legacy/flash_attention_prefill_cachedkv/CMakeFiles/cutlass_test_unit_flash_attention_prefill_cachedkv_64_xe.dir/xe_flash_prefill_cachedkv_bf16_fp32_fp32_64.cpp.o
[530/738] Building CXX object test/unit/flash_attention/legacy/flash_attention_prefill/CMakeFiles/cutlass_test_unit_flash_attention_prefill_fp8e4m3_fp32_fp8e4m3_h64_xe.dir/xe_flash_prefill.cpp.o
[531/738] Building CXX object test/unit/flash_attention/legacy/flash_attention_decode/CMakeFiles/cutlass_test_unit_flash_attention_decode_h192_xe.dir/xe_flash_decode_fp16_fp32_fp32_h192_512_nonpaged.cpp.o
[532/738] Building CXX object examples/06_bmg_flash_attention/legacy/CMakeFiles/06_bmg_prefill_attention_fp8_hdim96.dir/06_bmg_prefill_attention_fp8.cpp.o
[533/738] Linking CXX executable test/unit/flash_attention/legacy/flash_attention_prefill/cutlass_test_unit_flash_attention_prefill_bf16_fp32_bf16_h192_xe
warning: Undefined function _Z45intel_sub_group_2d_block_prefetch_16b_4r16x2cPU3AS1viiiDv2_i found in /tmp/icpx-7196e8cef7/filter_architecture-5a35b9.bc. This may result in runtime errors.
Compilation from IR - skipping loading of FCL

warning: [RetryManager] Start recompilation of the kernel
in kernel: 'typeinfo name for cutlass::reference::device::GemmComplexKernelName<cutlass::bfloat16_t, cutlass::layout::RowMajor, cutlass::bfloat16_t, cutlass::layout::ColumnMajor, float, cutlass::layout::RowMajor, float, float, float, cutlass::layout::RowMajor, cutlass::NumericConverter<float, float, (cutlass::FloatRoundStyle)2>, cutlass::multiply_add<float, float, float>>'

Build succeeded.
Compilation from IR - skipping loading of FCL
Build succeeded.
[534/738] Linking CXX executable examples/06_bmg_flash_attention/06_xe_fmha_fwd_decode_persistent_bfloat16_t_hdim64
Compilation from IR - skipping loading of FCL
Build succeeded.
Compilation from IR - skipping loading of FCL
Build succeeded.
Compilation from IR - skipping loading of FCL

warning: [RetryManager] Start recompilation of the kernel
in kernel: 'typeinfo name for cutlass::reference::device::GemmComplexKernelName<cutlass::bfloat16_t, cutlass::layout::RowMajor, cutlass::bfloat16_t, cutlass::layout::ColumnMajor, float, cutlass::layout::RowMajor, float, float, float, cutlass::layout::RowMajor, cutlass::NumericConverter<float, float, (cutlass::FloatRoundStyle)2>, cutlass::multiply_add<float, float, float>>'

Build succeeded.
[535/738] Building CXX object test/unit/flash_attention/legacy/flash_attention_prefill/CMakeFiles/cutlass_test_unit_flash_attention_prefill_fp16_fp32_fp32_h128_xe.dir/xe_flash_prefill.cpp.o
[536/738] Building CXX object test/unit/flash_attention/legacy/flash_attention_prefill_cachedkv/CMakeFiles/cutlass_test_unit_flash_attention_prefill_cachedkv_192_xe.dir/xe_flash_prefill_cachedkv_fp16_fp32_fp32_192.cpp.o
[537/738] Building CXX object test/unit/flash_attention/legacy/flash_attention_decode/CMakeFiles/cutlass_test_unit_flash_attention_decode_h96_xe.dir/xe_flash_decode_fp16_fp32_fp32_h96_512_nonpaged.cpp.o
[538/738] Linking CXX executable examples/10_bmg_grouped_gemm_mixed_dtype/10_bmg_grouped_gemm_f16_s8_tensorwise
warning: Undefined function _Z44intel_sub_group_2d_block_prefetch_8b_8r32x2cPU3AS1viiiDv2_i found in /tmp/icpx-f10e804698/10_bmg_grouped_gemm_bf16_f16_s8-7df958.bc. This may result in runtime errors.
warning: Undefined function _Z44intel_sub_group_2d_block_prefetch_8b_4r32x2cPU3AS1viiiDv2_i found in /tmp/icpx-f10e804698/10_bmg_grouped_gemm_bf16_f16_s8-7df958.bc. This may result in runtime errors.
Compilation from IR - skipping loading of FCL
Build succeeded.
Compilation from IR - skipping loading of FCL
Build succeeded.
Compilation from IR - skipping loading of FCL
Build succeeded.
Compilation from IR - skipping loading of FCL

warning: [RetryManager] Start recompilation of the kernel
in kernel: 'typeinfo name for cutlass::gemm::kernel::GemmUniversal<cute::tuple<int, int, int, int>, cutlass::gemm::collective::CollectiveMma<cutlass::gemm::MainloopIntelXeXMX16<3, cutlass::gemm::KernelXe>, cute::tuple<cute::C<256>, cute::C<256>, cute::C<32>>, cutlass::half_t, cute::tuple<long, cute::C<1>, long>, cutlass::half_t, cute::tuple<cute::C<1>, long, long>, cute::TiledMMA<cute::MMA_Atom<cute::XE_8x16x16_F32F16F16F32_TT>, cute::Layout<cute::tuple<cute::C<8>, cute::C<4>, cute::C<1>>, cute::tuple<cute::C<4>, cute::C<1>, cute::C<0>>>, cute::tuple<cute::Layout<cute::tuple<cute::C<8>, cute::C<8>, cute::C<4>>, cute::tuple<cute::C<1>, cute::C<32>, cute::C<8>>>, cute::Layout<cute::tuple<cute::C<16>, cute::C<4>, cute::C<4>>, cute::tuple<cute::C<1>, cute::C<64>, cute::C<16>>>, cute::Layout<cute::C<32>, cute::C<1>>> const>, cute::XE_2D_U16x32x32_LD_N, void, void, cute::identity, cute::XE_2D_U16x32x32_LD_V, void, void, cute::identity>, cutlass::epilogue::collective::CollectiveEpilogue<cutlass::epilogue::IntelXeXMX16, cute::tuple<cute::C<256>, cute::C<256>, cute::C<32>>, float, cute::tuple<long, cute::C<1>, long>, float, cute::tuple<long, cute::C<1>, long>, cutlass::epilogue::fusion::FusionCallbacks<cutlass::epilogue::IntelXeXMX16, cutlass::epilogue::fusion::LinearCombination<float, float, float, float, (cutlass::FloatRoundStyle)2>, cute::tuple<cute::C<256>, cute::C<256>, cute::C<32>>, cute::tuple<cute::C<256>, cute::C<256>, cute::C<32>>>, cute::XE_2D_U32x8x16_LD_N, void, void, cute::XE_2D_U32x8x16_ST_N, void, void>, void, void>'

warning: kernel _ZTSN7cutlass4gemm6kernel13GemmUniversalIN4cute5tupleIJiiiiEEENS0_10collective13CollectiveMmaINS0_20MainloopIntelXeXMX16ILi3ENS0_8KernelXeEEENS4_IJNS3_1CILi256EEESC_NSB_ILi32EEEEEENS_6half_tENS4_IJlNSB_ILi1EEElEEESF_NS4_IJSG_llEEENS3_8TiledMMAINS3_8MMA_AtomIJNS3_26XE_8x16x16_F32F16F16F32_TTEEEENS3_6LayoutINS4_IJNSB_ILi8EEENSB_ILi4EEESG_EEENS4_IJSP_SG_NSB_ILi0EEEEEEEEKNS4_IJNSN_INS4_IJSO_SO_SP_EEENS4_IJSG_SD_SO_EEEEENSN_INS4_IJNSB_ILi16EEESP_SP_EEENS4_IJSG_NSB_ILi64EEESX_EEEEENSN_ISD_SG_EEEEEEENS3_20XE_2D_U16x32x32_LD_NEvvNS3_8identityENS3_20XE_2D_U16x32x32_LD_VEvvS17_EENS_8epilogue10collective18CollectiveEpilogueINS1A_12IntelXeXMX16EJSE_fSH_fSH_NS1A_6fusion15FusionCallbacksIS1D_NS1E_17LinearCombinationIffffLNS_15FloatRoundStyleE2EEESE_SE_JEEENS3_19XE_2D_U32x8x16_LD_NEvvNS3_19XE_2D_U32x8x16_ST_NEvvEEEvvEE  compiled SIMD16 allocated 128 regs and spilled around 137

Build succeeded.
[539/738] Linking CXX executable examples/06_bmg_flash_attention/legacy/06_bmg_prefill_attention_fp8_hdim128
warning: Undefined function _Z44intel_sub_group_2d_block_prefetch_8b_8r32x2cPU3AS1viiiDv2_i found in /tmp/icpx-445c84036d/06_bmg_prefill_attention_fp8-1d4a62.bc. This may result in runtime errors.
warning: Undefined function _Z44intel_sub_group_2d_block_prefetch_8b_4r32x2cPU3AS1viiiDv2_i found in /tmp/icpx-445c84036d/06_bmg_prefill_attention_fp8-1d4a62.bc. This may result in runtime errors.
Compilation from IR - skipping loading of FCL

warning: [RetryManager] Start recompilation of the kernel
in kernel: 'typeinfo name for cutlass::reference::device::GemmComplexKernelName<cutlass::half_t, cutlass::layout::RowMajor, cutlass::half_t, cutlass::layout::ColumnMajor, float, cutlass::layout::RowMajor, float, float, float, cutlass::layout::RowMajor, cutlass::NumericConverter<float, float, (cutlass::FloatRoundStyle)2>, cutlass::multiply_add<float, float, float>>'

Build succeeded.
Compilation from IR - skipping loading of FCL
Build succeeded.
Compilation from IR - skipping loading of FCL
Build succeeded.
[540/738] Building CXX object examples/10_bmg_grouped_gemm_mixed_dtype/CMakeFiles/10_bmg_grouped_gemm_bf16_s8.dir/10_bmg_grouped_gemm_bf16_f16_s8.cpp.o
[541/738] Building CXX object test/unit/flash_attention/legacy/flash_attention_prefill/CMakeFiles/cutlass_test_unit_flash_attention_prefill_bf16_fp32_bf16_h96_xe.dir/xe_flash_prefill.cpp.o
[542/738] Linking CXX executable test/unit/flash_attention/legacy/flash_attention_prefill/cutlass_test_unit_flash_attention_prefill_fp16_fp32_fp16_h64_xe
Compilation from IR - skipping loading of FCL

warning: [RetryManager] Start recompilation of the kernel
in kernel: 'typeinfo name for cutlass::reference::device::GemmComplexKernelName<cutlass::half_t, cutlass::layout::RowMajor, cutlass::half_t, cutlass::layout::ColumnMajor, float, cutlass::layout::RowMajor, float, float, float, cutlass::layout::RowMajor, cutlass::NumericConverter<float, float, (cutlass::FloatRoundStyle)2>, cutlass::multiply_add<float, float, float>>'

Build succeeded.
Compilation from IR - skipping loading of FCL
Build succeeded.
Compilation from IR - skipping loading of FCL
Build succeeded.
[543/738] Linking CXX executable examples/06_bmg_flash_attention/06_xe_fmha_fwd_decode_persistent_bfloat16_t_hdim96
Compilation from IR - skipping loading of FCL
Build succeeded.
Compilation from IR - skipping loading of FCL
Build succeeded.
Compilation from IR - skipping loading of FCL

warning: [RetryManager] Start recompilation of the kernel
in kernel: 'typeinfo name for cutlass::reference::device::GemmComplexKernelName<cutlass::bfloat16_t, cutlass::layout::RowMajor, cutlass::bfloat16_t, cutlass::layout::ColumnMajor, float, cutlass::layout::RowMajor, float, float, float, cutlass::layout::RowMajor, cutlass::NumericConverter<float, float, (cutlass::FloatRoundStyle)2>, cutlass::multiply_add<float, float, float>>'

Build succeeded.
[544/738] Linking CXX executable test/unit/flash_attention/legacy/flash_attention_prefill/cutlass_test_unit_flash_attention_prefill_fp16_fp32_fp16_h96_xe
Compilation from IR - skipping loading of FCL

warning: [RetryManager] Start recompilation of the kernel
in kernel: 'typeinfo name for cutlass::reference::device::GemmComplexKernelName<cutlass::half_t, cutlass::layout::RowMajor, cutlass::half_t, cutlass::layout::ColumnMajor, float, cutlass::layout::RowMajor, float, float, float, cutlass::layout::RowMajor, cutlass::NumericConverter<float, float, (cutlass::FloatRoundStyle)2>, cutlass::multiply_add<float, float, float>>'

Build succeeded.
Compilation from IR - skipping loading of FCL
Build succeeded.
Compilation from IR - skipping loading of FCL
Build succeeded.
[545/738] Building CXX object test/unit/cute/intel_xe/CMakeFiles/cutlass_test_unit_cute_intel_xe.dir/copy_block.cpp.o
[546/738] Building CXX object test/unit/flash_attention/legacy/flash_attention_prefill/CMakeFiles/cutlass_test_unit_flash_attention_prefill_fp8e5m2_fp32_fp8e5m2_h192_xe.dir/xe_flash_prefill.cpp.o
[547/738] Linking CXX executable examples/06_bmg_flash_attention/06_xe_fmha_fwd_decode_persistent_bfloat16_t_hdim128
Compilation from IR - skipping loading of FCL
Build succeeded.
Compilation from IR - skipping loading of FCL
Build succeeded.
Compilation from IR - skipping loading of FCL

warning: [RetryManager] Start recompilation of the kernel
in kernel: 'typeinfo name for cutlass::reference::device::GemmComplexKernelName<cutlass::bfloat16_t, cutlass::layout::RowMajor, cutlass::bfloat16_t, cutlass::layout::ColumnMajor, float, cutlass::layout::RowMajor, float, float, float, cutlass::layout::RowMajor, cutlass::NumericConverter<float, float, (cutlass::FloatRoundStyle)2>, cutlass::multiply_add<float, float, float>>'

Build succeeded.
[548/738] Linking CXX executable examples/06_bmg_flash_attention/legacy/06_bmg_prefill_attention_hdim64
Compilation from IR - skipping loading of FCL

warning: [RetryManager] Start recompilation of the kernel
in kernel: 'typeinfo name for cutlass::reference::device::GemmComplexKernelName<cutlass::bfloat16_t, cutlass::layout::RowMajor, cutlass::bfloat16_t, cutlass::layout::ColumnMajor, float, cutlass::layout::RowMajor, float, float, float, cutlass::layout::RowMajor, cutlass::NumericConverter<float, float, (cutlass::FloatRoundStyle)2>, cutlass::multiply_add<float, float, float>>'

Build succeeded.
Compilation from IR - skipping loading of FCL
Build succeeded.
[549/738] Building CXX object examples/06_bmg_flash_attention/legacy/CMakeFiles/06_bmg_prefill_attention_fp8_hdim192.dir/06_bmg_prefill_attention_fp8.cpp.o
[550/738] Building CXX object test/unit/gemm/device/CMakeFiles/cutlass_test_unit_gemm_device_tensorop_xe.dir/xe_gemm_fp16_s8_fp32_tensor_op_fp32.cpp.o
[551/738] Building CXX object test/unit/flash_attention/legacy/flash_attention_prefill/CMakeFiles/cutlass_test_unit_flash_attention_prefill_bf16_fp32_fp32_h192_xe.dir/xe_flash_prefill.cpp.o
[552/738] Building CXX object examples/08_bmg_gemm_f8/CMakeFiles/08_bmg_gemm_f8_scaling.dir/08_bmg_gemm_f8_scaling.cpp.o
[553/738] Building CXX object test/unit/flash_attention/legacy/flash_attention_prefill/CMakeFiles/cutlass_test_unit_flash_attention_prefill_fp16_fp32_fp16_h128_xe.dir/xe_flash_prefill.cpp.o
[554/738] Linking CXX executable test/unit/flash_attention/legacy/flash_attention_prefill/cutlass_test_unit_flash_attention_prefill_fp16_fp32_fp32_h192_xe
warning: Undefined function _Z45intel_sub_group_2d_block_prefetch_16b_4r16x2cPU3AS1viiiDv2_i found in /tmp/icpx-c402910154/filter_architecture-c25093.bc. This may result in runtime errors.
Compilation from IR - skipping loading of FCL

warning: [RetryManager] Start recompilation of the kernel
in kernel: 'typeinfo name for cutlass::reference::device::GemmComplexKernelName<cutlass::half_t, cutlass::layout::RowMajor, cutlass::half_t, cutlass::layout::ColumnMajor, float, cutlass::layout::RowMajor, float, float, float, cutlass::layout::RowMajor, cutlass::NumericConverter<float, float, (cutlass::FloatRoundStyle)2>, cutlass::multiply_add<float, float, float>>'

Build succeeded.
Compilation from IR - skipping loading of FCL
Build succeeded.
Compilation from IR - skipping loading of FCL
Build succeeded.
[555/738] Linking CXX executable examples/06_bmg_flash_attention/06_xe_fmha_fwd_decode_persistent_float_e5m2_t_hdim64
Compilation from IR - skipping loading of FCL
Build succeeded.
Compilation from IR - skipping loading of FCL
Build succeeded.
Compilation from IR - skipping loading of FCL

warning: [RetryManager] Start recompilation of the kernel
in kernel: 'typeinfo name for cutlass::reference::device::GemmComplexKernelName<cutlass::half_t, cutlass::layout::RowMajor, cutlass::half_t, cutlass::layout::ColumnMajor, float, cutlass::layout::RowMajor, float, float, float, cutlass::layout::RowMajor, cutlass::NumericConverter<float, float, (cutlass::FloatRoundStyle)2>, cutlass::multiply_add<float, float, float>>'

Build succeeded.
Compilation from IR - skipping loading of FCL
Build succeeded.
[556/738] Building CXX object examples/06_bmg_flash_attention/CMakeFiles/06_xe_fmha_fwd_decode_persistent_float_e4m3_t_hdim128.dir/06_xe_fmha_fwd.cpp.o
[557/738] Linking CXX executable test/unit/flash_attention/legacy/flash_attention_prefill/cutlass_test_unit_flash_attention_prefill_fp8e5m2_fp32_fp32_h64_xe
warning: Undefined function _Z44intel_sub_group_2d_block_prefetch_8b_8r32x2cPU3AS1viiiDv2_i found in /tmp/icpx-5c6d987976/filter_architecture-78bfdb.bc. This may result in runtime errors.
Compilation from IR - skipping loading of FCL

warning: [RetryManager] Start recompilation of the kernel
in kernel: 'typeinfo name for cutlass::reference::device::GemmComplexKernelName<cutlass::half_t, cutlass::layout::RowMajor, cutlass::half_t, cutlass::layout::ColumnMajor, float, cutlass::layout::RowMajor, float, float, float, cutlass::layout::RowMajor, cutlass::NumericConverter<float, float, (cutlass::FloatRoundStyle)2>, cutlass::multiply_add<float, float, float>>'

Build succeeded.
Compilation from IR - skipping loading of FCL
Build succeeded.
Compilation from IR - skipping loading of FCL
Build succeeded.
[558/738] Building CXX object test/unit/flash_attention/legacy/flash_attention_prefill/CMakeFiles/cutlass_test_unit_flash_attention_prefill_fp8e4m3_fp32_fp32_h128_xe.dir/xe_flash_prefill.cpp.o
[559/738] Linking CXX executable test/unit/flash_attention/legacy/flash_attention_prefill/cutlass_test_unit_flash_attention_prefill_fp16_fp32_fp32_h64_xe
Compilation from IR - skipping loading of FCL

warning: [RetryManager] Start recompilation of the kernel
in kernel: 'typeinfo name for cutlass::reference::device::GemmComplexKernelName<cutlass::half_t, cutlass::layout::RowMajor, cutlass::half_t, cutlass::layout::ColumnMajor, float, cutlass::layout::RowMajor, float, float, float, cutlass::layout::RowMajor, cutlass::NumericConverter<float, float, (cutlass::FloatRoundStyle)2>, cutlass::multiply_add<float, float, float>>'

Build succeeded.
Compilation from IR - skipping loading of FCL
Build succeeded.
Compilation from IR - skipping loading of FCL
Build succeeded.
[560/738] Building CXX object test/unit/flash_attention/legacy/flash_attention_prefill/CMakeFiles/cutlass_test_unit_flash_attention_prefill_fp8e5m2_fp32_fp8e5m2_h96_xe.dir/xe_flash_prefill.cpp.o
[561/738] Building CXX object test/unit/flash_attention/legacy/flash_attention_prefill/CMakeFiles/cutlass_test_unit_flash_attention_prefill_bf16_fp32_bf16_h64_xe.dir/xe_flash_prefill.cpp.o
[562/738] Building CXX object test/unit/flash_attention/legacy/flash_attention_prefill/CMakeFiles/cutlass_test_unit_flash_attention_prefill_fp8e4m3_fp32_fp8e4m3_h96_xe.dir/xe_flash_prefill.cpp.o
[563/738] Linking CXX executable examples/06_bmg_flash_attention/legacy/06_bmg_prefill_attention_hdim96
Compilation from IR - skipping loading of FCL

warning: [RetryManager] Start recompilation of the kernel
in kernel: 'typeinfo name for cutlass::reference::device::GemmComplexKernelName<cutlass::bfloat16_t, cutlass::layout::RowMajor, cutlass::bfloat16_t, cutlass::layout::ColumnMajor, float, cutlass::layout::RowMajor, float, float, float, cutlass::layout::RowMajor, cutlass::NumericConverter<float, float, (cutlass::FloatRoundStyle)2>, cutlass::multiply_add<float, float, float>>'

Build succeeded.
Compilation from IR - skipping loading of FCL
Build succeeded.
[564/738] Building CXX object test/unit/flash_attention/legacy/flash_attention_prefill/CMakeFiles/cutlass_test_unit_flash_attention_prefill_fp8e4m3_fp32_fp32_h192_xe.dir/xe_flash_prefill.cpp.o
[565/738] Building CXX object test/unit/flash_attention/legacy/flash_attention_prefill/CMakeFiles/cutlass_test_unit_flash_attention_prefill_fp8e4m3_fp32_fp8e4m3_h192_xe.dir/xe_flash_prefill.cpp.o
[566/738] Linking CXX executable examples/10_bmg_grouped_gemm_mixed_dtype/10_bmg_grouped_gemm_bf16_s8
warning: Undefined function _Z44intel_sub_group_2d_block_prefetch_8b_8r32x2cPU3AS1viiiDv2_i found in /tmp/icpx-fb0a199048/10_bmg_grouped_gemm_bf16_f16_s8-3e2b0f.bc. This may result in runtime errors.
warning: Undefined function _Z44intel_sub_group_2d_block_prefetch_8b_4r32x2cPU3AS1viiiDv2_i found in /tmp/icpx-fb0a199048/10_bmg_grouped_gemm_bf16_f16_s8-3e2b0f.bc. This may result in runtime errors.
Compilation from IR - skipping loading of FCL
Build succeeded.
Compilation from IR - skipping loading of FCL
Build succeeded.
[567/738] Building CXX object examples/06_bmg_flash_attention/legacy/CMakeFiles/06_bmg_prefill_attention_cachedKV_hdim96.dir/06_bmg_prefill_attention_prefill_cachedKV.cpp.o
[568/738] Building CXX object test/unit/flash_attention/legacy/flash_attention_decode/CMakeFiles/cutlass_test_unit_flash_attention_decode_h128_xe.dir/xe_flash_decode_fp16_fp32_fp32_h128_512_nonpaged.cpp.o
[569/738] Linking CXX executable test/unit/flash_attention/legacy/flash_attention_prefill/cutlass_test_unit_flash_attention_prefill_fp16_fp32_fp32_h128_xe
Compilation from IR - skipping loading of FCL

warning: [RetryManager] Start recompilation of the kernel
in kernel: 'typeinfo name for cutlass::reference::device::GemmComplexKernelName<cutlass::half_t, cutlass::layout::RowMajor, cutlass::half_t, cutlass::layout::ColumnMajor, float, cutlass::layout::RowMajor, float, float, float, cutlass::layout::RowMajor, cutlass::NumericConverter<float, float, (cutlass::FloatRoundStyle)2>, cutlass::multiply_add<float, float, float>>'

Build succeeded.
Compilation from IR - skipping loading of FCL
Build succeeded.
Compilation from IR - skipping loading of FCL
Build succeeded.
[570/738] Building CXX object test/unit/flash_attention/legacy/flash_attention_prefill/CMakeFiles/cutlass_test_unit_flash_attention_prefill_fp8e5m2_fp32_fp8e5m2_h128_xe.dir/xe_flash_prefill.cpp.o
[571/738] Building CXX object test/unit/flash_attention/legacy/flash_attention_decode/CMakeFiles/cutlass_test_unit_flash_attention_decode_h96_xe.dir/xe_flash_decode_fp16_fp32_fp32_h96_1024_nonpaged.cpp.o
[572/738] Building CXX object test/unit/flash_attention/legacy/flash_attention_prefill/CMakeFiles/cutlass_test_unit_flash_attention_prefill_fp8e5m2_fp32_fp32_h128_xe.dir/xe_flash_prefill.cpp.o
[573/738] Building CXX object examples/06_bmg_flash_attention/legacy/CMakeFiles/06_bmg_prefill_attention_fp8_hdim64.dir/06_bmg_prefill_attention_fp8.cpp.o
[574/738] Linking CXX executable examples/08_bmg_gemm_f8/08_bmg_gemm_f8_scaling
warning: Undefined function _Z44intel_sub_group_2d_block_prefetch_8b_8r32x2cPU3AS1viiiDv2_i found in /tmp/icpx-e70dbb999d/08_bmg_gemm_f8_scaling-f6bab6.bc. This may result in runtime errors.
warning: Undefined function _Z44intel_sub_group_2d_block_prefetch_8b_4r32x2cPU3AS1viiiDv2_i found in /tmp/icpx-e70dbb999d/08_bmg_gemm_f8_scaling-f6bab6.bc. This may result in runtime errors.
warning: Undefined function _Z44intel_sub_group_2d_block_prefetch_8b_8r32x2cPU3AS1viiiDv2_i found in /tmp/icpx-e70dbb999d/08_bmg_gemm_f8_scaling-f6bab6.bc. This may result in runtime errors.
warning: Undefined function _Z44intel_sub_group_2d_block_prefetch_8b_4r32x2cPU3AS1viiiDv2_i found in /tmp/icpx-e70dbb999d/08_bmg_gemm_f8_scaling-f6bab6.bc. This may result in runtime errors.
Compilation from IR - skipping loading of FCL
Build succeeded.
Compilation from IR - skipping loading of FCL
Build succeeded.
Compilation from IR - skipping loading of FCL
Build succeeded.
Compilation from IR - skipping loading of FCL

warning: [RetryManager] Start recompilation of the kernel
in kernel: 'typeinfo name for cutlass::gemm::kernel::GemmUniversal<cute::tuple<int, int, int, int>, cutlass::gemm::collective::CollectiveMma<cutlass::gemm::MainloopIntelXeXMX16FP8Scaling<2>, cute::tuple<cute::C<256>, cute::C<256>, cute::C<32>>, cute::tuple<cutlass::float_e5m2_t>, cute::tuple<long, cute::C<1>, long>, cute::tuple<cutlass::float_e5m2_t>, cute::tuple<cute::C<1>, long, long>, cute::TiledMMA<cute::MMA_Atom<cute::XE_8x16x16_F32F16F16F32_TT>, cute::Layout<cute::tuple<cute::C<8>, cute::C<4>, cute::C<1>>, cute::tuple<cute::C<4>, cute::C<1>, cute::C<0>>>, cute::tuple<cute::Layout<cute::tuple<cute::C<8>, cute::C<8>, cute::C<4>>, cute::tuple<cute::C<1>, cute::C<32>, cute::C<8>>>, cute::Layout<cute::tuple<cute::C<16>, cute::C<4>, cute::C<4>>, cute::tuple<cute::C<1>, cute::C<64>, cute::C<16>>>, cute::Layout<cute::C<32>, cute::C<1>>> const>, cute::XE_2D_U8x32x32_LD_N, void, void, cute::identity, cute::XE_2D_U8x32x32_LD_V, void, void, cute::identity>, cutlass::epilogue::collective::CollectiveEpilogue<cutlass::epilogue::IntelXeXMX16, cute::tuple<cute::C<256>, cute::C<256>, cute::C<32>>, float, cute::tuple<long, cute::C<1>, long>, float, cute::tuple<long, cute::C<1>, long>, cutlass::epilogue::fusion::FusionCallbacks<cutlass::epilogue::IntelXeXMX16, cutlass::epilogue::fusion::LinearCombination<float, float, float, float, (cutlass::FloatRoundStyle)2>, cute::tuple<cute::C<256>, cute::C<256>, cute::C<32>>, cute::tuple<cute::C<256>, cute::C<256>, cute::C<32>>>, cute::XE_2D_U32x8x16_LD_N, void, void, cute::XE_2D_U32x8x16_ST_N, void, void>, void, void>'

warning: kernel _ZTSN7cutlass4gemm6kernel13GemmUniversalIN4cute5tupleIJiiiiEEENS0_10collective13CollectiveMmaINS0_30MainloopIntelXeXMX16FP8ScalingILi2EEENS4_IJNS3_1CILi256EEESB_NSA_ILi32EEEEEENS4_IJNS_12float_e5m2_tEEEENS4_IJlNSA_ILi1EEElEEESF_NS4_IJSG_llEEENS3_8TiledMMAINS3_8MMA_AtomIJNS3_26XE_8x16x16_F32F16F16F32_TTEEEENS3_6LayoutINS4_IJNSA_ILi8EEENSA_ILi4EEESG_EEENS4_IJSP_SG_NSA_ILi0EEEEEEEEKNS4_IJNSN_INS4_IJSO_SO_SP_EEENS4_IJSG_SC_SO_EEEEENSN_INS4_IJNSA_ILi16EEESP_SP_EEENS4_IJSG_NSA_ILi64EEESX_EEEEENSN_ISC_SG_EEEEEEENS3_19XE_2D_U8x32x32_LD_NEvvNS3_8identityENS3_19XE_2D_U8x32x32_LD_VEvvS17_EENS_8epilogue10collective18CollectiveEpilogueINS1A_12IntelXeXMX16EJSD_fSH_fSH_NS1A_6fusion15FusionCallbacksIS1D_NS1E_17LinearCombinationIffffLNS_15FloatRoundStyleE2EEESD_SD_JEEENS3_19XE_2D_U32x8x16_LD_NEvvNS3_19XE_2D_U32x8x16_ST_NEvvEEEvvEE  compiled SIMD16 allocated 128 regs and spilled around 164

warning: kernel _ZTSN7cutlass4gemm6kernel13GemmUniversalIN4cute5tupleIJiiiiEEENS0_10collective13CollectiveMmaINS0_20MainloopIntelXeXMX16ILi3ENS0_8KernelXeEEENS4_IJNS3_1CILi256EEESC_NSB_ILi32EEEEEENS_6half_tENS4_IJlNSB_ILi1EEElEEESF_NS4_IJSG_llEEENS3_8TiledMMAINS3_8MMA_AtomIJNS3_26XE_8x16x16_F32F16F16F32_TTEEEENS3_6LayoutINS4_IJNSB_ILi8EEENSB_ILi4EEESG_EEENS4_IJSP_SG_NSB_ILi0EEEEEEEEKNS4_IJNSN_INS4_IJSO_SO_SP_EEENS4_IJSG_SD_SO_EEEEENSN_INS4_IJNSB_ILi16EEESP_SP_EEENS4_IJSG_NSB_ILi64EEESX_EEEEENSN_ISD_SG_EEEEEEENS3_20XE_2D_U16x32x32_LD_NEvvNS3_8identityENS3_20XE_2D_U16x16x16_LD_VEvvS17_EENS_8epilogue10collective18CollectiveEpilogueINS1A_12IntelXeXMX16EJSE_fSH_fSH_NS1A_6fusion15FusionCallbacksIS1D_NS1E_17LinearCombinationIffffLNS_15FloatRoundStyleE2EEESE_SE_JEEENS3_19XE_2D_U32x8x16_LD_NEvvNS3_19XE_2D_U32x8x16_ST_NEvvEEEvvEE  compiled SIMD16 allocated 128 regs and spilled around 135

warning: kernel _ZTSN7cutlass4gemm6kernel13GemmUniversalIN4cute5tupleIJiiiiEEENS0_10collective13CollectiveMmaINS0_30MainloopIntelXeXMX16FP8ScalingILi2EEENS4_IJNS3_1CILi256EEESB_NSA_ILi32EEEEEENS4_IJNS_12float_e4m3_tEEEENS4_IJlNSA_ILi1EEElEEESF_NS4_IJSG_llEEENS3_8TiledMMAINS3_8MMA_AtomIJNS3_26XE_8x16x16_F32F16F16F32_TTEEEENS3_6LayoutINS4_IJNSA_ILi8EEENSA_ILi4EEESG_EEENS4_IJSP_SG_NSA_ILi0EEEEEEEEKNS4_IJNSN_INS4_IJSO_SO_SP_EEENS4_IJSG_SC_SO_EEEEENSN_INS4_IJNSA_ILi16EEESP_SP_EEENS4_IJSG_NSA_ILi64EEESX_EEEEENSN_ISC_SG_EEEEEEENS3_19XE_2D_U8x32x32_LD_NEvvNS3_8identityENS3_19XE_2D_U8x32x32_LD_VEvvS17_EENS_8epilogue10collective18CollectiveEpilogueINS1A_12IntelXeXMX16EJSD_fSH_fSH_NS1A_6fusion15FusionCallbacksIS1D_NS1E_17LinearCombinationIffffLNS_15FloatRoundStyleE2EEESD_SD_JEEENS3_19XE_2D_U32x8x16_LD_NEvvNS3_19XE_2D_U32x8x16_ST_NEvvEEEvvEE  compiled SIMD16 allocated 128 regs and spilled around 219

Build succeeded.
[575/738] Building CXX object test/unit/flash_attention/legacy/flash_attention_prefill/CMakeFiles/cutlass_test_unit_flash_attention_prefill_bf16_fp32_bf16_h128_xe.dir/xe_flash_prefill.cpp.o
[576/738] Building CXX object test/unit/flash_attention/legacy/flash_attention_decode/CMakeFiles/cutlass_test_unit_flash_attention_decode_h128_xe.dir/xe_flash_decode_bf16_fp32_fp32_h128_512_nonpaged.cpp.o
[577/738] Linking CXX executable examples/06_bmg_flash_attention/legacy/06_bmg_prefill_attention_fp8_hdim96
warning: Undefined function _Z44intel_sub_group_2d_block_prefetch_8b_8r32x2cPU3AS1viiiDv2_i found in /tmp/icpx-59f2870621/06_bmg_prefill_attention_fp8-d9c3e9.bc. This may result in runtime errors.
Compilation from IR - skipping loading of FCL

warning: [RetryManager] Start recompilation of the kernel
in kernel: 'typeinfo name for cutlass::reference::device::GemmComplexKernelName<cutlass::half_t, cutlass::layout::RowMajor, cutlass::half_t, cutlass::layout::ColumnMajor, float, cutlass::layout::RowMajor, float, float, float, cutlass::layout::RowMajor, cutlass::NumericConverter<float, float, (cutlass::FloatRoundStyle)2>, cutlass::multiply_add<float, float, float>>'

Build succeeded.
Compilation from IR - skipping loading of FCL
Build succeeded.
Compilation from IR - skipping loading of FCL
Build succeeded.
[578/738] Building CXX object test/unit/flash_attention/legacy/flash_attention_prefill/CMakeFiles/cutlass_test_unit_flash_attention_prefill_fp8e4m3_fp32_fp32_h64_xe.dir/xe_flash_prefill.cpp.o
[579/738] Building CXX object examples/06_bmg_flash_attention/legacy/CMakeFiles/06_bmg_prefill_attention_cachedKV_hdim128.dir/06_bmg_prefill_attention_prefill_cachedKV.cpp.o
[580/738] Building CXX object test/unit/flash_attention/legacy/flash_attention_decode/CMakeFiles/cutlass_test_unit_flash_attention_decode_h192_xe.dir/xe_flash_decode_fp16_fp32_fp32_h192_1024_nonpaged.cpp.o
[581/738] Building CXX object test/unit/flash_attention/legacy/flash_attention_prefill/CMakeFiles/cutlass_test_unit_flash_attention_prefill_fp8e5m2_fp32_fp32_h192_xe.dir/xe_flash_prefill.cpp.o
[582/738] Building CXX object examples/06_bmg_flash_attention/legacy/CMakeFiles/06_bmg_prefill_attention_cachedKV_hdim64.dir/06_bmg_prefill_attention_prefill_cachedKV.cpp.o
[583/738] Linking CXX executable test/unit/flash_attention/legacy/flash_attention_prefill/cutlass_test_unit_flash_attention_prefill_bf16_fp32_fp32_h192_xe
warning: Undefined function _Z45intel_sub_group_2d_block_prefetch_16b_4r16x2cPU3AS1viiiDv2_i found in /tmp/icpx-c8985ebb43/filter_architecture-cd4a74.bc. This may result in runtime errors.
Compilation from IR - skipping loading of FCL

warning: [RetryManager] Start recompilation of the kernel
in kernel: 'typeinfo name for cutlass::reference::device::GemmComplexKernelName<cutlass::bfloat16_t, cutlass::layout::RowMajor, cutlass::bfloat16_t, cutlass::layout::ColumnMajor, float, cutlass::layout::RowMajor, float, float, float, cutlass::layout::RowMajor, cutlass::NumericConverter<float, float, (cutlass::FloatRoundStyle)2>, cutlass::multiply_add<float, float, float>>'

Build succeeded.
Compilation from IR - skipping loading of FCL
Build succeeded.
[584/738] Linking CXX executable test/unit/flash_attention/legacy/flash_attention_prefill/cutlass_test_unit_flash_attention_prefill_fp16_fp32_fp16_h128_xe
Compilation from IR - skipping loading of FCL

warning: [RetryManager] Start recompilation of the kernel
in kernel: 'typeinfo name for cutlass::reference::device::GemmComplexKernelName<cutlass::half_t, cutlass::layout::RowMajor, cutlass::half_t, cutlass::layout::ColumnMajor, float, cutlass::layout::RowMajor, float, float, float, cutlass::layout::RowMajor, cutlass::NumericConverter<float, float, (cutlass::FloatRoundStyle)2>, cutlass::multiply_add<float, float, float>>'

Build succeeded.
Compilation from IR - skipping loading of FCL
Build succeeded.
Compilation from IR - skipping loading of FCL
Build succeeded.
[585/738] Linking CXX executable examples/06_bmg_flash_attention/06_xe_fmha_fwd_decode_persistent_float_e4m3_t_hdim128
Compilation from IR - skipping loading of FCL
Build succeeded.
Compilation from IR - skipping loading of FCL
Build succeeded.
Compilation from IR - skipping loading of FCL

warning: [RetryManager] Start recompilation of the kernel
in kernel: 'typeinfo name for cutlass::reference::device::GemmComplexKernelName<cutlass::half_t, cutlass::layout::RowMajor, cutlass::half_t, cutlass::layout::ColumnMajor, float, cutlass::layout::RowMajor, float, float, float, cutlass::layout::RowMajor, cutlass::NumericConverter<float, float, (cutlass::FloatRoundStyle)2>, cutlass::multiply_add<float, float, float>>'

Build succeeded.
Compilation from IR - skipping loading of FCL
Build succeeded.
[586/738] Linking CXX executable test/unit/flash_attention/legacy/flash_attention_prefill/cutlass_test_unit_flash_attention_prefill_bf16_fp32_bf16_h96_xe
Compilation from IR - skipping loading of FCL

warning: [RetryManager] Start recompilation of the kernel
in kernel: 'typeinfo name for cutlass::reference::device::GemmComplexKernelName<cutlass::bfloat16_t, cutlass::layout::RowMajor, cutlass::bfloat16_t, cutlass::layout::ColumnMajor, float, cutlass::layout::RowMajor, float, float, float, cutlass::layout::RowMajor, cutlass::NumericConverter<float, float, (cutlass::FloatRoundStyle)2>, cutlass::multiply_add<float, float, float>>'

Build succeeded.
Compilation from IR - skipping loading of FCL
Build succeeded.
[587/738] Building CXX object examples/06_bmg_flash_attention/legacy/CMakeFiles/06_bmg_decode_attention_hdim128.dir/06_bmg_decode_attention.cpp.o
[588/738] Linking CXX executable test/unit/flash_attention/legacy/flash_attention_prefill_cachedkv/cutlass_test_unit_flash_attention_prefill_cachedkv_96_xe
Compilation from IR - skipping loading of FCL

warning: [RetryManager] Start recompilation of the kernel
in kernel: 'typeinfo name for cutlass::reference::device::GemmComplexKernelName<cutlass::half_t, cutlass::layout::RowMajor, cutlass::half_t, cutlass::layout::ColumnMajor, float, cutlass::layout::RowMajor, float, float, float, cutlass::layout::RowMajor, cutlass::NumericConverter<float, float, (cutlass::FloatRoundStyle)2>, cutlass::multiply_add<float, float, float>>'

Build succeeded.
Compilation from IR - skipping loading of FCL
Build succeeded.
Compilation from IR - skipping loading of FCL

warning: [RetryManager] Start recompilation of the kernel
in kernel: 'typeinfo name for cutlass::reference::device::GemmComplexKernelName<cutlass::bfloat16_t, cutlass::layout::RowMajor, cutlass::bfloat16_t, cutlass::layout::ColumnMajor, float, cutlass::layout::RowMajor, float, float, float, cutlass::layout::RowMajor, cutlass::NumericConverter<float, float, (cutlass::FloatRoundStyle)2>, cutlass::multiply_add<float, float, float>>'

Build succeeded.
Compilation from IR - skipping loading of FCL
Build succeeded.
[589/738] Linking CXX executable test/unit/flash_attention/legacy/flash_attention_decode/cutlass_test_unit_flash_attention_decode_h64_xe
warning: Undefined function _Z45intel_sub_group_2d_block_prefetch_16b_2r16x2cPU3AS1viiiDv2_i found in /tmp/icpx-71d6d316a2/filter_architecture-e5fd18.bc. This may result in runtime errors.
warning: Undefined function _Z45intel_sub_group_2d_block_prefetch_16b_2r16x2cPU3AS1viiiDv2_i found in /tmp/icpx-71d6d316a2/filter_architecture-e5fd18.bc. This may result in runtime errors.
warning: Undefined function _Z45intel_sub_group_2d_block_prefetch_16b_4r16x2cPU3AS1viiiDv2_i found in /tmp/icpx-71d6d316a2/filter_architecture-e5fd18.bc. This may result in runtime errors.
warning: Undefined function _Z45intel_sub_group_2d_block_prefetch_16b_2r16x2cPU3AS1viiiDv2_i found in /tmp/icpx-71d6d316a2/filter_architecture-e5fd18.bc. This may result in runtime errors.
warning: Undefined function _Z45intel_sub_group_2d_block_prefetch_16b_2r16x2cPU3AS1viiiDv2_i found in /tmp/icpx-71d6d316a2/filter_architecture-e5fd18.bc. This may result in runtime errors.
warning: Undefined function _Z45intel_sub_group_2d_block_prefetch_16b_4r16x2cPU3AS1viiiDv2_i found in /tmp/icpx-71d6d316a2/filter_architecture-e5fd18.bc. This may result in runtime errors.
Compilation from IR - skipping loading of FCL

warning: [RetryManager] Start recompilation of the kernel
in kernel: 'typeinfo name for cutlass::reference::device::GemmComplexKernelName<cutlass::half_t, cutlass::layout::RowMajor, cutlass::half_t, cutlass::layout::ColumnMajor, float, cutlass::layout::RowMajor, float, float, float, cutlass::layout::RowMajor, cutlass::NumericConverter<float, float, (cutlass::FloatRoundStyle)2>, cutlass::multiply_add<float, float, float>>'

Build succeeded.
Compilation from IR - skipping loading of FCL

warning: Block2D: block size not multiple of GRF size, zero padded.

warning: kernel _ZTSN7cutlass15flash_attention6kernel10FMHADecodeIN4cute5tupleIJiiiNS_4fmha10collective14VariableLengthES7_S7_iiEEENS0_10collective14FlashDecodeMmaINS_4gemm20MainloopIntelXeXMX16ILi2ENSB_8KernelXeEEES8_NS_6half_tENS4_IJlNS3_1CILi1EEElEEESF_SI_SF_NS4_IJSH_llEEENS3_26XE_1x16x16_F32F16F16F32_TTENS4_IJSH_NSG_ILi512EEENSG_ILi64EEEEEENS4_IJSH_NSG_ILi32EEESL_EEENS3_6LayoutINS4_IJNSG_ILi8EEESH_SH_EEENS4_IJSH_NSG_ILi0EEEST_EEEEENS3_19XE_2D_U16x1x16_LD_NENS3_20XE_2D_U16x16x16_LD_TENS3_20XE_2D_U16x32x32_LD_VELb0ELb0EEENS9_26FlashDecodeSoftmaxEpilogueILb0ENS_8epilogue12IntelXeXMX16EJfEEENS9_19FlashDecodeEpilogueIS12_SK_NS4_IJSH_SM_SL_EEESV_JffSI_fNS3_19XE_2D_U32x1x16_ST_NEEEEvEE  compiled SIMD16 allocated 128 regs and spilled around 4

Build succeeded.
Compilation from IR - skipping loading of FCL

warning: Block2D: block size not multiple of GRF size, zero padded.

warning: kernel _ZTSN7cutlass15flash_attention6kernel10FMHADecodeIN4cute5tupleIJiiiNS_4fmha10collective14VariableLengthES7_S7_iiEEENS0_10collective14FlashDecodeMmaINS_4gemm20MainloopIntelXeXMX16ILi2ENSB_8KernelXeEEES8_NS_6half_tENS4_IJlNS3_1CILi1EEElEEESF_SI_SF_NS4_IJSH_llEEENS3_26XE_1x16x16_F32F16F16F32_TTENS4_IJSH_NSG_ILi1024EEENSG_ILi64EEEEEENS4_IJSH_NSG_ILi32EEESL_EEENS3_6LayoutINS4_IJNSG_ILi16EEESH_SH_EEENS4_IJSH_NSG_ILi0EEEST_EEEEENS3_19XE_2D_U16x1x16_LD_NENS3_20XE_2D_U16x16x16_LD_TENS3_20XE_2D_U16x32x32_LD_VELb1ELb0EEENS9_26FlashDecodeSoftmaxEpilogueILb1ENS_8epilogue12IntelXeXMX16EJfEEENS9_19FlashDecodeEpilogueIS12_SK_NS4_IJSH_SM_SL_EEESV_JffSI_fNS3_19XE_2D_U32x1x16_ST_NEEEEvEE  compiled SIMD16 allocated 128 regs and spilled around 3

warning: kernel _ZTSN7cutlass15flash_attention6kernel10FMHADecodeIN4cute5tupleIJiiiNS_4fmha10collective14VariableLengthES7_S7_iiEEENS0_10collective14FlashDecodeMmaINS_4gemm20MainloopIntelXeXMX16ILi2ENSB_8KernelXeEEES8_NS_6half_tENS4_IJlNS3_1CILi1EEElEEESF_SI_SF_NS4_IJSH_llEEENS3_26XE_1x16x16_F32F16F16F32_TTENS4_IJSH_NSG_ILi1024EEENSG_ILi64EEEEEENS4_IJSH_NSG_ILi32EEESL_EEENS3_6LayoutINS4_IJNSG_ILi16EEESH_SH_EEENS4_IJSH_NSG_ILi0EEEST_EEEEENS3_19XE_2D_U16x1x16_LD_NENS3_20XE_2D_U16x16x16_LD_TENS3_20XE_2D_U16x32x32_LD_VELb0ELb0EEENS9_26FlashDecodeSoftmaxEpilogueILb0ENS_8epilogue12IntelXeXMX16EJfEEENS9_19FlashDecodeEpilogueIS12_SK_NS4_IJSH_SM_SL_EEESV_JffSI_fNS3_19XE_2D_U32x1x16_ST_NEEEEvEE  compiled SIMD16 allocated 128 regs and spilled around 5

Build succeeded.
Compilation from IR - skipping loading of FCL

warning: [RetryManager] Start recompilation of the kernel
in kernel: 'typeinfo name for cutlass::reference::device::GemmComplexKernelName<cutlass::bfloat16_t, cutlass::layout::RowMajor, cutlass::bfloat16_t, cutlass::layout::ColumnMajor, float, cutlass::layout::RowMajor, float, float, float, cutlass::layout::RowMajor, cutlass::NumericConverter<float, float, (cutlass::FloatRoundStyle)2>, cutlass::multiply_add<float, float, float>>'

Build succeeded.
Compilation from IR - skipping loading of FCL

warning: Block2D: block size not multiple of GRF size, zero padded.

warning: kernel _ZTSN7cutlass15flash_attention6kernel10FMHADecodeIN4cute5tupleIJiiiNS_4fmha10collective14VariableLengthES7_S7_iiEEENS0_10collective14FlashDecodeMmaINS_4gemm20MainloopIntelXeXMX16ILi2ENSB_8KernelXeEEES8_NS_10bfloat16_tENS4_IJlNS3_1CILi1EEElEEESF_SI_SF_NS4_IJSH_llEEENS3_28XE_1x16x16_F32BF16BF16F32_TTENS4_IJSH_NSG_ILi512EEENSG_ILi64EEEEEENS4_IJSH_NSG_ILi32EEESL_EEENS3_6LayoutINS4_IJNSG_ILi8EEESH_SH_EEENS4_IJSH_NSG_ILi0EEEST_EEEEENS3_19XE_2D_U16x1x16_LD_NENS3_20XE_2D_U16x16x16_LD_TENS3_20XE_2D_U16x32x32_LD_VELb0ELb0EEENS9_26FlashDecodeSoftmaxEpilogueILb0ENS_8epilogue12IntelXeXMX16EJfEEENS9_19FlashDecodeEpilogueIS12_SK_NS4_IJSH_SM_SL_EEESV_JffSI_fNS3_19XE_2D_U32x1x16_ST_NEEEEvEE  compiled SIMD16 allocated 128 regs and spilled around 4

Build succeeded.
Compilation from IR - skipping loading of FCL

warning: Block2D: block size not multiple of GRF size, zero padded.

warning: kernel _ZTSN7cutlass15flash_attention6kernel10FMHADecodeIN4cute5tupleIJiiiNS_4fmha10collective14VariableLengthES7_S7_iiEEENS0_10collective14FlashDecodeMmaINS_4gemm20MainloopIntelXeXMX16ILi2ENSB_8KernelXeEEES8_NS_10bfloat16_tENS4_IJlNS3_1CILi1EEElEEESF_SI_SF_NS4_IJSH_llEEENS3_28XE_1x16x16_F32BF16BF16F32_TTENS4_IJSH_NSG_ILi1024EEENSG_ILi64EEEEEENS4_IJSH_NSG_ILi32EEESL_EEENS3_6LayoutINS4_IJNSG_ILi16EEESH_SH_EEENS4_IJSH_NSG_ILi0EEEST_EEEEENS3_19XE_2D_U16x1x16_LD_NENS3_20XE_2D_U16x16x16_LD_TENS3_20XE_2D_U16x32x32_LD_VELb1ELb0EEENS9_26FlashDecodeSoftmaxEpilogueILb1ENS_8epilogue12IntelXeXMX16EJfEEENS9_19FlashDecodeEpilogueIS12_SK_NS4_IJSH_SM_SL_EEESV_JffSI_fNS3_19XE_2D_U32x1x16_ST_NEEEEvEE  compiled SIMD16 allocated 128 regs and spilled around 3

warning: kernel _ZTSN7cutlass15flash_attention6kernel10FMHADecodeIN4cute5tupleIJiiiNS_4fmha10collective14VariableLengthES7_S7_iiEEENS0_10collective14FlashDecodeMmaINS_4gemm20MainloopIntelXeXMX16ILi2ENSB_8KernelXeEEES8_NS_10bfloat16_tENS4_IJlNS3_1CILi1EEElEEESF_SI_SF_NS4_IJSH_llEEENS3_28XE_1x16x16_F32BF16BF16F32_TTENS4_IJSH_NSG_ILi1024EEENSG_ILi64EEEEEENS4_IJSH_NSG_ILi32EEESL_EEENS3_6LayoutINS4_IJNSG_ILi16EEESH_SH_EEENS4_IJSH_NSG_ILi0EEEST_EEEEENS3_19XE_2D_U16x1x16_LD_NENS3_20XE_2D_U16x16x16_LD_TENS3_20XE_2D_U16x32x32_LD_VELb0ELb0EEENS9_26FlashDecodeSoftmaxEpilogueILb0ENS_8epilogue12IntelXeXMX16EJfEEENS9_19FlashDecodeEpilogueIS12_SK_NS4_IJSH_SM_SL_EEESV_JffSI_fNS3_19XE_2D_U32x1x16_ST_NEEEEvEE  compiled SIMD16 allocated 128 regs and spilled around 5

Build succeeded.
[590/738] Linking CXX executable test/unit/flash_attention/legacy/flash_attention_prefill/cutlass_test_unit_flash_attention_prefill_bf16_fp32_bf16_h64_xe
Compilation from IR - skipping loading of FCL

warning: [RetryManager] Start recompilation of the kernel
in kernel: 'typeinfo name for cutlass::reference::device::GemmComplexKernelName<cutlass::bfloat16_t, cutlass::layout::RowMajor, cutlass::bfloat16_t, cutlass::layout::ColumnMajor, float, cutlass::layout::RowMajor, float, float, float, cutlass::layout::RowMajor, cutlass::NumericConverter<float, float, (cutlass::FloatRoundStyle)2>, cutlass::multiply_add<float, float, float>>'

Build succeeded.
Compilation from IR - skipping loading of FCL
Build succeeded.
[591/738] Linking CXX executable examples/06_bmg_flash_attention/legacy/06_bmg_prefill_attention_fp8_hdim192
warning: Undefined function _Z44intel_sub_group_2d_block_prefetch_8b_8r32x2cPU3AS1viiiDv2_i found in /tmp/icpx-655afa2f5d/06_bmg_prefill_attention_fp8-08ee18.bc. This may result in runtime errors.
warning: Undefined function _Z44intel_sub_group_2d_block_prefetch_8b_2r32x2cPU3AS1viiiDv2_i found in /tmp/icpx-655afa2f5d/06_bmg_prefill_attention_fp8-08ee18.bc. This may result in runtime errors.
Compilation from IR - skipping loading of FCL

warning: [RetryManager] Start recompilation of the kernel
in kernel: 'typeinfo name for cutlass::reference::device::GemmComplexKernelName<cutlass::half_t, cutlass::layout::RowMajor, cutlass::half_t, cutlass::layout::ColumnMajor, float, cutlass::layout::RowMajor, float, float, float, cutlass::layout::RowMajor, cutlass::NumericConverter<float, float, (cutlass::FloatRoundStyle)2>, cutlass::multiply_add<float, float, float>>'

Build succeeded.
Compilation from IR - skipping loading of FCL
Build succeeded.
Compilation from IR - skipping loading of FCL
Build succeeded.
[592/738] Linking CXX executable test/unit/flash_attention/legacy/flash_attention_prefill_cachedkv/cutlass_test_unit_flash_attention_prefill_cachedkv_128_xe
Compilation from IR - skipping loading of FCL

warning: [RetryManager] Start recompilation of the kernel
in kernel: 'typeinfo name for cutlass::reference::device::GemmComplexKernelName<cutlass::half_t, cutlass::layout::RowMajor, cutlass::half_t, cutlass::layout::ColumnMajor, float, cutlass::layout::RowMajor, float, float, float, cutlass::layout::RowMajor, cutlass::NumericConverter<float, float, (cutlass::FloatRoundStyle)2>, cutlass::multiply_add<float, float, float>>'

Build succeeded.
Compilation from IR - skipping loading of FCL
Build succeeded.
Compilation from IR - skipping loading of FCL

warning: [RetryManager] Start recompilation of the kernel
in kernel: 'typeinfo name for cutlass::reference::device::GemmComplexKernelName<cutlass::bfloat16_t, cutlass::layout::RowMajor, cutlass::bfloat16_t, cutlass::layout::ColumnMajor, float, cutlass::layout::RowMajor, float, float, float, cutlass::layout::RowMajor, cutlass::NumericConverter<float, float, (cutlass::FloatRoundStyle)2>, cutlass::multiply_add<float, float, float>>'

Build succeeded.
Compilation from IR - skipping loading of FCL
Build succeeded.
[593/738] Linking CXX executable test/unit/flash_attention/legacy/flash_attention_prefill_cachedkv/cutlass_test_unit_flash_attention_prefill_cachedkv_64_xe
Compilation from IR - skipping loading of FCL

warning: [RetryManager] Start recompilation of the kernel
in kernel: 'typeinfo name for cutlass::reference::device::GemmComplexKernelName<cutlass::half_t, cutlass::layout::RowMajor, cutlass::half_t, cutlass::layout::ColumnMajor, float, cutlass::layout::RowMajor, float, float, float, cutlass::layout::RowMajor, cutlass::NumericConverter<float, float, (cutlass::FloatRoundStyle)2>, cutlass::multiply_add<float, float, float>>'

Build succeeded.
Compilation from IR - skipping loading of FCL
Build succeeded.
Compilation from IR - skipping loading of FCL

warning: [RetryManager] Start recompilation of the kernel
in kernel: 'typeinfo name for cutlass::reference::device::GemmComplexKernelName<cutlass::bfloat16_t, cutlass::layout::RowMajor, cutlass::bfloat16_t, cutlass::layout::ColumnMajor, float, cutlass::layout::RowMajor, float, float, float, cutlass::layout::RowMajor, cutlass::NumericConverter<float, float, (cutlass::FloatRoundStyle)2>, cutlass::multiply_add<float, float, float>>'

Build succeeded.
Compilation from IR - skipping loading of FCL
Build succeeded.
[594/738] Building CXX object test/unit/flash_attention/legacy/flash_attention_prefill/CMakeFiles/cutlass_test_unit_flash_attention_prefill_fp8e5m2_fp32_fp8e5m2_h64_xe.dir/xe_flash_prefill.cpp.o
[595/738] Linking CXX executable test/unit/flash_attention/legacy/flash_attention_prefill_cachedkv/cutlass_test_unit_flash_attention_prefill_cachedkv_192_xe
warning: Undefined function _Z45intel_sub_group_2d_block_prefetch_16b_4r16x2cPU3AS1viiiDv2_i found in /tmp/icpx-1b1e35e684/filter_architecture-04a66d.bc. This may result in runtime errors.
warning: Undefined function _Z45intel_sub_group_2d_block_prefetch_16b_4r16x2cPU3AS1viiiDv2_i found in /tmp/icpx-1b1e35e684/filter_architecture-04a66d.bc. This may result in runtime errors.
Compilation from IR - skipping loading of FCL

warning: [RetryManager] Start recompilation of the kernel
in kernel: 'typeinfo name for cutlass::reference::device::GemmComplexKernelName<cutlass::half_t, cutlass::layout::RowMajor, cutlass::half_t, cutlass::layout::ColumnMajor, float, cutlass::layout::RowMajor, float, float, float, cutlass::layout::RowMajor, cutlass::NumericConverter<float, float, (cutlass::FloatRoundStyle)2>, cutlass::multiply_add<float, float, float>>'

Build succeeded.
Compilation from IR - skipping loading of FCL
Build succeeded.
Compilation from IR - skipping loading of FCL

warning: [RetryManager] Start recompilation of the kernel
in kernel: 'typeinfo name for cutlass::reference::device::GemmComplexKernelName<cutlass::bfloat16_t, cutlass::layout::RowMajor, cutlass::bfloat16_t, cutlass::layout::ColumnMajor, float, cutlass::layout::RowMajor, float, float, float, cutlass::layout::RowMajor, cutlass::NumericConverter<float, float, (cutlass::FloatRoundStyle)2>, cutlass::multiply_add<float, float, float>>'

Build succeeded.
Compilation from IR - skipping loading of FCL
Build succeeded.
[596/738] Building CXX object test/unit/flash_attention/legacy/flash_attention_prefill/CMakeFiles/cutlass_test_unit_flash_attention_prefill_fp8e5m2_fp32_fp32_h96_xe.dir/xe_flash_prefill.cpp.o
[597/738] Linking CXX executable test/unit/flash_attention/legacy/flash_attention_prefill/cutlass_test_unit_flash_attention_prefill_bf16_fp32_bf16_h128_xe
Compilation from IR - skipping loading of FCL

warning: [RetryManager] Start recompilation of the kernel
in kernel: 'typeinfo name for cutlass::reference::device::GemmComplexKernelName<cutlass::bfloat16_t, cutlass::layout::RowMajor, cutlass::bfloat16_t, cutlass::layout::ColumnMajor, float, cutlass::layout::RowMajor, float, float, float, cutlass::layout::RowMajor, cutlass::NumericConverter<float, float, (cutlass::FloatRoundStyle)2>, cutlass::multiply_add<float, float, float>>'

Build succeeded.
Compilation from IR - skipping loading of FCL
Build succeeded.
[598/738] Linking CXX executable examples/06_bmg_flash_attention/legacy/06_bmg_prefill_attention_cachedKV_hdim96
Compilation from IR - skipping loading of FCL

warning: [RetryManager] Start recompilation of the kernel
in kernel: 'typeinfo name for cutlass::reference::device::GemmComplexKernelName<cutlass::bfloat16_t, cutlass::layout::RowMajor, cutlass::bfloat16_t, cutlass::layout::ColumnMajor, float, cutlass::layout::RowMajor, float, float, float, cutlass::layout::RowMajor, cutlass::NumericConverter<float, float, (cutlass::FloatRoundStyle)2>, cutlass::multiply_add<float, float, float>>'

Build succeeded.
Compilation from IR - skipping loading of FCL
Build succeeded.
[599/738] Building CXX object examples/06_bmg_flash_attention/legacy/CMakeFiles/06_bmg_decode_attention_hdim64.dir/06_bmg_decode_attention.cpp.o
[600/738] Building CXX object test/unit/gemm/device/CMakeFiles/cutlass_test_unit_gemm_device_tensorop_xe.dir/xe_gemm_fp16_fp16_fp32_tensor_op_fp32.cpp.o
[601/738] Building CXX object examples/06_bmg_flash_attention/legacy/CMakeFiles/06_bmg_prefill_attention_cachedKV_hdim192.dir/06_bmg_prefill_attention_prefill_cachedKV.cpp.o
[602/738] Linking CXX executable test/unit/flash_attention/legacy/flash_attention_prefill/cutlass_test_unit_flash_attention_prefill_fp8e5m2_fp32_fp32_h128_xe
warning: Undefined function _Z44intel_sub_group_2d_block_prefetch_8b_8r32x2cPU3AS1viiiDv2_i found in /tmp/icpx-71d5caad30/filter_architecture-38e77b.bc. This may result in runtime errors.
warning: Undefined function _Z44intel_sub_group_2d_block_prefetch_8b_4r32x2cPU3AS1viiiDv2_i found in /tmp/icpx-71d5caad30/filter_architecture-38e77b.bc. This may result in runtime errors.
Compilation from IR - skipping loading of FCL

warning: [RetryManager] Start recompilation of the kernel
in kernel: 'typeinfo name for cutlass::reference::device::GemmComplexKernelName<cutlass::half_t, cutlass::layout::RowMajor, cutlass::half_t, cutlass::layout::ColumnMajor, float, cutlass::layout::RowMajor, float, float, float, cutlass::layout::RowMajor, cutlass::NumericConverter<float, float, (cutlass::FloatRoundStyle)2>, cutlass::multiply_add<float, float, float>>'

Build succeeded.
Compilation from IR - skipping loading of FCL
Build succeeded.
Compilation from IR - skipping loading of FCL
Build succeeded.
[603/738] Linking CXX executable examples/06_bmg_flash_attention/legacy/06_bmg_prefill_attention_fp8_hdim64
warning: Undefined function _Z44intel_sub_group_2d_block_prefetch_8b_8r32x2cPU3AS1viiiDv2_i found in /tmp/icpx-60b0d6a7e5/06_bmg_prefill_attention_fp8-a40dcd.bc. This may result in runtime errors.
Compilation from IR - skipping loading of FCL

warning: [RetryManager] Start recompilation of the kernel
in kernel: 'typeinfo name for cutlass::reference::device::GemmComplexKernelName<cutlass::half_t, cutlass::layout::RowMajor, cutlass::half_t, cutlass::layout::ColumnMajor, float, cutlass::layout::RowMajor, float, float, float, cutlass::layout::RowMajor, cutlass::NumericConverter<float, float, (cutlass::FloatRoundStyle)2>, cutlass::multiply_add<float, float, float>>'

Build succeeded.
Compilation from IR - skipping loading of FCL
Build succeeded.
Compilation from IR - skipping loading of FCL
Build succeeded.
[604/738] Linking CXX executable examples/06_bmg_flash_attention/legacy/06_bmg_decode_attention_hdim128
warning: Undefined function _Z45intel_sub_group_2d_block_prefetch_16b_2r16x2cPU3AS1viiiDv2_i found in /tmp/icpx-de164d3416/06_bmg_decode_attention-93f3a2.bc. This may result in runtime errors.
Compilation from IR - skipping loading of FCL

warning: [RetryManager] Start recompilation of the kernel
in kernel: 'typeinfo name for cutlass::reference::device::GemmComplexKernelName<cutlass::bfloat16_t, cutlass::layout::RowMajor, cutlass::bfloat16_t, cutlass::layout::ColumnMajor, float, cutlass::layout::RowMajor, float, float, float, cutlass::layout::RowMajor, cutlass::NumericConverter<float, float, (cutlass::FloatRoundStyle)2>, cutlass::multiply_add<float, float, float>>'

Build succeeded.
Compilation from IR - skipping loading of FCL

warning: Block2D: block size not multiple of GRF size, zero padded.

warning: kernel _ZTSN7cutlass15flash_attention6kernel10FMHADecodeIN4cute5tupleIJiiiNS_4fmha10collective14VariableLengthES7_S7_iiEEENS0_10collective14FlashDecodeMmaINS_4gemm20MainloopIntelXeXMX16ILi2ENSB_8KernelXeEEES8_NS_10bfloat16_tENS4_IJlNS3_1CILi1EEElEEESF_SI_SF_NS4_IJSH_llEEENS3_28XE_1x16x16_F32BF16BF16F32_TTENS4_IJSH_NSG_ILi512EEENSG_ILi64EEEEEENS4_IJSH_NSG_ILi32EEESL_EEENS3_6LayoutINS4_IJNSG_ILi8EEESH_SH_EEENS4_IJSH_SH_SH_EEEEENS3_19XE_2D_U16x1x16_LD_NENS3_20XE_2D_U16x16x16_LD_TENS3_20XE_2D_U16x32x32_LD_VELb1ELb1EEENS9_26FlashDecodeSoftmaxEpilogueILb1ENS_8epilogue12IntelXeXMX16EJfEEENS9_19FlashDecodeEpilogueIS11_SK_NS4_IJSH_NSG_ILi128EEESL_EEESU_JffSI_fNS3_19XE_2D_U32x1x16_ST_NEEEENS0_30FlashDecodeIndividualSchedulerEEE  compiled SIMD16 allocated 128 regs and spilled around 1

warning: kernel _ZTSN7cutlass15flash_attention6kernel10FMHADecodeIN4cute5tupleIJiiiiiiiiEEENS0_10collective14FlashDecodeMmaINS_4gemm20MainloopIntelXeXMX16ILi2ENS8_8KernelXeEEES5_NS_10bfloat16_tENS4_IJlNS3_1CILi1EEElEEESC_SF_SC_NS4_IJSE_llEEENS3_28XE_1x16x16_F32BF16BF16F32_TTENS4_IJSE_NSD_ILi512EEENSD_ILi64EEEEEENS4_IJSE_NSD_ILi32EEESI_EEENS3_6LayoutINS4_IJNSD_ILi8EEESE_SE_EEENS4_IJSE_SE_SE_EEEEENS3_19XE_2D_U16x1x16_LD_NENS3_20XE_2D_U16x16x16_LD_TENS3_20XE_2D_U16x32x32_LD_VELb1ELb0EEENS6_26FlashDecodeSoftmaxEpilogueILb1ENS_8epilogue12IntelXeXMX16EJfEEENS6_19FlashDecodeEpilogueISY_SH_NS4_IJSE_NSD_ILi128EEESI_EEESR_JffSF_fNS3_19XE_2D_U32x1x16_ST_NEEEENS0_30FlashDecodeIndividualSchedulerEEE  compiled SIMD16 allocated 128 regs and spilled around 4

warning: kernel _ZTSN7cutlass15flash_attention6kernel10FMHADecodeIN4cute5tupleIJiiiiiiiiEEENS0_10collective14FlashDecodeMmaINS_4gemm20MainloopIntelXeXMX16ILi2ENS8_8KernelXeEEES5_NS_10bfloat16_tENS4_IJlNS3_1CILi1EEElEEESC_SF_SC_NS4_IJSE_llEEENS3_28XE_1x16x16_F32BF16BF16F32_TTENS4_IJSE_NSD_ILi512EEENSD_ILi64EEEEEENS4_IJSE_NSD_ILi32EEESI_EEENS3_6LayoutINS4_IJNSD_ILi8EEESE_SE_EEENS4_IJSE_SE_SE_EEEEENS3_19XE_2D_U16x1x16_LD_NENS3_20XE_2D_U16x16x16_LD_TENS3_20XE_2D_U16x32x32_LD_VELb0ELb0EEENS6_26FlashDecodeSoftmaxEpilogueILb0ENS_8epilogue12IntelXeXMX16EJfEEENS6_19FlashDecodeEpilogueISY_SH_NS4_IJSE_NSD_ILi128EEESI_EEESR_JffSF_fNS3_19XE_2D_U32x1x16_ST_NEEEENS0_30FlashDecodeIndividualSchedulerEEE  compiled SIMD16 allocated 128 regs and spilled around 4

warning: kernel _ZTSN7cutlass15flash_attention6kernel10FMHADecodeIN4cute5tupleIJiiiiiiiiEEENS0_10collective14FlashDecodeMmaINS_4gemm20MainloopIntelXeXMX16ILi2ENS8_8KernelXeEEES5_NS_10bfloat16_tENS4_IJlNS3_1CILi1EEElEEESC_SF_SC_NS4_IJSE_llEEENS3_28XE_1x16x16_F32BF16BF16F32_TTENS4_IJSE_NSD_ILi512EEENSD_ILi64EEEEEENS4_IJSE_NSD_ILi32EEESI_EEENS3_6LayoutINS4_IJNSD_ILi8EEESE_SE_EEENS4_IJSE_SE_SE_EEEEENS3_19XE_2D_U16x1x16_LD_NENS3_20XE_2D_U16x16x16_LD_TENS3_20XE_2D_U16x32x32_LD_VELb1ELb1EEENS6_26FlashDecodeSoftmaxEpilogueILb1ENS_8epilogue12IntelXeXMX16EJfEEENS6_19FlashDecodeEpilogueISY_SH_NS4_IJSE_NSD_ILi128EEESI_EEESR_JffSF_fNS3_19XE_2D_U32x1x16_ST_NEEEENS0_30FlashDecodeIndividualSchedulerEEE  compiled SIMD16 allocated 128 regs and spilled around 9

warning: kernel _ZTSN7cutlass15flash_attention6kernel10FMHADecodeIN4cute5tupleIJiiiiiiiiEEENS0_10collective14FlashDecodeMmaINS_4gemm20MainloopIntelXeXMX16ILi2ENS8_8KernelXeEEES5_NS_10bfloat16_tENS4_IJlNS3_1CILi1EEElEEESC_SF_SC_NS4_IJSE_llEEENS3_28XE_1x16x16_F32BF16BF16F32_TTENS4_IJSE_NSD_ILi512EEENSD_ILi64EEEEEENS4_IJSE_NSD_ILi32EEESI_EEENS3_6LayoutINS4_IJNSD_ILi8EEESE_SE_EEENS4_IJSE_SE_SE_EEEEENS3_19XE_2D_U16x1x16_LD_NENS3_20XE_2D_U16x16x16_LD_TENS3_20XE_2D_U16x32x32_LD_VELb0ELb1EEENS6_26FlashDecodeSoftmaxEpilogueILb0ENS_8epilogue12IntelXeXMX16EJfEEENS6_19FlashDecodeEpilogueISY_SH_NS4_IJSE_NSD_ILi128EEESI_EEESR_JffSF_fNS3_19XE_2D_U32x1x16_ST_NEEEENS0_30FlashDecodeIndividualSchedulerEEE  compiled SIMD16 allocated 128 regs and spilled around 9

Build succeeded.
[605/738] Linking CXX executable examples/06_bmg_flash_attention/legacy/06_bmg_prefill_attention_cachedKV_hdim128
Compilation from IR - skipping loading of FCL

warning: [RetryManager] Start recompilation of the kernel
in kernel: 'typeinfo name for cutlass::reference::device::GemmComplexKernelName<cutlass::bfloat16_t, cutlass::layout::RowMajor, cutlass::bfloat16_t, cutlass::layout::ColumnMajor, float, cutlass::layout::RowMajor, float, float, float, cutlass::layout::RowMajor, cutlass::NumericConverter<float, float, (cutlass::FloatRoundStyle)2>, cutlass::multiply_add<float, float, float>>'

Build succeeded.
Compilation from IR - skipping loading of FCL
Build succeeded.
[606/738] Linking CXX executable test/unit/flash_attention/legacy/flash_attention_prefill/cutlass_test_unit_flash_attention_prefill_fp8e4m3_fp32_fp32_h96_xe
warning: Undefined function _Z44intel_sub_group_2d_block_prefetch_8b_8r32x2cPU3AS1viiiDv2_i found in /tmp/icpx-d20c606256/filter_architecture-a7adcf.bc. This may result in runtime errors.
Compilation from IR - skipping loading of FCL

warning: [RetryManager] Start recompilation of the kernel
in kernel: 'typeinfo name for cutlass::reference::device::GemmComplexKernelName<cutlass::half_t, cutlass::layout::RowMajor, cutlass::half_t, cutlass::layout::ColumnMajor, float, cutlass::layout::RowMajor, float, float, float, cutlass::layout::RowMajor, cutlass::NumericConverter<float, float, (cutlass::FloatRoundStyle)2>, cutlass::multiply_add<float, float, float>>'

Build succeeded.
Compilation from IR - skipping loading of FCL
Build succeeded.
Compilation from IR - skipping loading of FCL
Build succeeded.
[607/738] Linking CXX executable test/unit/flash_attention/legacy/flash_attention_prefill/cutlass_test_unit_flash_attention_prefill_fp8e5m2_fp32_fp8e5m2_h192_xe
warning: Undefined function _Z44intel_sub_group_2d_block_prefetch_8b_8r32x2cPU3AS1viiiDv2_i found in /tmp/icpx-7492b7e891/filter_architecture-bfd196.bc. This may result in runtime errors.
warning: Undefined function _Z44intel_sub_group_2d_block_prefetch_8b_2r32x2cPU3AS1viiiDv2_i found in /tmp/icpx-7492b7e891/filter_architecture-bfd196.bc. This may result in runtime errors.
Compilation from IR - skipping loading of FCL

warning: [RetryManager] Start recompilation of the kernel
in kernel: 'typeinfo name for cutlass::reference::device::GemmComplexKernelName<cutlass::half_t, cutlass::layout::RowMajor, cutlass::half_t, cutlass::layout::ColumnMajor, float, cutlass::layout::RowMajor, float, float, float, cutlass::layout::RowMajor, cutlass::NumericConverter<float, float, (cutlass::FloatRoundStyle)2>, cutlass::multiply_add<float, float, float>>'

Build succeeded.
Compilation from IR - skipping loading of FCL
Build succeeded.
Compilation from IR - skipping loading of FCL
Build succeeded.
[608/738] Linking CXX executable examples/06_bmg_flash_attention/legacy/06_bmg_prefill_attention_cachedKV_hdim64
Compilation from IR - skipping loading of FCL

warning: [RetryManager] Start recompilation of the kernel
in kernel: 'typeinfo name for cutlass::reference::device::GemmComplexKernelName<cutlass::bfloat16_t, cutlass::layout::RowMajor, cutlass::bfloat16_t, cutlass::layout::ColumnMajor, float, cutlass::layout::RowMajor, float, float, float, cutlass::layout::RowMajor, cutlass::NumericConverter<float, float, (cutlass::FloatRoundStyle)2>, cutlass::multiply_add<float, float, float>>'

Build succeeded.
Compilation from IR - skipping loading of FCL
Build succeeded.
[609/738] Building CXX object test/unit/gemm/device/CMakeFiles/cutlass_test_unit_gemm_device_tensorop_xe.dir/xe_gemm_f8_f8_fp32_tensor_op_fp32.cpp.o
[610/738] Linking CXX executable test/unit/flash_attention/legacy/flash_attention_prefill/cutlass_test_unit_flash_attention_prefill_fp8e5m2_fp32_fp32_h192_xe
warning: Undefined function _Z44intel_sub_group_2d_block_prefetch_8b_8r32x2cPU3AS1viiiDv2_i found in /tmp/icpx-9bd1eb18cb/filter_architecture-fb72b6.bc. This may result in runtime errors.
warning: Undefined function _Z44intel_sub_group_2d_block_prefetch_8b_2r32x2cPU3AS1viiiDv2_i found in /tmp/icpx-9bd1eb18cb/filter_architecture-fb72b6.bc. This may result in runtime errors.
Compilation from IR - skipping loading of FCL

warning: [RetryManager] Start recompilation of the kernel
in kernel: 'typeinfo name for cutlass::reference::device::GemmComplexKernelName<cutlass::half_t, cutlass::layout::RowMajor, cutlass::half_t, cutlass::layout::ColumnMajor, float, cutlass::layout::RowMajor, float, float, float, cutlass::layout::RowMajor, cutlass::NumericConverter<float, float, (cutlass::FloatRoundStyle)2>, cutlass::multiply_add<float, float, float>>'

Build succeeded.
Compilation from IR - skipping loading of FCL
Build succeeded.
Compilation from IR - skipping loading of FCL
Build succeeded.
[611/738] Linking CXX executable test/unit/flash_attention/legacy/flash_attention_prefill/cutlass_test_unit_flash_attention_prefill_fp8e5m2_fp32_fp8e5m2_h128_xe
warning: Undefined function _Z44intel_sub_group_2d_block_prefetch_8b_8r32x2cPU3AS1viiiDv2_i found in /tmp/icpx-05da736df8/filter_architecture-3b7b6f.bc. This may result in runtime errors.
warning: Undefined function _Z44intel_sub_group_2d_block_prefetch_8b_4r32x2cPU3AS1viiiDv2_i found in /tmp/icpx-05da736df8/filter_architecture-3b7b6f.bc. This may result in runtime errors.
Compilation from IR - skipping loading of FCL

warning: [RetryManager] Start recompilation of the kernel
in kernel: 'typeinfo name for cutlass::reference::device::GemmComplexKernelName<cutlass::half_t, cutlass::layout::RowMajor, cutlass::half_t, cutlass::layout::ColumnMajor, float, cutlass::layout::RowMajor, float, float, float, cutlass::layout::RowMajor, cutlass::NumericConverter<float, float, (cutlass::FloatRoundStyle)2>, cutlass::multiply_add<float, float, float>>'

Build succeeded.
Compilation from IR - skipping loading of FCL
Build succeeded.
Compilation from IR - skipping loading of FCL
Build succeeded.
[612/738] Linking CXX executable test/unit/flash_attention/legacy/flash_attention_decode/cutlass_test_unit_flash_attention_decode_h96_xe
warning: Undefined function _Z45intel_sub_group_2d_block_prefetch_16b_2r16x2cPU3AS1viiiDv2_i found in /tmp/icpx-a1a3022dcf/filter_architecture-2e6483.bc. This may result in runtime errors.
warning: Undefined function _Z45intel_sub_group_2d_block_prefetch_16b_2r16x2cPU3AS1viiiDv2_i found in /tmp/icpx-a1a3022dcf/filter_architecture-2e6483.bc. This may result in runtime errors.
warning: Undefined function _Z45intel_sub_group_2d_block_prefetch_16b_4r16x2cPU3AS1viiiDv2_i found in /tmp/icpx-a1a3022dcf/filter_architecture-2e6483.bc. This may result in runtime errors.
warning: Undefined function _Z45intel_sub_group_2d_block_prefetch_16b_2r16x2cPU3AS1viiiDv2_i found in /tmp/icpx-a1a3022dcf/filter_architecture-2e6483.bc. This may result in runtime errors.
warning: Undefined function _Z45intel_sub_group_2d_block_prefetch_16b_2r16x2cPU3AS1viiiDv2_i found in /tmp/icpx-a1a3022dcf/filter_architecture-2e6483.bc. This may result in runtime errors.
warning: Undefined function _Z45intel_sub_group_2d_block_prefetch_16b_4r16x2cPU3AS1viiiDv2_i found in /tmp/icpx-a1a3022dcf/filter_architecture-2e6483.bc. This may result in runtime errors.
Compilation from IR - skipping loading of FCL

warning: [RetryManager] Start recompilation of the kernel
in kernel: 'typeinfo name for cutlass::reference::device::GemmComplexKernelName<cutlass::half_t, cutlass::layout::RowMajor, cutlass::half_t, cutlass::layout::ColumnMajor, float, cutlass::layout::RowMajor, float, float, float, cutlass::layout::RowMajor, cutlass::NumericConverter<float, float, (cutlass::FloatRoundStyle)2>, cutlass::multiply_add<float, float, float>>'

Build succeeded.
Compilation from IR - skipping loading of FCL

warning: Block2D: block size not multiple of GRF size, zero padded.

Build succeeded.
Compilation from IR - skipping loading of FCL

warning: Block2D: block size not multiple of GRF size, zero padded.

Build succeeded.
Compilation from IR - skipping loading of FCL

warning: [RetryManager] Start recompilation of the kernel
in kernel: 'typeinfo name for cutlass::reference::device::GemmComplexKernelName<cutlass::bfloat16_t, cutlass::layout::RowMajor, cutlass::bfloat16_t, cutlass::layout::ColumnMajor, float, cutlass::layout::RowMajor, float, float, float, cutlass::layout::RowMajor, cutlass::NumericConverter<float, float, (cutlass::FloatRoundStyle)2>, cutlass::multiply_add<float, float, float>>'

Build succeeded.
Compilation from IR - skipping loading of FCL

warning: Block2D: block size not multiple of GRF size, zero padded.

Build succeeded.
Compilation from IR - skipping loading of FCL

warning: Block2D: block size not multiple of GRF size, zero padded.

Build succeeded.
[613/738] Building CXX object examples/06_bmg_flash_attention/legacy/CMakeFiles/06_bmg_decode_attention_hdim192.dir/06_bmg_decode_attention.cpp.o
[614/738] Linking CXX executable test/unit/flash_attention/legacy/flash_attention_prefill/cutlass_test_unit_flash_attention_prefill_fp8e5m2_fp32_fp8e5m2_h96_xe
warning: Undefined function _Z44intel_sub_group_2d_block_prefetch_8b_8r32x2cPU3AS1viiiDv2_i found in /tmp/icpx-18b585a58b/filter_architecture-bffeca.bc. This may result in runtime errors.
Compilation from IR - skipping loading of FCL

warning: [RetryManager] Start recompilation of the kernel
in kernel: 'typeinfo name for cutlass::reference::device::GemmComplexKernelName<cutlass::half_t, cutlass::layout::RowMajor, cutlass::half_t, cutlass::layout::ColumnMajor, float, cutlass::layout::RowMajor, float, float, float, cutlass::layout::RowMajor, cutlass::NumericConverter<float, float, (cutlass::FloatRoundStyle)2>, cutlass::multiply_add<float, float, float>>'

Build succeeded.
Compilation from IR - skipping loading of FCL
Build succeeded.
Compilation from IR - skipping loading of FCL
Build succeeded.
[615/738] Linking CXX executable examples/06_bmg_flash_attention/legacy/06_bmg_decode_attention_hdim64
warning: Undefined function _Z45intel_sub_group_2d_block_prefetch_16b_2r16x2cPU3AS1viiiDv2_i found in /tmp/icpx-382dcf0901/06_bmg_decode_attention-98ea9d.bc. This may result in runtime errors.
Compilation from IR - skipping loading of FCL

warning: [RetryManager] Start recompilation of the kernel
in kernel: 'typeinfo name for cutlass::reference::device::GemmComplexKernelName<cutlass::bfloat16_t, cutlass::layout::RowMajor, cutlass::bfloat16_t, cutlass::layout::ColumnMajor, float, cutlass::layout::RowMajor, float, float, float, cutlass::layout::RowMajor, cutlass::NumericConverter<float, float, (cutlass::FloatRoundStyle)2>, cutlass::multiply_add<float, float, float>>'

Build succeeded.
Compilation from IR - skipping loading of FCL

warning: Block2D: block size not multiple of GRF size, zero padded.

warning: kernel _ZTSN7cutlass15flash_attention6kernel10FMHADecodeIN4cute5tupleIJiiiNS_4fmha10collective14VariableLengthES7_S7_iiEEENS0_10collective14FlashDecodeMmaINS_4gemm20MainloopIntelXeXMX16ILi2ENSB_8KernelXeEEES8_NS_10bfloat16_tENS4_IJlNS3_1CILi1EEElEEESF_SI_SF_NS4_IJSH_llEEENS3_28XE_1x16x16_F32BF16BF16F32_TTENS4_IJSH_NSG_ILi512EEENSG_ILi64EEEEEENS4_IJSH_NSG_ILi32EEESL_EEENS3_6LayoutINS4_IJNSG_ILi8EEESH_SH_EEENS4_IJSH_SH_SH_EEEEENS3_19XE_2D_U16x1x16_LD_NENS3_20XE_2D_U16x16x16_LD_TENS3_20XE_2D_U16x32x32_LD_VELb0ELb0EEENS9_26FlashDecodeSoftmaxEpilogueILb0ENS_8epilogue12IntelXeXMX16EJfEEENS9_19FlashDecodeEpilogueIS11_SK_NS4_IJSH_SM_SL_EEESU_JffSI_fNS3_19XE_2D_U32x1x16_ST_NEEEENS0_30FlashDecodeIndividualSchedulerEEE  compiled SIMD16 allocated 128 regs and spilled around 4

Build succeeded.
[616/738] Linking CXX executable test/unit/flash_attention/legacy/flash_attention_decode/cutlass_test_unit_flash_attention_decode_h128_xe
warning: Undefined function _Z45intel_sub_group_2d_block_prefetch_16b_2r16x2cPU3AS1viiiDv2_i found in /tmp/icpx-8c9c031cb8/filter_architecture-caf2ce.bc. This may result in runtime errors.
warning: Undefined function _Z45intel_sub_group_2d_block_prefetch_16b_2r16x2cPU3AS1viiiDv2_i found in /tmp/icpx-8c9c031cb8/filter_architecture-caf2ce.bc. This may result in runtime errors.
warning: Undefined function _Z45intel_sub_group_2d_block_prefetch_16b_4r16x2cPU3AS1viiiDv2_i found in /tmp/icpx-8c9c031cb8/filter_architecture-caf2ce.bc. This may result in runtime errors.
warning: Undefined function _Z45intel_sub_group_2d_block_prefetch_16b_2r16x2cPU3AS1viiiDv2_i found in /tmp/icpx-8c9c031cb8/filter_architecture-caf2ce.bc. This may result in runtime errors.
warning: Undefined function _Z45intel_sub_group_2d_block_prefetch_16b_2r16x2cPU3AS1viiiDv2_i found in /tmp/icpx-8c9c031cb8/filter_architecture-caf2ce.bc. This may result in runtime errors.
warning: Undefined function _Z45intel_sub_group_2d_block_prefetch_16b_4r16x2cPU3AS1viiiDv2_i found in /tmp/icpx-8c9c031cb8/filter_architecture-caf2ce.bc. This may result in runtime errors.
Compilation from IR - skipping loading of FCL

warning: [RetryManager] Start recompilation of the kernel
in kernel: 'typeinfo name for cutlass::reference::device::GemmComplexKernelName<cutlass::half_t, cutlass::layout::RowMajor, cutlass::half_t, cutlass::layout::ColumnMajor, float, cutlass::layout::RowMajor, float, float, float, cutlass::layout::RowMajor, cutlass::NumericConverter<float, float, (cutlass::FloatRoundStyle)2>, cutlass::multiply_add<float, float, float>>'

Build succeeded.
Compilation from IR - skipping loading of FCL

warning: Block2D: block size not multiple of GRF size, zero padded.

warning: kernel _ZTSN7cutlass15flash_attention6kernel10FMHADecodeIN4cute5tupleIJiiiiiiiiEEENS0_10collective14FlashDecodeMmaINS_4gemm20MainloopIntelXeXMX16ILi2ENS8_8KernelXeEEES5_NS_6half_tENS4_IJlNS3_1CILi1EEElEEESC_SF_SC_NS4_IJSE_llEEENS3_26XE_1x16x16_F32F16F16F32_TTENS4_IJSE_NSD_ILi512EEENSD_ILi64EEEEEENS4_IJSE_NSD_ILi32EEESI_EEENS3_6LayoutINS4_IJNSD_ILi8EEESE_SE_EEENS4_IJSE_NSD_ILi0EEESQ_EEEEENS3_19XE_2D_U16x1x16_LD_NENS3_20XE_2D_U16x16x16_LD_TENS3_20XE_2D_U16x32x32_LD_VELb1ELb0EEENS6_26FlashDecodeSoftmaxEpilogueILb1ENS_8epilogue12IntelXeXMX16EJfEEENS6_19FlashDecodeEpilogueISZ_SH_NS4_IJSE_NSD_ILi128EEESI_EEESS_JffSF_fNS3_19XE_2D_U32x1x16_ST_NEEEEvEE  compiled SIMD16 allocated 128 regs and spilled around 4

warning: kernel _ZTSN7cutlass15flash_attention6kernel10FMHADecodeIN4cute5tupleIJiiiiiiiiEEENS0_10collective14FlashDecodeMmaINS_4gemm20MainloopIntelXeXMX16ILi2ENS8_8KernelXeEEES5_NS_6half_tENS4_IJlNS3_1CILi1EEElEEESC_SF_SC_NS4_IJSE_llEEENS3_26XE_1x16x16_F32F16F16F32_TTENS4_IJSE_NSD_ILi512EEENSD_ILi64EEEEEENS4_IJSE_NSD_ILi32EEESI_EEENS3_6LayoutINS4_IJNSD_ILi8EEESE_SE_EEENS4_IJSE_NSD_ILi0EEESQ_EEEEENS3_19XE_2D_U16x1x16_LD_NENS3_20XE_2D_U16x16x16_LD_TENS3_20XE_2D_U16x32x32_LD_VELb0ELb0EEENS6_26FlashDecodeSoftmaxEpilogueILb0ENS_8epilogue12IntelXeXMX16EJfEEENS6_19FlashDecodeEpilogueISZ_SH_NS4_IJSE_NSD_ILi128EEESI_EEESS_JffSF_fNS3_19XE_2D_U32x1x16_ST_NEEEEvEE  compiled SIMD16 allocated 128 regs and spilled around 4

Build succeeded.
Compilation from IR - skipping loading of FCL

warning: Block2D: block size not multiple of GRF size, zero padded.

warning: kernel _ZTSN7cutlass15flash_attention6kernel10FMHADecodeIN4cute5tupleIJiiiiiiiiEEENS0_10collective14FlashDecodeMmaINS_4gemm20MainloopIntelXeXMX16ILi2ENS8_8KernelXeEEES5_NS_6half_tENS4_IJlNS3_1CILi1EEElEEESC_SF_SC_NS4_IJSE_llEEENS3_26XE_1x16x16_F32F16F16F32_TTENS4_IJSE_NSD_ILi1024EEENSD_ILi64EEEEEENS4_IJSE_NSD_ILi32EEESI_EEENS3_6LayoutINS4_IJNSD_ILi16EEESE_SE_EEENS4_IJSE_NSD_ILi0EEESQ_EEEEENS3_19XE_2D_U16x1x16_LD_NENS3_20XE_2D_U16x16x16_LD_TENS3_20XE_2D_U16x32x32_LD_VELb1ELb0EEENS6_26FlashDecodeSoftmaxEpilogueILb1ENS_8epilogue12IntelXeXMX16EJfEEENS6_19FlashDecodeEpilogueISZ_SH_NS4_IJSE_NSD_ILi128EEESI_EEESS_JffSF_fNS3_19XE_2D_U32x1x16_ST_NEEEEvEE  compiled SIMD16 allocated 128 regs and spilled around 7

warning: kernel _ZTSN7cutlass15flash_attention6kernel10FMHADecodeIN4cute5tupleIJiiiiiiiiEEENS0_10collective14FlashDecodeMmaINS_4gemm20MainloopIntelXeXMX16ILi2ENS8_8KernelXeEEES5_NS_6half_tENS4_IJlNS3_1CILi1EEElEEESC_SF_SC_NS4_IJSE_llEEENS3_26XE_1x16x16_F32F16F16F32_TTENS4_IJSE_NSD_ILi1024EEENSD_ILi64EEEEEENS4_IJSE_NSD_ILi32EEESI_EEENS3_6LayoutINS4_IJNSD_ILi16EEESE_SE_EEENS4_IJSE_NSD_ILi0EEESQ_EEEEENS3_19XE_2D_U16x1x16_LD_NENS3_20XE_2D_U16x16x16_LD_TENS3_20XE_2D_U16x32x32_LD_VELb0ELb0EEENS6_26FlashDecodeSoftmaxEpilogueILb0ENS_8epilogue12IntelXeXMX16EJfEEENS6_19FlashDecodeEpilogueISZ_SH_NS4_IJSE_NSD_ILi128EEESI_EEESS_JffSF_fNS3_19XE_2D_U32x1x16_ST_NEEEEvEE  compiled SIMD16 allocated 128 regs and spilled around 6

Build succeeded.
Compilation from IR - skipping loading of FCL

warning: [RetryManager] Start recompilation of the kernel
in kernel: 'typeinfo name for cutlass::reference::device::GemmComplexKernelName<cutlass::bfloat16_t, cutlass::layout::RowMajor, cutlass::bfloat16_t, cutlass::layout::ColumnMajor, float, cutlass::layout::RowMajor, float, float, float, cutlass::layout::RowMajor, cutlass::NumericConverter<float, float, (cutlass::FloatRoundStyle)2>, cutlass::multiply_add<float, float, float>>'

Build succeeded.
Compilation from IR - skipping loading of FCL

warning: Block2D: block size not multiple of GRF size, zero padded.

warning: kernel _ZTSN7cutlass15flash_attention6kernel10FMHADecodeIN4cute5tupleIJiiiiiiiiEEENS0_10collective14FlashDecodeMmaINS_4gemm20MainloopIntelXeXMX16ILi2ENS8_8KernelXeEEES5_NS_10bfloat16_tENS4_IJlNS3_1CILi1EEElEEESC_SF_SC_NS4_IJSE_llEEENS3_28XE_1x16x16_F32BF16BF16F32_TTENS4_IJSE_NSD_ILi512EEENSD_ILi64EEEEEENS4_IJSE_NSD_ILi32EEESI_EEENS3_6LayoutINS4_IJNSD_ILi8EEESE_SE_EEENS4_IJSE_NSD_ILi0EEESQ_EEEEENS3_19XE_2D_U16x1x16_LD_NENS3_20XE_2D_U16x16x16_LD_TENS3_20XE_2D_U16x32x32_LD_VELb1ELb0EEENS6_26FlashDecodeSoftmaxEpilogueILb1ENS_8epilogue12IntelXeXMX16EJfEEENS6_19FlashDecodeEpilogueISZ_SH_NS4_IJSE_NSD_ILi128EEESI_EEESS_JffSF_fNS3_19XE_2D_U32x1x16_ST_NEEEEvEE  compiled SIMD16 allocated 128 regs and spilled around 4

warning: kernel _ZTSN7cutlass15flash_attention6kernel10FMHADecodeIN4cute5tupleIJiiiiiiiiEEENS0_10collective14FlashDecodeMmaINS_4gemm20MainloopIntelXeXMX16ILi2ENS8_8KernelXeEEES5_NS_10bfloat16_tENS4_IJlNS3_1CILi1EEElEEESC_SF_SC_NS4_IJSE_llEEENS3_28XE_1x16x16_F32BF16BF16F32_TTENS4_IJSE_NSD_ILi512EEENSD_ILi64EEEEEENS4_IJSE_NSD_ILi32EEESI_EEENS3_6LayoutINS4_IJNSD_ILi8EEESE_SE_EEENS4_IJSE_NSD_ILi0EEESQ_EEEEENS3_19XE_2D_U16x1x16_LD_NENS3_20XE_2D_U16x16x16_LD_TENS3_20XE_2D_U16x32x32_LD_VELb0ELb0EEENS6_26FlashDecodeSoftmaxEpilogueILb0ENS_8epilogue12IntelXeXMX16EJfEEENS6_19FlashDecodeEpilogueISZ_SH_NS4_IJSE_NSD_ILi128EEESI_EEESS_JffSF_fNS3_19XE_2D_U32x1x16_ST_NEEEEvEE  compiled SIMD16 allocated 128 regs and spilled around 4

Build succeeded.
Compilation from IR - skipping loading of FCL

warning: Block2D: block size not multiple of GRF size, zero padded.

warning: kernel _ZTSN7cutlass15flash_attention6kernel10FMHADecodeIN4cute5tupleIJiiiiiiiiEEENS0_10collective14FlashDecodeMmaINS_4gemm20MainloopIntelXeXMX16ILi2ENS8_8KernelXeEEES5_NS_10bfloat16_tENS4_IJlNS3_1CILi1EEElEEESC_SF_SC_NS4_IJSE_llEEENS3_28XE_1x16x16_F32BF16BF16F32_TTENS4_IJSE_NSD_ILi1024EEENSD_ILi64EEEEEENS4_IJSE_NSD_ILi32EEESI_EEENS3_6LayoutINS4_IJNSD_ILi16EEESE_SE_EEENS4_IJSE_NSD_ILi0EEESQ_EEEEENS3_19XE_2D_U16x1x16_LD_NENS3_20XE_2D_U16x16x16_LD_TENS3_20XE_2D_U16x32x32_LD_VELb1ELb0EEENS6_26FlashDecodeSoftmaxEpilogueILb1ENS_8epilogue12IntelXeXMX16EJfEEENS6_19FlashDecodeEpilogueISZ_SH_NS4_IJSE_NSD_ILi128EEESI_EEESS_JffSF_fNS3_19XE_2D_U32x1x16_ST_NEEEEvEE  compiled SIMD16 allocated 128 regs and spilled around 7

warning: kernel _ZTSN7cutlass15flash_attention6kernel10FMHADecodeIN4cute5tupleIJiiiiiiiiEEENS0_10collective14FlashDecodeMmaINS_4gemm20MainloopIntelXeXMX16ILi2ENS8_8KernelXeEEES5_NS_10bfloat16_tENS4_IJlNS3_1CILi1EEElEEESC_SF_SC_NS4_IJSE_llEEENS3_28XE_1x16x16_F32BF16BF16F32_TTENS4_IJSE_NSD_ILi1024EEENSD_ILi64EEEEEENS4_IJSE_NSD_ILi32EEESI_EEENS3_6LayoutINS4_IJNSD_ILi16EEESE_SE_EEENS4_IJSE_NSD_ILi0EEESQ_EEEEENS3_19XE_2D_U16x1x16_LD_NENS3_20XE_2D_U16x16x16_LD_TENS3_20XE_2D_U16x32x32_LD_VELb0ELb0EEENS6_26FlashDecodeSoftmaxEpilogueILb0ENS_8epilogue12IntelXeXMX16EJfEEENS6_19FlashDecodeEpilogueISZ_SH_NS4_IJSE_NSD_ILi128EEESI_EEESS_JffSF_fNS3_19XE_2D_U32x1x16_ST_NEEEEvEE  compiled SIMD16 allocated 128 regs and spilled around 6

Build succeeded.
[617/738] Linking CXX executable test/unit/flash_attention/legacy/flash_attention_prefill/cutlass_test_unit_flash_attention_prefill_fp8e5m2_fp32_fp32_h96_xe
warning: Undefined function _Z44intel_sub_group_2d_block_prefetch_8b_8r32x2cPU3AS1viiiDv2_i found in /tmp/icpx-4e332de3e9/filter_architecture-ee5c6a.bc. This may result in runtime errors.
Compilation from IR - skipping loading of FCL

warning: [RetryManager] Start recompilation of the kernel
in kernel: 'typeinfo name for cutlass::reference::device::GemmComplexKernelName<cutlass::half_t, cutlass::layout::RowMajor, cutlass::half_t, cutlass::layout::ColumnMajor, float, cutlass::layout::RowMajor, float, float, float, cutlass::layout::RowMajor, cutlass::NumericConverter<float, float, (cutlass::FloatRoundStyle)2>, cutlass::multiply_add<float, float, float>>'

Build succeeded.
Compilation from IR - skipping loading of FCL
Build succeeded.
Compilation from IR - skipping loading of FCL
Build succeeded.
[618/738] Building CXX object test/unit/gemm/device/CMakeFiles/cutlass_test_unit_gemm_device_tensorop_xe_group_gemm.dir/xe_gemm_fp16_fp16_fp16_tensor_op_fp32_group_gemm.cpp.o
[619/738] Building CXX object test/unit/gemm/device/CMakeFiles/cutlass_test_unit_gemm_device_tensorop_epilogue_fusion_xe.dir/xe_gemm_bf16_bf16_fp32_tensor_op_fp32_evt.cpp.o
[620/738] Linking CXX executable test/unit/flash_attention/legacy/flash_attention_decode/cutlass_test_unit_flash_attention_decode_h192_xe
warning: Undefined function _Z45intel_sub_group_2d_block_prefetch_16b_2r16x2cPU3AS1viiiDv2_i found in /tmp/icpx-9b1af33350/filter_architecture-f10700.bc. This may result in runtime errors.
warning: Undefined function _Z45intel_sub_group_2d_block_prefetch_16b_2r16x2cPU3AS1viiiDv2_i found in /tmp/icpx-9b1af33350/filter_architecture-f10700.bc. This may result in runtime errors.
warning: Undefined function _Z45intel_sub_group_2d_block_prefetch_16b_4r16x2cPU3AS1viiiDv2_i found in /tmp/icpx-9b1af33350/filter_architecture-f10700.bc. This may result in runtime errors.
warning: Undefined function _Z45intel_sub_group_2d_block_prefetch_16b_2r16x2cPU3AS1viiiDv2_i found in /tmp/icpx-9b1af33350/filter_architecture-f10700.bc. This may result in runtime errors.
warning: Undefined function _Z45intel_sub_group_2d_block_prefetch_16b_2r16x2cPU3AS1viiiDv2_i found in /tmp/icpx-9b1af33350/filter_architecture-f10700.bc. This may result in runtime errors.
warning: Undefined function _Z45intel_sub_group_2d_block_prefetch_16b_4r16x2cPU3AS1viiiDv2_i found in /tmp/icpx-9b1af33350/filter_architecture-f10700.bc. This may result in runtime errors.
Compilation from IR - skipping loading of FCL

warning: [RetryManager] Start recompilation of the kernel
in kernel: 'typeinfo name for cutlass::reference::device::GemmComplexKernelName<cutlass::half_t, cutlass::layout::RowMajor, cutlass::half_t, cutlass::layout::ColumnMajor, float, cutlass::layout::RowMajor, float, float, float, cutlass::layout::RowMajor, cutlass::NumericConverter<float, float, (cutlass::FloatRoundStyle)2>, cutlass::multiply_add<float, float, float>>'

Build succeeded.
Compilation from IR - skipping loading of FCL

warning: Block2D: block size not multiple of GRF size, zero padded.

Build succeeded.
Compilation from IR - skipping loading of FCL

warning: Block2D: block size not multiple of GRF size, zero padded.

Build succeeded.
Compilation from IR - skipping loading of FCL

warning: [RetryManager] Start recompilation of the kernel
in kernel: 'typeinfo name for cutlass::reference::device::GemmComplexKernelName<cutlass::bfloat16_t, cutlass::layout::RowMajor, cutlass::bfloat16_t, cutlass::layout::ColumnMajor, float, cutlass::layout::RowMajor, float, float, float, cutlass::layout::RowMajor, cutlass::NumericConverter<float, float, (cutlass::FloatRoundStyle)2>, cutlass::multiply_add<float, float, float>>'

Build succeeded.
Compilation from IR - skipping loading of FCL

warning: Block2D: block size not multiple of GRF size, zero padded.

Build succeeded.
Compilation from IR - skipping loading of FCL

warning: Block2D: block size not multiple of GRF size, zero padded.

Build succeeded.
[621/738] Linking CXX executable examples/06_bmg_flash_attention/legacy/06_bmg_prefill_attention_cachedKV_hdim192
warning: Undefined function _Z45intel_sub_group_2d_block_prefetch_16b_4r16x2cPU3AS1viiiDv2_i found in /tmp/icpx-c23764340f/06_bmg_prefill_attention_prefill_cachedKV-1dc351.bc. This may result in runtime errors.
Compilation from IR - skipping loading of FCL

warning: [RetryManager] Start recompilation of the kernel
in kernel: 'typeinfo name for cutlass::reference::device::GemmComplexKernelName<cutlass::bfloat16_t, cutlass::layout::RowMajor, cutlass::bfloat16_t, cutlass::layout::ColumnMajor, float, cutlass::layout::RowMajor, float, float, float, cutlass::layout::RowMajor, cutlass::NumericConverter<float, float, (cutlass::FloatRoundStyle)2>, cutlass::multiply_add<float, float, float>>'

Build succeeded.
Compilation from IR - skipping loading of FCL
Build succeeded.
[622/738] Linking CXX executable test/unit/flash_attention/legacy/flash_attention_prefill/cutlass_test_unit_flash_attention_prefill_fp8e5m2_fp32_fp8e5m2_h64_xe
warning: Undefined function _Z44intel_sub_group_2d_block_prefetch_8b_8r32x2cPU3AS1viiiDv2_i found in /tmp/icpx-504e3b8c1e/filter_architecture-9a0c24.bc. This may result in runtime errors.
Compilation from IR - skipping loading of FCL

warning: [RetryManager] Start recompilation of the kernel
in kernel: 'typeinfo name for cutlass::reference::device::GemmComplexKernelName<cutlass::half_t, cutlass::layout::RowMajor, cutlass::half_t, cutlass::layout::ColumnMajor, float, cutlass::layout::RowMajor, float, float, float, cutlass::layout::RowMajor, cutlass::NumericConverter<float, float, (cutlass::FloatRoundStyle)2>, cutlass::multiply_add<float, float, float>>'

Build succeeded.
Compilation from IR - skipping loading of FCL
Build succeeded.
Compilation from IR - skipping loading of FCL
Build succeeded.
[623/738] Linking CXX executable test/unit/gemm/device/cutlass_test_unit_gemm_device_tensorop_epilogue_fusion_xe
Compilation from IR - skipping loading of FCL
Build succeeded.
Compilation from IR - skipping loading of FCL

warning: [RetryManager] Start recompilation of the kernel
in kernel: 'typeinfo name for cutlass::gemm::kernel::GemmUniversal<cute::tuple<int, int, int, int>, cutlass::gemm::collective::CollectiveMma<cutlass::gemm::MainloopXeL1Staged<3, cutlass::gemm::KernelXe>, cute::tuple<cute::C<256>, cute::C<256>, cute::C<32>>, cutlass::bfloat16_t, cute::tuple<long, cute::C<1>, long>, cutlass::bfloat16_t, cute::tuple<cute::C<1>, long, long>, cute::TiledMMA<cute::MMA_Atom<cute::XE_DPAS_TT<8, float, cutlass::bfloat16_t, cutlass::bfloat16_t, float>>, cute::Layout<cute::tuple<cute::C<8>, cute::C<4>, cute::C<1>>, cute::tuple<cute::C<4>, cute::C<1>, cute::C<0>>>, cute::tuple<cute::Layout<cute::tuple<cute::C<8>, cute::C<8>, cute::C<4>>, cute::tuple<cute::C<1>, cute::C<32>, cute::C<8>>>, cute::Layout<cute::tuple<cute::C<16>, cute::C<4>, cute::C<4>>, cute::tuple<cute::C<1>, cute::C<64>, cute::C<16>>>, cute::Layout<cute::C<32>, cute::C<1>>> const>, void, void, void, cute::identity, void, void, void, cute::identity>, cutlass::epilogue::collective::CollectiveEpilogue<cutlass::epilogue::IntelXeGeneric, cute::tuple<cute::C<256>, cute::C<256>, cute::C<32>>, cutlass::epilogue::collective::EpilogueTileAuto, float, cute::tuple<long, cute::C<1>, long>, float, cute::tuple<long, cute::C<1>, long>, cutlass::epilogue::fusion::FusionCallbacks<cutlass::epilogue::IntelXeGeneric, cutlass::epilogue::fusion::LinCombEltAct<cutlass::epilogue::thread::ReLu, float, float, float, float, (cutlass::FloatRoundStyle)2>, cute::tuple<cute::C<256>, cute::C<256>, cute::C<32>>, cutlass::epilogue::collective::EpilogueTileAuto>, void, void>, void, void>'

warning: kernel _ZTSN7cutlass4gemm6kernel13GemmUniversalIN4cute5tupleIJiiiiEEENS0_10collective13CollectiveMmaINS0_18MainloopXeL1StagedILi3ENS0_8KernelXeEEENS4_IJNS3_1CILi256EEESC_NSB_ILi32EEEEEENS_10bfloat16_tENS4_IJlNSB_ILi1EEElEEESF_NS4_IJSG_llEEENS3_8TiledMMAINS3_8MMA_AtomIJNS3_10XE_DPAS_TTILi8EfSF_SF_fEEEEENS3_6LayoutINS4_IJNSB_ILi8EEENSB_ILi4EEESG_EEENS4_IJSQ_SG_NSB_ILi0EEEEEEEEKNS4_IJNSO_INS4_IJSP_SP_SQ_EEENS4_IJSG_SD_SP_EEEEENSO_INS4_IJNSB_ILi16EEESQ_SQ_EEENS4_IJSG_NSB_ILi64EEESY_EEEEENSO_ISD_SG_EEEEEEEvvvNS3_8identityEvvvS17_EENS_8epilogue10collective18CollectiveEpilogueINS19_14IntelXeGenericEJSE_NS1A_16EpilogueTileAutoEfSH_fSH_NS19_6fusion15FusionCallbacksIS1C_NS1E_13LinCombEltActINS19_6thread4ReLuEffffLNS_15FloatRoundStyleE2EEESE_S1D_JEEEvvEEEvvEE  compiled SIMD16 allocated 128 regs and spilled around 133

warning: kernel _ZTSN7cutlass4gemm6kernel13GemmUniversalIN4cute5tupleIJiiiiEEENS0_10collective13CollectiveMmaINS0_18MainloopXeL1StagedILi3ENS0_8KernelXeEEENS4_IJNS3_1CILi256EEESC_NSB_ILi32EEEEEENS_10bfloat16_tENS4_IJlNSB_ILi1EEElEEESF_NS4_IJSG_llEEENS3_8TiledMMAINS3_8MMA_AtomIJNS3_10XE_DPAS_TTILi8EfSF_SF_fEEEEENS3_6LayoutINS4_IJNSB_ILi8EEENSB_ILi4EEESG_EEENS4_IJSQ_SG_NSB_ILi0EEEEEEEEKNS4_IJNSO_INS4_IJSP_SP_SQ_EEENS4_IJSG_SD_SP_EEEEENSO_INS4_IJNSB_ILi16EEESQ_SQ_EEENS4_IJSG_NSB_ILi64EEESY_EEEEENSO_ISD_SG_EEEEEEEvvvNS3_8identityEvvvS17_EENS_8epilogue10collective18CollectiveEpilogueINS19_14IntelXeGenericEJSE_NS1A_16EpilogueTileAutoEfSH_fSH_NS19_6fusion15FusionCallbacksIS1C_NS1E_15LinCombDeEltActINS_6layout8RowMajorENS19_6thread5dReLUEfffffLi4ELNS_15FloatRoundStyleE2EEESE_S1D_JEEEvvEEEvvEE  compiled SIMD16 allocated 128 regs and spilled around 131

warning: kernel _ZTSN7cutlass4gemm6kernel13GemmUniversalIN4cute5tupleIJiiiiEEENS0_10collective13CollectiveMmaINS0_18MainloopXeL1StagedILi3ENS0_8KernelXeEEENS4_IJNS3_1CILi256EEESC_NSB_ILi32EEEEEENS_10bfloat16_tENS4_IJlNSB_ILi1EEElEEESF_NS4_IJSG_llEEENS3_8TiledMMAINS3_8MMA_AtomIJNS3_10XE_DPAS_TTILi8EfSF_SF_fEEEEENS3_6LayoutINS4_IJNSB_ILi8EEENSB_ILi4EEESG_EEENS4_IJSQ_SG_NSB_ILi0EEEEEEEEKNS4_IJNSO_INS4_IJSP_SP_SQ_EEENS4_IJSG_SD_SP_EEEEENSO_INS4_IJNSB_ILi16EEESQ_SQ_EEENS4_IJSG_NSB_ILi64EEESY_EEEEENSO_ISD_SG_EEEEEEEvvvNS3_8identityEvvvS17_EENS_8epilogue10collective18CollectiveEpilogueINS19_12IntelXeXMX16EJSE_fSH_fSH_NS19_6fusion15FusionCallbacksIS1C_NS1D_17LinCombPerRowBiasIfffffLi4ELNS_15FloatRoundStyleE2EEESE_SE_JEEENS3_19XE_2D_U32x8x16_LD_NEvvNS3_19XE_2D_U32x8x16_ST_NEvvEEEvvEE  compiled SIMD16 allocated 128 regs and spilled around 129

warning: kernel _ZTSN7cutlass4gemm6kernel13GemmUniversalIN4cute5tupleIJiiiiEEENS0_10collective13CollectiveMmaINS0_18MainloopXeL1StagedILi3ENS0_8KernelXeEEENS4_IJNS3_1CILi256EEESC_NSB_ILi32EEEEEENS_10bfloat16_tENS4_IJlNSB_ILi1EEElEEESF_NS4_IJSG_llEEENS3_8TiledMMAINS3_8MMA_AtomIJNS3_10XE_DPAS_TTILi8EfSF_SF_fEEEEENS3_6LayoutINS4_IJNSB_ILi8EEENSB_ILi4EEESG_EEENS4_IJSQ_SG_NSB_ILi0EEEEEEEEKNS4_IJNSO_INS4_IJSP_SP_SQ_EEENS4_IJSG_SD_SP_EEEEENSO_INS4_IJNSB_ILi16EEESQ_SQ_EEENS4_IJSG_NSB_ILi64EEESY_EEEEENSO_ISD_SG_EEEEEEEvvvNS3_8identityEvvvS17_EENS_8epilogue10collective18CollectiveEpilogueINS19_12IntelXeXMX16EJSE_fSH_fSH_NS19_6fusion15FusionCallbacksIS1C_NS1D_17LinCombPerColBiasIfffffLi4ELNS_15FloatRoundStyleE2EEESE_SE_JEEENS3_19XE_2D_U32x8x16_LD_NEvvNS3_19XE_2D_U32x8x16_ST_NEvvEEEvvEE  compiled SIMD16 allocated 128 regs and spilled around 129

Build succeeded.
[624/738] Building CXX object examples/06_bmg_flash_attention/legacy/CMakeFiles/06_bmg_decode_attention_fp8_hdim128.dir/06_bmg_decode_attention_fp8.cpp.o
[625/738] Linking CXX executable examples/06_bmg_flash_attention/legacy/06_bmg_decode_attention_hdim192
warning: Undefined function _Z45intel_sub_group_2d_block_prefetch_16b_2r16x2cPU3AS1viiiDv2_i found in /tmp/icpx-6108fb7970/06_bmg_decode_attention-e82861.bc. This may result in runtime errors.
Compilation from IR - skipping loading of FCL

warning: [RetryManager] Start recompilation of the kernel
in kernel: 'typeinfo name for cutlass::reference::device::GemmComplexKernelName<cutlass::bfloat16_t, cutlass::layout::RowMajor, cutlass::bfloat16_t, cutlass::layout::ColumnMajor, float, cutlass::layout::RowMajor, float, float, float, cutlass::layout::RowMajor, cutlass::NumericConverter<float, float, (cutlass::FloatRoundStyle)2>, cutlass::multiply_add<float, float, float>>'

Build succeeded.
Compilation from IR - skipping loading of FCL

warning: Block2D: block size not multiple of GRF size, zero padded.

Build succeeded.
[626/738] Building CXX object test/unit/gemm/device/CMakeFiles/cutlass_test_unit_gemm_device_tensorop_cooperative_xe.dir/xe_gemm_fp16_fp16_fp32_tensor_op_fp32_cooperative.cpp.o
[627/738] Linking CXX executable test/unit/flash_attention/legacy/flash_attention_prefill/cutlass_test_unit_flash_attention_prefill_fp8e4m3_fp32_fp8e4m3_h64_xe
warning: Undefined function _Z44intel_sub_group_2d_block_prefetch_8b_8r32x2cPU3AS1viiiDv2_i found in /tmp/icpx-f1f9ac172c/filter_architecture-f8af05.bc. This may result in runtime errors.
Compilation from IR - skipping loading of FCL

warning: [RetryManager] Start recompilation of the kernel
in kernel: 'typeinfo name for cutlass::reference::device::GemmComplexKernelName<cutlass::half_t, cutlass::layout::RowMajor, cutlass::half_t, cutlass::layout::ColumnMajor, float, cutlass::layout::RowMajor, float, float, float, cutlass::layout::RowMajor, cutlass::NumericConverter<float, float, (cutlass::FloatRoundStyle)2>, cutlass::multiply_add<float, float, float>>'

Build succeeded.
Compilation from IR - skipping loading of FCL
Build succeeded.
Compilation from IR - skipping loading of FCL
Build succeeded.
[628/738] Building CXX object examples/06_bmg_flash_attention/legacy/CMakeFiles/06_bmg_decode_attention_fp8_hdim64.dir/06_bmg_decode_attention_fp8.cpp.o
[629/738] Building CXX object test/unit/gemm/device/CMakeFiles/cutlass_test_unit_gemm_device_mixed_dtype_tensorop_xe_group_gemm.dir/xe_gemm_fp16_s8_fp32_tensor_op_fp32_group_gemm.cpp.o
[630/738] Building CXX object examples/06_bmg_flash_attention/legacy/CMakeFiles/06_bmg_decode_attention_hdim96.dir/06_bmg_decode_attention.cpp.o
[631/738] Building CXX object test/unit/gemm/device/CMakeFiles/cutlass_test_unit_gemm_device_tensorop_xe.dir/xe_gemm_fp16_fp16_fp16_tensor_op_fp32.cpp.o
[632/738] Linking CXX executable test/unit/flash_attention/legacy/flash_attention_prefill/cutlass_test_unit_flash_attention_prefill_fp8e4m3_fp32_fp32_h64_xe
warning: Undefined function _Z44intel_sub_group_2d_block_prefetch_8b_8r32x2cPU3AS1viiiDv2_i found in /tmp/icpx-00b2002832/filter_architecture-f19bbe.bc. This may result in runtime errors.
Compilation from IR - skipping loading of FCL

warning: [RetryManager] Start recompilation of the kernel
in kernel: 'typeinfo name for cutlass::reference::device::GemmComplexKernelName<cutlass::half_t, cutlass::layout::RowMajor, cutlass::half_t, cutlass::layout::ColumnMajor, float, cutlass::layout::RowMajor, float, float, float, cutlass::layout::RowMajor, cutlass::NumericConverter<float, float, (cutlass::FloatRoundStyle)2>, cutlass::multiply_add<float, float, float>>'

Build succeeded.
Compilation from IR - skipping loading of FCL
Build succeeded.
Compilation from IR - skipping loading of FCL
Build succeeded.
[633/738] Building CXX object test/unit/cute/core/CMakeFiles/cutlass_test_unit_cute_core.dir/bitfield.cpp.o
[634/738] Linking CXX executable test/unit/flash_attention/legacy/flash_attention_prefill/cutlass_test_unit_flash_attention_prefill_fp8e4m3_fp32_fp8e4m3_h128_xe
warning: Undefined function _Z44intel_sub_group_2d_block_prefetch_8b_8r32x2cPU3AS1viiiDv2_i found in /tmp/icpx-1b802eeb22/filter_architecture-bdc759.bc. This may result in runtime errors.
warning: Undefined function _Z44intel_sub_group_2d_block_prefetch_8b_4r32x2cPU3AS1viiiDv2_i found in /tmp/icpx-1b802eeb22/filter_architecture-bdc759.bc. This may result in runtime errors.
Compilation from IR - skipping loading of FCL

warning: [RetryManager] Start recompilation of the kernel
in kernel: 'typeinfo name for cutlass::reference::device::GemmComplexKernelName<cutlass::half_t, cutlass::layout::RowMajor, cutlass::half_t, cutlass::layout::ColumnMajor, float, cutlass::layout::RowMajor, float, float, float, cutlass::layout::RowMajor, cutlass::NumericConverter<float, float, (cutlass::FloatRoundStyle)2>, cutlass::multiply_add<float, float, float>>'

Build succeeded.
Compilation from IR - skipping loading of FCL
Build succeeded.
Compilation from IR - skipping loading of FCL
Build succeeded.
[635/738] Linking CXX executable test/unit/flash_attention/legacy/flash_attention_prefill/cutlass_test_unit_flash_attention_prefill_fp8e4m3_fp32_fp32_h128_xe
warning: Undefined function _Z44intel_sub_group_2d_block_prefetch_8b_8r32x2cPU3AS1viiiDv2_i found in /tmp/icpx-36fb88e1e8/filter_architecture-564902.bc. This may result in runtime errors.
warning: Undefined function _Z44intel_sub_group_2d_block_prefetch_8b_4r32x2cPU3AS1viiiDv2_i found in /tmp/icpx-36fb88e1e8/filter_architecture-564902.bc. This may result in runtime errors.
Compilation from IR - skipping loading of FCL

warning: [RetryManager] Start recompilation of the kernel
in kernel: 'typeinfo name for cutlass::reference::device::GemmComplexKernelName<cutlass::half_t, cutlass::layout::RowMajor, cutlass::half_t, cutlass::layout::ColumnMajor, float, cutlass::layout::RowMajor, float, float, float, cutlass::layout::RowMajor, cutlass::NumericConverter<float, float, (cutlass::FloatRoundStyle)2>, cutlass::multiply_add<float, float, float>>'

Build succeeded.
Compilation from IR - skipping loading of FCL
Build succeeded.
Compilation from IR - skipping loading of FCL
Build succeeded.
[636/738] Building CXX object examples/13_bmg_gemm_bias/CMakeFiles/13_bmg_gemm_bias.dir/13_bmg_gemm_bias.cpp.o
[637/738] Building CXX object test/unit/gemm/device/CMakeFiles/cutlass_test_unit_gemm_device_tensorop_xe.dir/xe_gemm_bf16_bf16_bf16_tensor_op_bf16.cpp.o
[638/738] Building CXX object test/unit/gemm/device/CMakeFiles/cutlass_test_unit_gemm_device_tensorop_xe.dir/xe_gemm_bf16_bf16_fp32_tensor_op_fp32.cpp.o
[639/738] Building CXX object test/unit/gemm/device/CMakeFiles/cutlass_test_unit_gemm_device_mixed_dtype_tensorop_xe_group_gemm.dir/xe_gemm_fp16_u4_fp32_tensor_op_fp32_group_gemm.cpp.o
[640/738] Building CXX object test/unit/gemm/device/CMakeFiles/cutlass_test_unit_gemm_device_tensorop_xe_group_gemm.dir/xe_gemm_fp16_fp16_fp32_tensor_op_fp32_group_gemm.cpp.o
[641/738] Building CXX object test/unit/gemm/device/CMakeFiles/cutlass_test_unit_gemm_device_tensorop_cooperative_xe.dir/xe_gemm_bf16_bf16_fp32_tensor_op_fp32_cooperative.cpp.o
[642/738] Building CXX object test/unit/gemm/device/CMakeFiles/cutlass_test_unit_gemm_device_mixed_dtype_tensorop_xe_group_gemm.dir/xe_gemm_fp16_fp8_fp32_tensor_op_fp32_group_gemm.cpp.o
[643/738] Linking CXX executable test/unit/flash_attention/legacy/flash_attention_prefill/cutlass_test_unit_flash_attention_prefill_fp8e4m3_fp32_fp8e4m3_h96_xe
warning: Undefined function _Z44intel_sub_group_2d_block_prefetch_8b_8r32x2cPU3AS1viiiDv2_i found in /tmp/icpx-a3ce42a65f/filter_architecture-aa0f73.bc. This may result in runtime errors.
Compilation from IR - skipping loading of FCL

warning: [RetryManager] Start recompilation of the kernel
in kernel: 'typeinfo name for cutlass::reference::device::GemmComplexKernelName<cutlass::half_t, cutlass::layout::RowMajor, cutlass::half_t, cutlass::layout::ColumnMajor, float, cutlass::layout::RowMajor, float, float, float, cutlass::layout::RowMajor, cutlass::NumericConverter<float, float, (cutlass::FloatRoundStyle)2>, cutlass::multiply_add<float, float, float>>'

Build succeeded.
Compilation from IR - skipping loading of FCL
Build succeeded.
Compilation from IR - skipping loading of FCL
Build succeeded.
[644/738] Linking CXX executable examples/06_bmg_flash_attention/legacy/06_bmg_decode_attention_fp8_hdim128
warning: Undefined function _Z44intel_sub_group_2d_block_prefetch_8b_1r32x2cPU3AS1viiiDv2_i found in /tmp/icpx-bf4fe5d14f/06_bmg_decode_attention_fp8-4b24ef.bc. This may result in runtime errors.
warning: Undefined function _Z44intel_sub_group_2d_block_prefetch_8b_8r32x2cPU3AS1viiiDv2_i found in /tmp/icpx-bf4fe5d14f/06_bmg_decode_attention_fp8-4b24ef.bc. This may result in runtime errors.
Compilation from IR - skipping loading of FCL

warning: [RetryManager] Start recompilation of the kernel
in kernel: 'typeinfo name for cutlass::reference::device::GemmComplexKernelName<cutlass::half_t, cutlass::layout::RowMajor, cutlass::half_t, cutlass::layout::ColumnMajor, float, cutlass::layout::RowMajor, float, float, float, cutlass::layout::RowMajor, cutlass::NumericConverter<float, float, (cutlass::FloatRoundStyle)2>, cutlass::multiply_add<float, float, float>>'

Build succeeded.
Compilation from IR - skipping loading of FCL

warning: Block2D: block size not multiple of GRF size, zero padded.

Build succeeded.
Compilation from IR - skipping loading of FCL
Build succeeded.
[645/738] Linking CXX executable examples/06_bmg_flash_attention/legacy/06_bmg_decode_attention_hdim96
warning: Undefined function _Z45intel_sub_group_2d_block_prefetch_16b_2r16x2cPU3AS1viiiDv2_i found in /tmp/icpx-5e0aec2642/06_bmg_decode_attention-957e7f.bc. This may result in runtime errors.
Compilation from IR - skipping loading of FCL

warning: [RetryManager] Start recompilation of the kernel
in kernel: 'typeinfo name for cutlass::reference::device::GemmComplexKernelName<cutlass::bfloat16_t, cutlass::layout::RowMajor, cutlass::bfloat16_t, cutlass::layout::ColumnMajor, float, cutlass::layout::RowMajor, float, float, float, cutlass::layout::RowMajor, cutlass::NumericConverter<float, float, (cutlass::FloatRoundStyle)2>, cutlass::multiply_add<float, float, float>>'

Build succeeded.
Compilation from IR - skipping loading of FCL

warning: Block2D: block size not multiple of GRF size, zero padded.

Build succeeded.
[646/738] Linking CXX executable examples/06_bmg_flash_attention/legacy/06_bmg_decode_attention_fp8_hdim64
warning: Undefined function _Z44intel_sub_group_2d_block_prefetch_8b_1r32x2cPU3AS1viiiDv2_i found in /tmp/icpx-bca0fee1ff/06_bmg_decode_attention_fp8-0d8b92.bc. This may result in runtime errors.
warning: Undefined function _Z44intel_sub_group_2d_block_prefetch_8b_8r32x2cPU3AS1viiiDv2_i found in /tmp/icpx-bca0fee1ff/06_bmg_decode_attention_fp8-0d8b92.bc. This may result in runtime errors.
Compilation from IR - skipping loading of FCL

warning: [RetryManager] Start recompilation of the kernel
in kernel: 'typeinfo name for cutlass::reference::device::GemmComplexKernelName<cutlass::half_t, cutlass::layout::RowMajor, cutlass::half_t, cutlass::layout::ColumnMajor, float, cutlass::layout::RowMajor, float, float, float, cutlass::layout::RowMajor, cutlass::NumericConverter<float, float, (cutlass::FloatRoundStyle)2>, cutlass::multiply_add<float, float, float>>'

Build succeeded.
Compilation from IR - skipping loading of FCL

warning: Block2D: block size not multiple of GRF size, zero padded.

Build succeeded.
Compilation from IR - skipping loading of FCL
Build succeeded.
[647/738] Building CXX object examples/06_bmg_flash_attention/legacy/CMakeFiles/06_bmg_decode_attention_fp8_hdim96.dir/06_bmg_decode_attention_fp8.cpp.o
[648/738] Building CXX object test/unit/gemm/device/CMakeFiles/cutlass_test_unit_gemm_device_tensorop_xe.dir/xe_gemm_bf16_bf16_fp32_tensor_op_bf16.cpp.o
[649/738] Building CXX object test/unit/gemm/device/CMakeFiles/cutlass_test_unit_gemm_device_tensorop_xe.dir/xe_gemm_fp16_fp16_fp16_tensor_op_fp16.cpp.o
[650/738] Building CXX object test/unit/gemm/device/CMakeFiles/cutlass_test_unit_gemm_device_tensorop_xe_group_gemm.dir/xe_gemm_bf16_bf16_fp32_tensor_op_fp32_group_gemm.cpp.o
[651/738] Building CXX object test/unit/gemm/device/CMakeFiles/cutlass_test_unit_gemm_device_mixed_dtype_tensorop_xe_group_gemm.dir/xe_gemm_bf16_s8_fp32_tensor_op_fp32_group_gemm.cpp.o
[652/738] Linking CXX executable test/unit/flash_attention/legacy/flash_attention_prefill/cutlass_test_unit_flash_attention_prefill_fp8e4m3_fp32_fp32_h192_xe
warning: Undefined function _Z44intel_sub_group_2d_block_prefetch_8b_8r32x2cPU3AS1viiiDv2_i found in /tmp/icpx-220bec5bda/filter_architecture-b4339c.bc. This may result in runtime errors.
warning: Undefined function _Z44intel_sub_group_2d_block_prefetch_8b_2r32x2cPU3AS1viiiDv2_i found in /tmp/icpx-220bec5bda/filter_architecture-b4339c.bc. This may result in runtime errors.
Compilation from IR - skipping loading of FCL

warning: [RetryManager] Start recompilation of the kernel
in kernel: 'typeinfo name for cutlass::reference::device::GemmComplexKernelName<cutlass::half_t, cutlass::layout::RowMajor, cutlass::half_t, cutlass::layout::ColumnMajor, float, cutlass::layout::RowMajor, float, float, float, cutlass::layout::RowMajor, cutlass::NumericConverter<float, float, (cutlass::FloatRoundStyle)2>, cutlass::multiply_add<float, float, float>>'

Build succeeded.
Compilation from IR - skipping loading of FCL
Build succeeded.
Compilation from IR - skipping loading of FCL
Build succeeded.
[653/738] Building CXX object examples/06_bmg_flash_attention/legacy/CMakeFiles/06_bmg_decode_attention_fp8_hdim192.dir/06_bmg_decode_attention_fp8.cpp.o
[654/738] Building CXX object test/unit/gemm/device/CMakeFiles/cutlass_test_unit_gemm_device_tensorop_xe_group_gemm.dir/xe_gemm_bf16_bf16_bf16_tensor_op_fp32_group_gemm.cpp.o
[655/738] Building CXX object test/unit/gemm/device/CMakeFiles/cutlass_test_unit_gemm_device_mixed_dtype_tensorop_xe_group_gemm.dir/xe_gemm_bf16_u4_fp32_tensor_op_fp32_group_gemm.cpp.o
[656/738] Linking CXX executable test/unit/gemm/device/cutlass_test_unit_gemm_device_tensorop_cooperative_xe
Compilation from IR - skipping loading of FCL

warning: [RetryManager] Start recompilation of the kernel
in kernel: 'typeinfo name for cutlass::gemm::kernel::GemmUniversal<cute::tuple<int, int, int, int>, cutlass::gemm::collective::CollectiveMma<cutlass::gemm::MainloopXeL1Staged<3, cutlass::gemm::KernelXeCooperative>, cute::tuple<cute::C<256>, cute::C<256>, cute::C<32>>, cutlass::half_t, cute::tuple<long, cute::C<1>, long>, cutlass::half_t, cute::tuple<cute::C<1>, long, long>, cute::TiledMMA<cute::MMA_Atom<cute::XE_DPAS_TT<8, float, cutlass::half_t, cutlass::half_t, float>>, cute::Layout<cute::tuple<cute::C<8>, cute::C<4>, cute::C<1>>, cute::tuple<cute::C<4>, cute::C<1>, cute::C<0>>>, cute::tuple<cute::Layout<cute::tuple<cute::C<8>, cute::C<8>, cute::C<4>>, cute::tuple<cute::C<1>, cute::C<32>, cute::C<8>>>, cute::Layout<cute::tuple<cute::C<16>, cute::C<4>, cute::C<4>>, cute::tuple<cute::C<1>, cute::C<64>, cute::C<16>>>, cute::Layout<cute::C<32>, cute::C<1>>> const>, void, void, void, cute::identity, void, void, void, cute::identity>, cutlass::epilogue::collective::CollectiveEpilogue<cutlass::epilogue::IntelXeGeneric, cute::tuple<cute::C<256>, cute::C<256>, cute::C<32>>, cutlass::epilogue::collective::EpilogueTileAuto, float, cute::tuple<long, cute::C<1>, long>, float, cute::tuple<long, cute::C<1>, long>, cutlass::epilogue::fusion::FusionCallbacks<cutlass::epilogue::IntelXeGeneric, cutlass::epilogue::fusion::LinearCombination<float, float, float, float, (cutlass::FloatRoundStyle)2>, cute::tuple<cute::C<256>, cute::C<256>, cute::C<32>>, cutlass::epilogue::collective::EpilogueTileAuto>, void, void>, cutlass::gemm::StreamKScheduler, void>'

warning: kernel _ZTSN7cutlass4gemm6kernel13GemmUniversalIN4cute5tupleIJiiiiEEENS0_10collective13CollectiveMmaINS0_18MainloopXeL1StagedILi3ENS0_19KernelXeCooperativeEEENS4_IJNS3_1CILi256EEESC_NSB_ILi32EEEEEENS_6half_tENS4_IJNSB_ILi1EEEllEEESF_NS4_IJlSG_lEEENS3_8TiledMMAINS3_8MMA_AtomIJNS3_10XE_DPAS_TTILi8EfSF_SF_fEEEEENS3_6LayoutINS4_IJNSB_ILi8EEENSB_ILi4EEESG_EEENS4_IJSQ_SG_NSB_ILi0EEEEEEEEKNS4_IJNSO_INS4_IJSP_SP_SQ_EEENS4_IJSG_SD_SP_EEEEENSO_INS4_IJNSB_ILi16EEESQ_SQ_EEENS4_IJSG_NSB_ILi64EEESY_EEEEENSO_ISD_SG_EEEEEEEvvvNS3_8identityEvvvS17_EENS_8epilogue10collective18CollectiveEpilogueINS19_14IntelXeGenericEJSE_NS1A_16EpilogueTileAutoEfSI_fSI_NS19_6fusion15FusionCallbacksIS1C_NS1E_17LinearCombinationIffffLNS_15FloatRoundStyleE2EEESE_S1D_JEEEvvEEENS0_16StreamKSchedulerEvEE  compiled SIMD16 allocated 128 regs and spilled around 167

warning: kernel _ZTSN7cutlass4gemm6kernel13GemmUniversalIN4cute5tupleIJiiiiEEENS0_10collective13CollectiveMmaINS0_18MainloopXeL1StagedILi3ENS0_19KernelXeCooperativeEEENS4_IJNS3_1CILi256EEESC_NSB_ILi32EEEEEENS_6half_tENS4_IJlNSB_ILi1EEElEEESF_SH_NS3_8TiledMMAINS3_8MMA_AtomIJNS3_10XE_DPAS_TTILi8EfSF_SF_fEEEEENS3_6LayoutINS4_IJNSB_ILi8EEENSB_ILi4EEESG_EEENS4_IJSP_SG_NSB_ILi0EEEEEEEEKNS4_IJNSN_INS4_IJSO_SO_SP_EEENS4_IJSG_SD_SO_EEEEENSN_INS4_IJNSB_ILi16EEESP_SP_EEENS4_IJSG_NSB_ILi64EEESX_EEEEENSN_ISD_SG_EEEEEEEvvvNS3_8identityEvvvS16_EENS_8epilogue10collective18CollectiveEpilogueINS18_14IntelXeGenericEJSE_NS19_16EpilogueTileAutoEfSH_fSH_NS18_6fusion15FusionCallbacksIS1B_NS1D_17LinearCombinationIffffLNS_15FloatRoundStyleE2EEESE_S1C_JEEEvvEEENS0_16StreamKSchedulerEvEE  compiled SIMD16 allocated 128 regs and spilled around 174

warning: kernel _ZTSN7cutlass4gemm6kernel13GemmUniversalIN4cute5tupleIJiiiiEEENS0_10collective13CollectiveMmaINS0_18MainloopXeL1StagedILi3ENS0_19KernelXeCooperativeEEENS4_IJNS3_1CILi256EEESC_NSB_ILi32EEEEEENS_6half_tENS4_IJNSB_ILi1EEEllEEESF_SH_NS3_8TiledMMAINS3_8MMA_AtomIJNS3_10XE_DPAS_TTILi8EfSF_SF_fEEEEENS3_6LayoutINS4_IJNSB_ILi8EEENSB_ILi4EEESG_EEENS4_IJSP_SG_NSB_ILi0EEEEEEEEKNS4_IJNSN_INS4_IJSO_SO_SP_EEENS4_IJSG_SD_SO_EEEEENSN_INS4_IJNSB_ILi16EEESP_SP_EEENS4_IJSG_NSB_ILi64EEESX_EEEEENSN_ISD_SG_EEEEEEEvvvNS3_8identityEvvvS16_EENS_8epilogue10collective18CollectiveEpilogueINS18_14IntelXeGenericEJSE_NS19_16EpilogueTileAutoEfNS4_IJlSG_lEEEfS1D_NS18_6fusion15FusionCallbacksIS1B_NS1E_17LinearCombinationIffffLNS_15FloatRoundStyleE2EEESE_S1C_JEEEvvEEENS0_16StreamKSchedulerEvEE  compiled SIMD16 allocated 128 regs and spilled around 155

warning: kernel _ZTSN7cutlass4gemm6kernel13GemmUniversalIN4cute5tupleIJiiiiEEENS0_10collective13CollectiveMmaINS0_18MainloopXeL1StagedILi3ENS0_19KernelXeCooperativeEEENS4_IJNS3_1CILi256EEESC_NSB_ILi32EEEEEENS_6half_tENS4_IJlNSB_ILi1EEElEEESF_NS4_IJSG_llEEENS3_8TiledMMAINS3_8MMA_AtomIJNS3_10XE_DPAS_TTILi8EfSF_SF_fEEEEENS3_6LayoutINS4_IJNSB_ILi8EEENSB_ILi4EEESG_EEENS4_IJSQ_SG_NSB_ILi0EEEEEEEEKNS4_IJNSO_INS4_IJSP_SP_SQ_EEENS4_IJSG_SD_SP_EEEEENSO_INS4_IJNSB_ILi16EEESQ_SQ_EEENS4_IJSG_NSB_ILi64EEESY_EEEEENSO_ISD_SG_EEEEEEEvvvNS3_8identityEvvvS17_EENS_8epilogue10collective18CollectiveEpilogueINS19_14IntelXeGenericEJSE_NS1A_16EpilogueTileAutoEfSH_fSH_NS19_6fusion15FusionCallbacksIS1C_NS1E_17LinearCombinationIffffLNS_15FloatRoundStyleE2EEESE_S1D_JEEEvvEEENS0_16StreamKSchedulerEvEE  compiled SIMD16 allocated 128 regs and spilled around 166

Build succeeded.
Compilation from IR - skipping loading of FCL
Build succeeded.
Compilation from IR - skipping loading of FCL

warning: [RetryManager] Start recompilation of the kernel
in kernel: 'typeinfo name for cutlass::gemm::kernel::GemmUniversal<cute::tuple<int, int, int, int>, cutlass::gemm::collective::CollectiveMma<cutlass::gemm::MainloopXeL1Staged<3, cutlass::gemm::KernelXeCooperative>, cute::tuple<cute::C<256>, cute::C<256>, cute::C<32>>, cutlass::bfloat16_t, cute::tuple<long, cute::C<1>, long>, cutlass::bfloat16_t, cute::tuple<cute::C<1>, long, long>, cute::TiledMMA<cute::MMA_Atom<cute::XE_DPAS_TT<8, float, cutlass::bfloat16_t, cutlass::bfloat16_t, float>>, cute::Layout<cute::tuple<cute::C<8>, cute::C<4>, cute::C<1>>, cute::tuple<cute::C<4>, cute::C<1>, cute::C<0>>>, cute::tuple<cute::Layout<cute::tuple<cute::C<8>, cute::C<8>, cute::C<4>>, cute::tuple<cute::C<1>, cute::C<32>, cute::C<8>>>, cute::Layout<cute::tuple<cute::C<16>, cute::C<4>, cute::C<4>>, cute::tuple<cute::C<1>, cute::C<64>, cute::C<16>>>, cute::Layout<cute::C<32>, cute::C<1>>> const>, void, void, void, cute::identity, void, void, void, cute::identity>, cutlass::epilogue::collective::CollectiveEpilogue<cutlass::epilogue::IntelXeGeneric, cute::tuple<cute::C<256>, cute::C<256>, cute::C<32>>, cutlass::epilogue::collective::EpilogueTileAuto, float, cute::tuple<long, cute::C<1>, long>, float, cute::tuple<long, cute::C<1>, long>, cutlass::epilogue::fusion::FusionCallbacks<cutlass::epilogue::IntelXeGeneric, cutlass::epilogue::fusion::LinearCombination<float, float, float, float, (cutlass::FloatRoundStyle)2>, cute::tuple<cute::C<256>, cute::C<256>, cute::C<32>>, cutlass::epilogue::collective::EpilogueTileAuto>, void, void>, cutlass::gemm::StreamKScheduler, void>'

warning: kernel _ZTSN7cutlass4gemm6kernel13GemmUniversalIN4cute5tupleIJiiiiEEENS0_10collective13CollectiveMmaINS0_18MainloopXeL1StagedILi3ENS0_19KernelXeCooperativeEEENS4_IJNS3_1CILi256EEESC_NSB_ILi32EEEEEENS_10bfloat16_tENS4_IJNSB_ILi1EEEllEEESF_NS4_IJlSG_lEEENS3_8TiledMMAINS3_8MMA_AtomIJNS3_10XE_DPAS_TTILi8EfSF_SF_fEEEEENS3_6LayoutINS4_IJNSB_ILi8EEENSB_ILi4EEESG_EEENS4_IJSQ_SG_NSB_ILi0EEEEEEEEKNS4_IJNSO_INS4_IJSP_SP_SQ_EEENS4_IJSG_SD_SP_EEEEENSO_INS4_IJNSB_ILi16EEESQ_SQ_EEENS4_IJSG_NSB_ILi64EEESY_EEEEENSO_ISD_SG_EEEEEEEvvvNS3_8identityEvvvS17_EENS_8epilogue10collective18CollectiveEpilogueINS19_14IntelXeGenericEJSE_NS1A_16EpilogueTileAutoEfSI_fSI_NS19_6fusion15FusionCallbacksIS1C_NS1E_17LinearCombinationIffffLNS_15FloatRoundStyleE2EEESE_S1D_JEEEvvEEENS0_16StreamKSchedulerEvEE  compiled SIMD16 allocated 128 regs and spilled around 167

warning: kernel _ZTSN7cutlass4gemm6kernel13GemmUniversalIN4cute5tupleIJiiiiEEENS0_10collective13CollectiveMmaINS0_18MainloopXeL1StagedILi3ENS0_19KernelXeCooperativeEEENS4_IJNS3_1CILi256EEESC_NSB_ILi32EEEEEENS_10bfloat16_tENS4_IJlNSB_ILi1EEElEEESF_SH_NS3_8TiledMMAINS3_8MMA_AtomIJNS3_10XE_DPAS_TTILi8EfSF_SF_fEEEEENS3_6LayoutINS4_IJNSB_ILi8EEENSB_ILi4EEESG_EEENS4_IJSP_SG_NSB_ILi0EEEEEEEEKNS4_IJNSN_INS4_IJSO_SO_SP_EEENS4_IJSG_SD_SO_EEEEENSN_INS4_IJNSB_ILi16EEESP_SP_EEENS4_IJSG_NSB_ILi64EEESX_EEEEENSN_ISD_SG_EEEEEEEvvvNS3_8identityEvvvS16_EENS_8epilogue10collective18CollectiveEpilogueINS18_14IntelXeGenericEJSE_NS19_16EpilogueTileAutoEfSH_fSH_NS18_6fusion15FusionCallbacksIS1B_NS1D_17LinearCombinationIffffLNS_15FloatRoundStyleE2EEESE_S1C_JEEEvvEEENS0_16StreamKSchedulerEvEE  compiled SIMD16 allocated 128 regs and spilled around 174

warning: kernel _ZTSN7cutlass4gemm6kernel13GemmUniversalIN4cute5tupleIJiiiiEEENS0_10collective13CollectiveMmaINS0_18MainloopXeL1StagedILi3ENS0_19KernelXeCooperativeEEENS4_IJNS3_1CILi256EEESC_NSB_ILi32EEEEEENS_10bfloat16_tENS4_IJNSB_ILi1EEEllEEESF_SH_NS3_8TiledMMAINS3_8MMA_AtomIJNS3_10XE_DPAS_TTILi8EfSF_SF_fEEEEENS3_6LayoutINS4_IJNSB_ILi8EEENSB_ILi4EEESG_EEENS4_IJSP_SG_NSB_ILi0EEEEEEEEKNS4_IJNSN_INS4_IJSO_SO_SP_EEENS4_IJSG_SD_SO_EEEEENSN_INS4_IJNSB_ILi16EEESP_SP_EEENS4_IJSG_NSB_ILi64EEESX_EEEEENSN_ISD_SG_EEEEEEEvvvNS3_8identityEvvvS16_EENS_8epilogue10collective18CollectiveEpilogueINS18_14IntelXeGenericEJSE_NS19_16EpilogueTileAutoEfNS4_IJlSG_lEEEfS1D_NS18_6fusion15FusionCallbacksIS1B_NS1E_17LinearCombinationIffffLNS_15FloatRoundStyleE2EEESE_S1C_JEEEvvEEENS0_16StreamKSchedulerEvEE  compiled SIMD16 allocated 128 regs and spilled around 155

warning: kernel _ZTSN7cutlass4gemm6kernel13GemmUniversalIN4cute5tupleIJiiiiEEENS0_10collective13CollectiveMmaINS0_18MainloopXeL1StagedILi3ENS0_19KernelXeCooperativeEEENS4_IJNS3_1CILi256EEESC_NSB_ILi32EEEEEENS_10bfloat16_tENS4_IJlNSB_ILi1EEElEEESF_NS4_IJSG_llEEENS3_8TiledMMAINS3_8MMA_AtomIJNS3_10XE_DPAS_TTILi8EfSF_SF_fEEEEENS3_6LayoutINS4_IJNSB_ILi8EEENSB_ILi4EEESG_EEENS4_IJSQ_SG_NSB_ILi0EEEEEEEEKNS4_IJNSO_INS4_IJSP_SP_SQ_EEENS4_IJSG_SD_SP_EEEEENSO_INS4_IJNSB_ILi16EEESQ_SQ_EEENS4_IJSG_NSB_ILi64EEESY_EEEEENSO_ISD_SG_EEEEEEEvvvNS3_8identityEvvvS17_EENS_8epilogue10collective18CollectiveEpilogueINS19_14IntelXeGenericEJSE_NS1A_16EpilogueTileAutoEfSH_fSH_NS19_6fusion15FusionCallbacksIS1C_NS1E_17LinearCombinationIffffLNS_15FloatRoundStyleE2EEESE_S1D_JEEEvvEEENS0_16StreamKSchedulerEvEE  compiled SIMD16 allocated 128 regs and spilled around 166

Build succeeded.
[657/738] Linking CXX executable examples/06_bmg_flash_attention/legacy/06_bmg_decode_attention_fp8_hdim96
warning: Undefined function _Z44intel_sub_group_2d_block_prefetch_8b_1r32x2cPU3AS1viiiDv2_i found in /tmp/icpx-739b53723e/06_bmg_decode_attention_fp8-8a908a.bc. This may result in runtime errors.
warning: Undefined function _Z44intel_sub_group_2d_block_prefetch_8b_8r32x2cPU3AS1viiiDv2_i found in /tmp/icpx-739b53723e/06_bmg_decode_attention_fp8-8a908a.bc. This may result in runtime errors.
Compilation from IR - skipping loading of FCL

warning: [RetryManager] Start recompilation of the kernel
in kernel: 'typeinfo name for cutlass::reference::device::GemmComplexKernelName<cutlass::half_t, cutlass::layout::RowMajor, cutlass::half_t, cutlass::layout::ColumnMajor, float, cutlass::layout::RowMajor, float, float, float, cutlass::layout::RowMajor, cutlass::NumericConverter<float, float, (cutlass::FloatRoundStyle)2>, cutlass::multiply_add<float, float, float>>'

Build succeeded.
Compilation from IR - skipping loading of FCL

warning: Block2D: block size not multiple of GRF size, zero padded.

Build succeeded.
Compilation from IR - skipping loading of FCL
Build succeeded.
[658/738] Linking CXX executable examples/13_bmg_gemm_bias/13_bmg_gemm_bias
Compilation from IR - skipping loading of FCL

warning: kernel _ZTSN7cutlass9reference6device21GemmComplexKernelNameIJNS_10bfloat16_tENS_6layout8RowMajorES3_S5_S3_S5_ffS3_S5_NS_16NumericConverterIS3_fLNS_15FloatRoundStyleE2EEENS_12multiply_addIfffEEKiSB_EEE  compiled SIMD32 allocated 128 regs and spilled around 16

warning: [RetryManager] Start recompilation of the kernel
in kernel: 'typeinfo name for cutlass::reference::device::GemmComplexKernelName<cutlass::bfloat16_t, cutlass::layout::RowMajor, cutlass::bfloat16_t, cutlass::layout::RowMajor, float, cutlass::layout::RowMajor, float, float, float, cutlass::layout::RowMajor, cutlass::NumericConverter<float, float, (cutlass::FloatRoundStyle)2>, cutlass::multiply_add<float, float, float>>'

Build succeeded.
Compilation from IR - skipping loading of FCL

warning: [RetryManager] Start recompilation of the kernel
in kernel: 'typeinfo name for cutlass::gemm::kernel::GemmUniversal<cute::tuple<int, int, int, int>, cutlass::gemm::collective::CollectiveMma<cutlass::gemm::MainloopXeL1Staged<2, cutlass::gemm::KernelXe>, cute::tuple<cute::C<256>, cute::C<256>, cute::C<32>>, cutlass::bfloat16_t, cute::tuple<long, cute::C<1>, long>, cutlass::bfloat16_t, cute::tuple<cute::C<1>, long, long>, cute::TiledMMA<cute::MMA_Atom<cute::XE_DPAS_TT<8, float, cutlass::bfloat16_t, cutlass::bfloat16_t, float>>, cute::Layout<cute::tuple<cute::C<8>, cute::C<4>, cute::C<1>>, cute::tuple<cute::C<4>, cute::C<1>, cute::C<0>>>, cute::tuple<cute::Layout<cute::tuple<cute::C<8>, cute::C<8>, cute::C<4>>, cute::tuple<cute::C<1>, cute::C<32>, cute::C<8>>>, cute::Layout<cute::tuple<cute::C<16>, cute::C<4>, cute::C<4>>, cute::tuple<cute::C<1>, cute::C<64>, cute::C<16>>>, cute::Layout<cute::C<32>, cute::C<1>>> const>, void, void, void, cute::identity, void, void, void, cute::identity>, cutlass::epilogue::collective::CollectiveEpilogue<cutlass::epilogue::IntelXeGeneric, cute::tuple<cute::C<256>, cute::C<256>, cute::C<32>>, void, float, cute::tuple<long, cute::C<1>, long>, float, cute::tuple<long, cute::C<1>, long>, cutlass::epilogue::fusion::FusionCallbacks<cutlass::epilogue::IntelXeGeneric, cutlass::epilogue::fusion::LinearCombination<float, float, float, float, (cutlass::FloatRoundStyle)2>, cute::tuple<cute::C<256>, cute::C<256>, cute::C<32>>, cute::tuple<cute::C<256>, cute::C<256>, cute::C<32>>>, void, void>, void, void>'

warning: kernel _ZTSN7cutlass4gemm6kernel13GemmUniversalIN4cute5tupleIJiiiiEEENS0_10collective13CollectiveMmaINS0_18MainloopXeL1StagedILi2ENS0_8KernelXeEEENS4_IJNS3_1CILi256EEESC_NSB_ILi32EEEEEENS_10bfloat16_tENS4_IJlNSB_ILi1EEElEEESF_NS4_IJSG_llEEENS3_8TiledMMAINS3_8MMA_AtomIJNS3_10XE_DPAS_TTILi8EfSF_SF_fEEEEENS3_6LayoutINS4_IJNSB_ILi8EEENSB_ILi4EEESG_EEENS4_IJSQ_SG_NSB_ILi0EEEEEEEEKNS4_IJNSO_INS4_IJSP_SP_SQ_EEENS4_IJSG_SD_SP_EEEEENSO_INS4_IJNSB_ILi16EEESQ_SQ_EEENS4_IJSG_NSB_ILi64EEESY_EEEEENSO_ISD_SG_EEEEEEEvvvNS3_8identityEvvvS17_EENS_8epilogue10collective18CollectiveEpilogueINS19_14IntelXeGenericEJSE_vfSH_fSH_NS19_6fusion15FusionCallbacksIS1C_NS1D_17LinearCombinationIffffLNS_15FloatRoundStyleE2EEESE_SE_JEEEvvEEEvvEE  compiled SIMD16 allocated 128 regs and spilled around 132

warning: kernel _ZTSN7cutlass4gemm6kernel13GemmUniversalIN4cute5tupleIJiiiiEEENS0_10collective13CollectiveMmaINS0_18MainloopXeL1StagedILi2ENS0_8KernelXeEEENS4_IJNS3_1CILi256EEESC_NSB_ILi32EEEEEENS_10bfloat16_tENS4_IJlNSB_ILi1EEElEEESF_NS4_IJSG_llEEENS3_8TiledMMAINS3_8MMA_AtomIJNS3_10XE_DPAS_TTILi8EfSF_SF_fEEEEENS3_6LayoutINS4_IJNSB_ILi8EEENSB_ILi4EEESG_EEENS4_IJSQ_SG_NSB_ILi0EEEEEEEEKNS4_IJNSO_INS4_IJSP_SP_SQ_EEENS4_IJSG_SD_SP_EEEEENSO_INS4_IJNSB_ILi16EEESQ_SQ_EEENS4_IJSG_NSB_ILi64EEESY_EEEEENSO_ISD_SG_EEEEEEEvvvNS3_8identityEvvvS17_EENS_8epilogue10collective18CollectiveEpilogueINS19_14IntelXeGenericEJSE_vfSI_fSH_NS19_6fusion15FusionCallbacksIS1C_NS1D_17LinearCombinationIffffLNS_15FloatRoundStyleE2EEESE_SE_JEEEvvEEEvvEE  compiled SIMD16 allocated 128 regs and spilled around 132

warning: kernel _ZTSN7cutlass4gemm6kernel13GemmUniversalIN4cute5tupleIJiiiiEEENS0_10collective13CollectiveMmaINS0_18MainloopXeL1StagedILi2ENS0_8KernelXeEEENS4_IJNS3_1CILi256EEESC_NSB_ILi32EEEEEENS_10bfloat16_tENS4_IJlNSB_ILi1EEElEEESF_NS4_IJSG_llEEENS3_8TiledMMAINS3_8MMA_AtomIJNS3_10XE_DPAS_TTILi8EfSF_SF_fEEEEENS3_6LayoutINS4_IJNSB_ILi8EEENSB_ILi4EEESG_EEENS4_IJSQ_SG_NSB_ILi0EEEEEEEEKNS4_IJNSO_INS4_IJSP_SP_SQ_EEENS4_IJSG_SD_SP_EEEEENSO_INS4_IJNSB_ILi16EEESQ_SQ_EEENS4_IJSG_NSB_ILi64EEESY_EEEEENSO_ISD_SG_EEEEEEEvvvNS3_8identityEvvvS17_EENS_8epilogue10collective18CollectiveEpilogueINS19_14IntelXeGenericEJSE_vfSH_SF_SH_NS19_6fusion15FusionCallbacksIS1C_NS1D_17LinearCombinationISF_fffLNS_15FloatRoundStyleE2EEESE_SE_JEEEvvEEEvvEE  compiled SIMD16 allocated 128 regs and spilled around 133

warning: kernel _ZTSN7cutlass4gemm6kernel13GemmUniversalIN4cute5tupleIJiiiiEEENS0_10collective13CollectiveMmaINS0_18MainloopXeL1StagedILi2ENS0_8KernelXeEEENS4_IJNS3_1CILi256EEESC_NSB_ILi32EEEEEENS_10bfloat16_tENS4_IJlNSB_ILi1EEElEEESF_NS4_IJSG_llEEENS3_8TiledMMAINS3_8MMA_AtomIJNS3_10XE_DPAS_TTILi8EfSF_SF_fEEEEENS3_6LayoutINS4_IJNSB_ILi8EEENSB_ILi4EEESG_EEENS4_IJSQ_SG_NSB_ILi0EEEEEEEEKNS4_IJNSO_INS4_IJSP_SP_SQ_EEENS4_IJSG_SD_SP_EEEEENSO_INS4_IJNSB_ILi16EEESQ_SQ_EEENS4_IJSG_NSB_ILi64EEESY_EEEEENSO_ISD_SG_EEEEEEEvvvNS3_8identityEvvvS17_EENS_8epilogue10collective18CollectiveEpilogueINS19_14IntelXeGenericEJSE_vfSI_SF_SH_NS19_6fusion15FusionCallbacksIS1C_NS1D_17LinearCombinationISF_fffLNS_15FloatRoundStyleE2EEESE_SE_JEEEvvEEEvvEE  compiled SIMD16 allocated 128 regs and spilled around 133

warning: kernel _ZTSN7cutlass4gemm6kernel13GemmUniversalIN4cute5tupleIJiiiiEEENS0_10collective13CollectiveMmaINS0_18MainloopXeL1StagedILi2ENS0_8KernelXeEEENS4_IJNS3_1CILi256EEESC_NSB_ILi32EEEEEENS_10bfloat16_tENS4_IJlNSB_ILi1EEElEEESF_NS4_IJSG_llEEENS3_8TiledMMAINS3_8MMA_AtomIJNS3_10XE_DPAS_TTILi8EfSF_SF_fEEEEENS3_6LayoutINS4_IJNSB_ILi8EEENSB_ILi4EEESG_EEENS4_IJSQ_SG_NSB_ILi0EEEEEEEEKNS4_IJNSO_INS4_IJSP_SP_SQ_EEENS4_IJSG_SD_SP_EEEEENSO_INS4_IJNSB_ILi16EEESQ_SQ_EEENS4_IJSG_NSB_ILi64EEESY_EEEEENSO_ISD_SG_EEEEEEEvvvNS3_8identityEvvvS17_EENS_8epilogue10collective18CollectiveEpilogueINS19_14IntelXeGenericEJSE_vSF_SH_SF_SH_NS19_6fusion15FusionCallbacksIS1C_NS1D_17LinearCombinationISF_fSF_fLNS_15FloatRoundStyleE2EEESE_SE_JEEEvvEEEvvEE  compiled SIMD16 allocated 128 regs and spilled around 133

warning: kernel _ZTSN7cutlass4gemm6kernel13GemmUniversalIN4cute5tupleIJiiiiEEENS0_10collective13CollectiveMmaINS0_18MainloopXeL1StagedILi2ENS0_8KernelXeEEENS4_IJNS3_1CILi256EEESC_NSB_ILi32EEEEEENS_10bfloat16_tENS4_IJlNSB_ILi1EEElEEESF_NS4_IJSG_llEEENS3_8TiledMMAINS3_8MMA_AtomIJNS3_10XE_DPAS_TTILi8EfSF_SF_fEEEEENS3_6LayoutINS4_IJNSB_ILi8EEENSB_ILi4EEESG_EEENS4_IJSQ_SG_NSB_ILi0EEEEEEEEKNS4_IJNSO_INS4_IJSP_SP_SQ_EEENS4_IJSG_SD_SP_EEEEENSO_INS4_IJNSB_ILi16EEESQ_SQ_EEENS4_IJSG_NSB_ILi64EEESY_EEEEENSO_ISD_SG_EEEEEEEvvvNS3_8identityEvvvS17_EENS_8epilogue10collective18CollectiveEpilogueINS19_14IntelXeGenericEJSE_vSF_SI_SF_SH_NS19_6fusion15FusionCallbacksIS1C_NS1D_17LinearCombinationISF_fSF_fLNS_15FloatRoundStyleE2EEESE_SE_JEEEvvEEEvvEE  compiled SIMD16 allocated 128 regs and spilled around 133

Build succeeded.
[659/738] Linking CXX executable test/unit/flash_attention/legacy/flash_attention_prefill/cutlass_test_unit_flash_attention_prefill_fp8e4m3_fp32_fp8e4m3_h192_xe
warning: Undefined function _Z44intel_sub_group_2d_block_prefetch_8b_8r32x2cPU3AS1viiiDv2_i found in /tmp/icpx-3b9157fdf2/filter_architecture-5518b3.bc. This may result in runtime errors.
warning: Undefined function _Z44intel_sub_group_2d_block_prefetch_8b_2r32x2cPU3AS1viiiDv2_i found in /tmp/icpx-3b9157fdf2/filter_architecture-5518b3.bc. This may result in runtime errors.
Compilation from IR - skipping loading of FCL

warning: [RetryManager] Start recompilation of the kernel
in kernel: 'typeinfo name for cutlass::reference::device::GemmComplexKernelName<cutlass::half_t, cutlass::layout::RowMajor, cutlass::half_t, cutlass::layout::ColumnMajor, float, cutlass::layout::RowMajor, float, float, float, cutlass::layout::RowMajor, cutlass::NumericConverter<float, float, (cutlass::FloatRoundStyle)2>, cutlass::multiply_add<float, float, float>>'

Build succeeded.
Compilation from IR - skipping loading of FCL
Build succeeded.
Compilation from IR - skipping loading of FCL
Build succeeded.
[660/738] Building CXX object test/unit/gemm/device/CMakeFiles/cutlass_test_unit_gemm_device_tensorop_xe.dir/xe_gemm_bf16_bf16_bf16_tensor_op_fp32.cpp.o
[661/738] Linking CXX executable test/unit/gemm/device/cutlass_test_unit_gemm_device_tensorop_xe_group_gemm
Compilation from IR - skipping loading of FCL

warning: [RetryManager] Start recompilation of the kernel
in kernel: 'typeinfo name for cutlass::gemm::kernel::GemmUniversal<cutlass::gemm::GroupProblemShape<cute::tuple<int, int, int>>, cutlass::gemm::collective::CollectiveMma<cutlass::gemm::MainloopXeL1StagedGroup<2, cutlass::gemm::KernelXePtrArrayCooperative>, cute::tuple<cute::C<256>, cute::C<256>, cute::C<32>>, cutlass::half_t, cute::tuple<long, cute::C<1>, cute::C<0>>*, cutlass::half_t, cute::tuple<cute::C<1>, long, cute::C<0>>*, cute::TiledMMA<cute::MMA_Atom<cute::XE_DPAS_TT<8, float, cutlass::half_t, cutlass::half_t, float>>, cute::Layout<cute::tuple<cute::C<8>, cute::C<4>, cute::C<1>>, cute::tuple<cute::C<4>, cute::C<1>, cute::C<0>>>, cute::tuple<cute::Layout<cute::tuple<cute::C<8>, cute::C<8>, cute::C<4>>, cute::tuple<cute::C<1>, cute::C<32>, cute::C<8>>>, cute::Layout<cute::tuple<cute::C<16>, cute::C<4>, cute::C<4>>, cute::tuple<cute::C<1>, cute::C<64>, cute::C<16>>>, cute::Layout<cute::C<32>, cute::C<1>>> const>, void, void, void, cute::identity, void, void, void, cute::identity>, cutlass::epilogue::collective::CollectiveEpilogue<cutlass::epilogue::IntelXeGenericGroup, cute::tuple<cute::C<256>, cute::C<256>, cute::C<32>>, cutlass::epilogue::collective::EpilogueTileAuto, float, cute::tuple<long, cute::C<1>, cute::C<0>>*, float, cute::tuple<long, cute::C<1>, cute::C<0>>*, cutlass::epilogue::fusion::FusionCallbacks<cutlass::epilogue::IntelXeGenericGroup, cutlass::epilogue::fusion::LinearCombination<float, float, float, float, (cutlass::FloatRoundStyle)2>, cute::tuple<cute::C<256>, cute::C<256>, cute::C<32>>, cutlass::epilogue::collective::EpilogueTileAuto>, void, void>, cutlass::gemm::GroupScheduler, void>'

warning: kernel _ZTSN7cutlass4gemm6kernel13GemmUniversalINS0_17GroupProblemShapeIN4cute5tupleIJiiiEEEEENS0_10collective13CollectiveMmaINS0_23MainloopXeL1StagedGroupILi2ENS0_27KernelXePtrArrayCooperativeEEENS5_IJNS4_1CILi256EEESE_NSD_ILi32EEEEEENS_6half_tEPNS5_IJNSD_ILi1EEElNSD_ILi0EEEEEESH_PNS5_IJlSI_SJ_EEENS4_8TiledMMAINS4_8MMA_AtomIJNS4_10XE_DPAS_TTILi8EfSH_SH_fEEEEENS4_6LayoutINS5_IJNSD_ILi8EEENSD_ILi4EEESI_EEENS5_IJSV_SI_SJ_EEEEEKNS5_IJNST_INS5_IJSU_SU_SV_EEENS5_IJSI_SF_SU_EEEEENST_INS5_IJNSD_ILi16EEESV_SV_EEENS5_IJSI_NSD_ILi64EEES12_EEEEENST_ISF_SI_EEEEEEEvvvNS4_8identityEvvvS1B_EENS_8epilogue10collective18CollectiveEpilogueINS1D_19IntelXeGenericGroupEJSG_NS1E_16EpilogueTileAutoEfSN_fSN_NS1D_6fusion15FusionCallbacksIS1G_NS1I_17LinearCombinationIffffLNS_15FloatRoundStyleE2EEESG_S1H_JEEEvvEEENS0_14GroupSchedulerEvEE  compiled SIMD16 allocated 128 regs and spilled around 188

warning: kernel _ZTSN7cutlass4gemm6kernel13GemmUniversalINS0_17GroupProblemShapeIN4cute5tupleIJiiiEEEEENS0_10collective13CollectiveMmaINS0_23MainloopXeL1StagedGroupILi2ENS0_27KernelXePtrArrayCooperativeEEENS5_IJNS4_1CILi256EEESE_NSD_ILi32EEEEEENS_6half_tEPNS5_IJlNSD_ILi1EEENSD_ILi0EEEEEESH_SL_NS4_8TiledMMAINS4_8MMA_AtomIJNS4_10XE_DPAS_TTILi8EfSH_SH_fEEEEENS4_6LayoutINS5_IJNSD_ILi8EEENSD_ILi4EEESI_EEENS5_IJST_SI_SJ_EEEEEKNS5_IJNSR_INS5_IJSS_SS_ST_EEENS5_IJSI_SF_SS_EEEEENSR_INS5_IJNSD_ILi16EEEST_ST_EEENS5_IJSI_NSD_ILi64EEES10_EEEEENSR_ISF_SI_EEEEEEEvvvNS4_8identityEvvvS19_EENS_8epilogue10collective18CollectiveEpilogueINS1B_19IntelXeGenericGroupEJSG_NS1C_16EpilogueTileAutoEfSL_fSL_NS1B_6fusion15FusionCallbacksIS1E_NS1G_17LinearCombinationIffffLNS_15FloatRoundStyleE2EEESG_S1F_JEEEvvEEENS0_14GroupSchedulerEvEE  compiled SIMD16 allocated 128 regs and spilled around 172

warning: kernel _ZTSN7cutlass4gemm6kernel13GemmUniversalINS0_17GroupProblemShapeIN4cute5tupleIJiiiEEEEENS0_10collective13CollectiveMmaINS0_23MainloopXeL1StagedGroupILi2ENS0_27KernelXePtrArrayCooperativeEEENS5_IJNS4_1CILi256EEESE_NSD_ILi32EEEEEENS_6half_tEPNS5_IJNSD_ILi1EEElNSD_ILi0EEEEEESH_SL_NS4_8TiledMMAINS4_8MMA_AtomIJNS4_10XE_DPAS_TTILi8EfSH_SH_fEEEEENS4_6LayoutINS5_IJNSD_ILi8EEENSD_ILi4EEESI_EEENS5_IJST_SI_SJ_EEEEEKNS5_IJNSR_INS5_IJSS_SS_ST_EEENS5_IJSI_SF_SS_EEEEENSR_INS5_IJNSD_ILi16EEEST_ST_EEENS5_IJSI_NSD_ILi64EEES10_EEEEENSR_ISF_SI_EEEEEEEvvvNS4_8identityEvvvS19_EENS_8epilogue10collective18CollectiveEpilogueINS1B_19IntelXeGenericGroupEJSG_NS1C_16EpilogueTileAutoEfPNS5_IJlSI_SJ_EEEfS1H_NS1B_6fusion15FusionCallbacksIS1E_NS1I_17LinearCombinationIffffLNS_15FloatRoundStyleE2EEESG_S1F_JEEEvvEEENS0_14GroupSchedulerEvEE  compiled SIMD16 allocated 128 regs and spilled around 180

warning: kernel _ZTSN7cutlass4gemm6kernel13GemmUniversalINS0_17GroupProblemShapeIN4cute5tupleIJiiiEEEEENS0_10collective13CollectiveMmaINS0_23MainloopXeL1StagedGroupILi2ENS0_27KernelXePtrArrayCooperativeEEENS5_IJNS4_1CILi256EEESE_NSD_ILi32EEEEEENS_6half_tEPNS5_IJlNSD_ILi1EEENSD_ILi0EEEEEESH_PNS5_IJSI_lSJ_EEENS4_8TiledMMAINS4_8MMA_AtomIJNS4_10XE_DPAS_TTILi8EfSH_SH_fEEEEENS4_6LayoutINS5_IJNSD_ILi8EEENSD_ILi4EEESI_EEENS5_IJSV_SI_SJ_EEEEEKNS5_IJNST_INS5_IJSU_SU_SV_EEENS5_IJSI_SF_SU_EEEEENST_INS5_IJNSD_ILi16EEESV_SV_EEENS5_IJSI_NSD_ILi64EEES12_EEEEENST_ISF_SI_EEEEEEEvvvNS4_8identityEvvvS1B_EENS_8epilogue10collective18CollectiveEpilogueINS1D_19IntelXeGenericGroupEJSG_NS1E_16EpilogueTileAutoEfSL_fSL_NS1D_6fusion15FusionCallbacksIS1G_NS1I_17LinearCombinationIffffLNS_15FloatRoundStyleE2EEESG_S1H_JEEEvvEEENS0_14GroupSchedulerEvEE  compiled SIMD16 allocated 128 regs and spilled around 166

Build succeeded.
Compilation from IR - skipping loading of FCL

warning: [RetryManager] Start recompilation of the kernel
in kernel: 'typeinfo name for cutlass::gemm::kernel::GemmUniversal<cutlass::gemm::GroupProblemShape<cute::tuple<int, int, int>>, cutlass::gemm::collective::CollectiveMma<cutlass::gemm::MainloopXeL1StagedGroup<2, cutlass::gemm::KernelXePtrArrayCooperative>, cute::tuple<cute::C<256>, cute::C<256>, cute::C<32>>, cutlass::half_t, cute::tuple<long, cute::C<1>, cute::C<0>>*, cutlass::half_t, cute::tuple<cute::C<1>, long, cute::C<0>>*, cute::TiledMMA<cute::MMA_Atom<cute::XE_DPAS_TT<8, float, cutlass::half_t, cutlass::half_t, float>>, cute::Layout<cute::tuple<cute::C<8>, cute::C<4>, cute::C<1>>, cute::tuple<cute::C<4>, cute::C<1>, cute::C<0>>>, cute::tuple<cute::Layout<cute::tuple<cute::C<8>, cute::C<8>, cute::C<4>>, cute::tuple<cute::C<1>, cute::C<32>, cute::C<8>>>, cute::Layout<cute::tuple<cute::C<16>, cute::C<4>, cute::C<4>>, cute::tuple<cute::C<1>, cute::C<64>, cute::C<16>>>, cute::Layout<cute::C<32>, cute::C<1>>> const>, void, void, void, cute::identity, void, void, void, cute::identity>, cutlass::epilogue::collective::CollectiveEpilogue<cutlass::epilogue::IntelXeGenericGroup, cute::tuple<cute::C<256>, cute::C<256>, cute::C<32>>, cutlass::epilogue::collective::EpilogueTileAuto, float, cute::tuple<long, cute::C<1>, cute::C<0>>*, cutlass::half_t, cute::tuple<long, cute::C<1>, cute::C<0>>*, cutlass::epilogue::fusion::FusionCallbacks<cutlass::epilogue::IntelXeGenericGroup, cutlass::epilogue::fusion::LinearCombination<float, float, float, float, (cutlass::FloatRoundStyle)2>, cute::tuple<cute::C<256>, cute::C<256>, cute::C<32>>, cutlass::epilogue::collective::EpilogueTileAuto>, void, void>, cutlass::gemm::GroupScheduler, void>'

warning: kernel _ZTSN7cutlass4gemm6kernel13GemmUniversalINS0_17GroupProblemShapeIN4cute5tupleIJiiiEEEEENS0_10collective13CollectiveMmaINS0_23MainloopXeL1StagedGroupILi2ENS0_27KernelXePtrArrayCooperativeEEENS5_IJNS4_1CILi256EEESE_NSD_ILi32EEEEEENS_6half_tEPNS5_IJNSD_ILi1EEElNSD_ILi0EEEEEESH_PNS5_IJlSI_SJ_EEENS4_8TiledMMAINS4_8MMA_AtomIJNS4_10XE_DPAS_TTILi8EfSH_SH_fEEEEENS4_6LayoutINS5_IJNSD_ILi8EEENSD_ILi4EEESI_EEENS5_IJSV_SI_SJ_EEEEEKNS5_IJNST_INS5_IJSU_SU_SV_EEENS5_IJSI_SF_SU_EEEEENST_INS5_IJNSD_ILi16EEESV_SV_EEENS5_IJSI_NSD_ILi64EEES12_EEEEENST_ISF_SI_EEEEEEEvvvNS4_8identityEvvvS1B_EENS_8epilogue10collective18CollectiveEpilogueINS1D_19IntelXeGenericGroupEJSG_NS1E_16EpilogueTileAutoEfSN_SH_SN_NS1D_6fusion15FusionCallbacksIS1G_NS1I_17LinearCombinationIffffLNS_15FloatRoundStyleE2EEESG_S1H_JEEEvvEEENS0_14GroupSchedulerEvEE  compiled SIMD16 allocated 128 regs and spilled around 183

warning: kernel _ZTSN7cutlass4gemm6kernel13GemmUniversalINS0_17GroupProblemShapeIN4cute5tupleIJiiiEEEEENS0_10collective13CollectiveMmaINS0_23MainloopXeL1StagedGroupILi2ENS0_27KernelXePtrArrayCooperativeEEENS5_IJNS4_1CILi256EEESE_NSD_ILi32EEEEEENS_6half_tEPNS5_IJlNSD_ILi1EEENSD_ILi0EEEEEESH_SL_NS4_8TiledMMAINS4_8MMA_AtomIJNS4_10XE_DPAS_TTILi8EfSH_SH_fEEEEENS4_6LayoutINS5_IJNSD_ILi8EEENSD_ILi4EEESI_EEENS5_IJST_SI_SJ_EEEEEKNS5_IJNSR_INS5_IJSS_SS_ST_EEENS5_IJSI_SF_SS_EEEEENSR_INS5_IJNSD_ILi16EEEST_ST_EEENS5_IJSI_NSD_ILi64EEES10_EEEEENSR_ISF_SI_EEEEEEEvvvNS4_8identityEvvvS19_EENS_8epilogue10collective18CollectiveEpilogueINS1B_19IntelXeGenericGroupEJSG_NS1C_16EpilogueTileAutoEfSL_SH_SL_NS1B_6fusion15FusionCallbacksIS1E_NS1G_17LinearCombinationIffffLNS_15FloatRoundStyleE2EEESG_S1F_JEEEvvEEENS0_14GroupSchedulerEvEE  compiled SIMD16 allocated 128 regs and spilled around 173

warning: kernel _ZTSN7cutlass4gemm6kernel13GemmUniversalINS0_17GroupProblemShapeIN4cute5tupleIJiiiEEEEENS0_10collective13CollectiveMmaINS0_23MainloopXeL1StagedGroupILi2ENS0_27KernelXePtrArrayCooperativeEEENS5_IJNS4_1CILi256EEESE_NSD_ILi32EEEEEENS_6half_tEPNS5_IJNSD_ILi1EEElNSD_ILi0EEEEEESH_SL_NS4_8TiledMMAINS4_8MMA_AtomIJNS4_10XE_DPAS_TTILi8EfSH_SH_fEEEEENS4_6LayoutINS5_IJNSD_ILi8EEENSD_ILi4EEESI_EEENS5_IJST_SI_SJ_EEEEEKNS5_IJNSR_INS5_IJSS_SS_ST_EEENS5_IJSI_SF_SS_EEEEENSR_INS5_IJNSD_ILi16EEEST_ST_EEENS5_IJSI_NSD_ILi64EEES10_EEEEENSR_ISF_SI_EEEEEEEvvvNS4_8identityEvvvS19_EENS_8epilogue10collective18CollectiveEpilogueINS1B_19IntelXeGenericGroupEJSG_NS1C_16EpilogueTileAutoEfPNS5_IJlSI_SJ_EEESH_S1H_NS1B_6fusion15FusionCallbacksIS1E_NS1I_17LinearCombinationIffffLNS_15FloatRoundStyleE2EEESG_S1F_JEEEvvEEENS0_14GroupSchedulerEvEE  compiled SIMD16 allocated 128 regs and spilled around 181

warning: kernel _ZTSN7cutlass4gemm6kernel13GemmUniversalINS0_17GroupProblemShapeIN4cute5tupleIJiiiEEEEENS0_10collective13CollectiveMmaINS0_23MainloopXeL1StagedGroupILi2ENS0_27KernelXePtrArrayCooperativeEEENS5_IJNS4_1CILi256EEESE_NSD_ILi32EEEEEENS_6half_tEPNS5_IJlNSD_ILi1EEENSD_ILi0EEEEEESH_PNS5_IJSI_lSJ_EEENS4_8TiledMMAINS4_8MMA_AtomIJNS4_10XE_DPAS_TTILi8EfSH_SH_fEEEEENS4_6LayoutINS5_IJNSD_ILi8EEENSD_ILi4EEESI_EEENS5_IJSV_SI_SJ_EEEEEKNS5_IJNST_INS5_IJSU_SU_SV_EEENS5_IJSI_SF_SU_EEEEENST_INS5_IJNSD_ILi16EEESV_SV_EEENS5_IJSI_NSD_ILi64EEES12_EEEEENST_ISF_SI_EEEEEEEvvvNS4_8identityEvvvS1B_EENS_8epilogue10collective18CollectiveEpilogueINS1D_19IntelXeGenericGroupEJSG_NS1E_16EpilogueTileAutoEfSL_SH_SL_NS1D_6fusion15FusionCallbacksIS1G_NS1I_17LinearCombinationIffffLNS_15FloatRoundStyleE2EEESG_S1H_JEEEvvEEENS0_14GroupSchedulerEvEE  compiled SIMD16 allocated 128 regs and spilled around 167

Build succeeded.
Compilation from IR - skipping loading of FCL
Build succeeded.
Compilation from IR - skipping loading of FCL

warning: [RetryManager] Start recompilation of the kernel
in kernel: 'typeinfo name for cutlass::gemm::kernel::GemmUniversal<cutlass::gemm::GroupProblemShape<cute::tuple<int, int, int>>, cutlass::gemm::collective::CollectiveMma<cutlass::gemm::MainloopXeL1StagedGroup<2, cutlass::gemm::KernelXePtrArrayCooperative>, cute::tuple<cute::C<256>, cute::C<256>, cute::C<32>>, cutlass::bfloat16_t, cute::tuple<long, cute::C<1>, cute::C<0>>*, cutlass::bfloat16_t, cute::tuple<cute::C<1>, long, cute::C<0>>*, cute::TiledMMA<cute::MMA_Atom<cute::XE_DPAS_TT<8, float, cutlass::bfloat16_t, cutlass::bfloat16_t, float>>, cute::Layout<cute::tuple<cute::C<8>, cute::C<4>, cute::C<1>>, cute::tuple<cute::C<4>, cute::C<1>, cute::C<0>>>, cute::tuple<cute::Layout<cute::tuple<cute::C<8>, cute::C<8>, cute::C<4>>, cute::tuple<cute::C<1>, cute::C<32>, cute::C<8>>>, cute::Layout<cute::tuple<cute::C<16>, cute::C<4>, cute::C<4>>, cute::tuple<cute::C<1>, cute::C<64>, cute::C<16>>>, cute::Layout<cute::C<32>, cute::C<1>>> const>, void, void, void, cute::identity, void, void, void, cute::identity>, cutlass::epilogue::collective::CollectiveEpilogue<cutlass::epilogue::IntelXeGenericGroup, cute::tuple<cute::C<256>, cute::C<256>, cute::C<32>>, cutlass::epilogue::collective::EpilogueTileAuto, float, cute::tuple<long, cute::C<1>, cute::C<0>>*, float, cute::tuple<long, cute::C<1>, cute::C<0>>*, cutlass::epilogue::fusion::FusionCallbacks<cutlass::epilogue::IntelXeGenericGroup, cutlass::epilogue::fusion::LinearCombination<float, float, float, float, (cutlass::FloatRoundStyle)2>, cute::tuple<cute::C<256>, cute::C<256>, cute::C<32>>, cutlass::epilogue::collective::EpilogueTileAuto>, void, void>, cutlass::gemm::GroupScheduler, void>'

warning: kernel _ZTSN7cutlass4gemm6kernel13GemmUniversalINS0_17GroupProblemShapeIN4cute5tupleIJiiiEEEEENS0_10collective13CollectiveMmaINS0_23MainloopXeL1StagedGroupILi2ENS0_27KernelXePtrArrayCooperativeEEENS5_IJNS4_1CILi256EEESE_NSD_ILi32EEEEEENS_10bfloat16_tEPNS5_IJNSD_ILi1EEElNSD_ILi0EEEEEESH_PNS5_IJlSI_SJ_EEENS4_8TiledMMAINS4_8MMA_AtomIJNS4_10XE_DPAS_TTILi8EfSH_SH_fEEEEENS4_6LayoutINS5_IJNSD_ILi8EEENSD_ILi4EEESI_EEENS5_IJSV_SI_SJ_EEEEEKNS5_IJNST_INS5_IJSU_SU_SV_EEENS5_IJSI_SF_SU_EEEEENST_INS5_IJNSD_ILi16EEESV_SV_EEENS5_IJSI_NSD_ILi64EEES12_EEEEENST_ISF_SI_EEEEEEEvvvNS4_8identityEvvvS1B_EENS_8epilogue10collective18CollectiveEpilogueINS1D_19IntelXeGenericGroupEJSG_NS1E_16EpilogueTileAutoEfSN_fSN_NS1D_6fusion15FusionCallbacksIS1G_NS1I_17LinearCombinationIffffLNS_15FloatRoundStyleE2EEESG_S1H_JEEEvvEEENS0_14GroupSchedulerEvEE  compiled SIMD16 allocated 128 regs and spilled around 188

warning: kernel _ZTSN7cutlass4gemm6kernel13GemmUniversalINS0_17GroupProblemShapeIN4cute5tupleIJiiiEEEEENS0_10collective13CollectiveMmaINS0_23MainloopXeL1StagedGroupILi2ENS0_27KernelXePtrArrayCooperativeEEENS5_IJNS4_1CILi256EEESE_NSD_ILi32EEEEEENS_10bfloat16_tEPNS5_IJlNSD_ILi1EEENSD_ILi0EEEEEESH_SL_NS4_8TiledMMAINS4_8MMA_AtomIJNS4_10XE_DPAS_TTILi8EfSH_SH_fEEEEENS4_6LayoutINS5_IJNSD_ILi8EEENSD_ILi4EEESI_EEENS5_IJST_SI_SJ_EEEEEKNS5_IJNSR_INS5_IJSS_SS_ST_EEENS5_IJSI_SF_SS_EEEEENSR_INS5_IJNSD_ILi16EEEST_ST_EEENS5_IJSI_NSD_ILi64EEES10_EEEEENSR_ISF_SI_EEEEEEEvvvNS4_8identityEvvvS19_EENS_8epilogue10collective18CollectiveEpilogueINS1B_19IntelXeGenericGroupEJSG_NS1C_16EpilogueTileAutoEfSL_fSL_NS1B_6fusion15FusionCallbacksIS1E_NS1G_17LinearCombinationIffffLNS_15FloatRoundStyleE2EEESG_S1F_JEEEvvEEENS0_14GroupSchedulerEvEE  compiled SIMD16 allocated 128 regs and spilled around 172

warning: kernel _ZTSN7cutlass4gemm6kernel13GemmUniversalINS0_17GroupProblemShapeIN4cute5tupleIJiiiEEEEENS0_10collective13CollectiveMmaINS0_23MainloopXeL1StagedGroupILi2ENS0_27KernelXePtrArrayCooperativeEEENS5_IJNS4_1CILi256EEESE_NSD_ILi32EEEEEENS_10bfloat16_tEPNS5_IJNSD_ILi1EEElNSD_ILi0EEEEEESH_SL_NS4_8TiledMMAINS4_8MMA_AtomIJNS4_10XE_DPAS_TTILi8EfSH_SH_fEEEEENS4_6LayoutINS5_IJNSD_ILi8EEENSD_ILi4EEESI_EEENS5_IJST_SI_SJ_EEEEEKNS5_IJNSR_INS5_IJSS_SS_ST_EEENS5_IJSI_SF_SS_EEEEENSR_INS5_IJNSD_ILi16EEEST_ST_EEENS5_IJSI_NSD_ILi64EEES10_EEEEENSR_ISF_SI_EEEEEEEvvvNS4_8identityEvvvS19_EENS_8epilogue10collective18CollectiveEpilogueINS1B_19IntelXeGenericGroupEJSG_NS1C_16EpilogueTileAutoEfPNS5_IJlSI_SJ_EEEfS1H_NS1B_6fusion15FusionCallbacksIS1E_NS1I_17LinearCombinationIffffLNS_15FloatRoundStyleE2EEESG_S1F_JEEEvvEEENS0_14GroupSchedulerEvEE  compiled SIMD16 allocated 128 regs and spilled around 180

warning: kernel _ZTSN7cutlass4gemm6kernel13GemmUniversalINS0_17GroupProblemShapeIN4cute5tupleIJiiiEEEEENS0_10collective13CollectiveMmaINS0_23MainloopXeL1StagedGroupILi2ENS0_27KernelXePtrArrayCooperativeEEENS5_IJNS4_1CILi256EEESE_NSD_ILi32EEEEEENS_10bfloat16_tEPNS5_IJlNSD_ILi1EEENSD_ILi0EEEEEESH_PNS5_IJSI_lSJ_EEENS4_8TiledMMAINS4_8MMA_AtomIJNS4_10XE_DPAS_TTILi8EfSH_SH_fEEEEENS4_6LayoutINS5_IJNSD_ILi8EEENSD_ILi4EEESI_EEENS5_IJSV_SI_SJ_EEEEEKNS5_IJNST_INS5_IJSU_SU_SV_EEENS5_IJSI_SF_SU_EEEEENST_INS5_IJNSD_ILi16EEESV_SV_EEENS5_IJSI_NSD_ILi64EEES12_EEEEENST_ISF_SI_EEEEEEEvvvNS4_8identityEvvvS1B_EENS_8epilogue10collective18CollectiveEpilogueINS1D_19IntelXeGenericGroupEJSG_NS1E_16EpilogueTileAutoEfSL_fSL_NS1D_6fusion15FusionCallbacksIS1G_NS1I_17LinearCombinationIffffLNS_15FloatRoundStyleE2EEESG_S1H_JEEEvvEEENS0_14GroupSchedulerEvEE  compiled SIMD16 allocated 128 regs and spilled around 166

Build succeeded.
Compilation from IR - skipping loading of FCL

warning: [RetryManager] Start recompilation of the kernel
in kernel: 'typeinfo name for cutlass::gemm::kernel::GemmUniversal<cutlass::gemm::GroupProblemShape<cute::tuple<int, int, int>>, cutlass::gemm::collective::CollectiveMma<cutlass::gemm::MainloopXeL1StagedGroup<2, cutlass::gemm::KernelXePtrArrayCooperative>, cute::tuple<cute::C<256>, cute::C<256>, cute::C<32>>, cutlass::bfloat16_t, cute::tuple<long, cute::C<1>, cute::C<0>>*, cutlass::bfloat16_t, cute::tuple<cute::C<1>, long, cute::C<0>>*, cute::TiledMMA<cute::MMA_Atom<cute::XE_DPAS_TT<8, float, cutlass::bfloat16_t, cutlass::bfloat16_t, float>>, cute::Layout<cute::tuple<cute::C<8>, cute::C<4>, cute::C<1>>, cute::tuple<cute::C<4>, cute::C<1>, cute::C<0>>>, cute::tuple<cute::Layout<cute::tuple<cute::C<8>, cute::C<8>, cute::C<4>>, cute::tuple<cute::C<1>, cute::C<32>, cute::C<8>>>, cute::Layout<cute::tuple<cute::C<16>, cute::C<4>, cute::C<4>>, cute::tuple<cute::C<1>, cute::C<64>, cute::C<16>>>, cute::Layout<cute::C<32>, cute::C<1>>> const>, void, void, void, cute::identity, void, void, void, cute::identity>, cutlass::epilogue::collective::CollectiveEpilogue<cutlass::epilogue::IntelXeGenericGroup, cute::tuple<cute::C<256>, cute::C<256>, cute::C<32>>, cutlass::epilogue::collective::EpilogueTileAuto, float, cute::tuple<long, cute::C<1>, cute::C<0>>*, cutlass::bfloat16_t, cute::tuple<long, cute::C<1>, cute::C<0>>*, cutlass::epilogue::fusion::FusionCallbacks<cutlass::epilogue::IntelXeGenericGroup, cutlass::epilogue::fusion::LinearCombination<float, float, float, float, (cutlass::FloatRoundStyle)2>, cute::tuple<cute::C<256>, cute::C<256>, cute::C<32>>, cutlass::epilogue::collective::EpilogueTileAuto>, void, void>, cutlass::gemm::GroupScheduler, void>'

warning: kernel _ZTSN7cutlass4gemm6kernel13GemmUniversalINS0_17GroupProblemShapeIN4cute5tupleIJiiiEEEEENS0_10collective13CollectiveMmaINS0_23MainloopXeL1StagedGroupILi2ENS0_27KernelXePtrArrayCooperativeEEENS5_IJNS4_1CILi256EEESE_NSD_ILi32EEEEEENS_10bfloat16_tEPNS5_IJNSD_ILi1EEElNSD_ILi0EEEEEESH_PNS5_IJlSI_SJ_EEENS4_8TiledMMAINS4_8MMA_AtomIJNS4_10XE_DPAS_TTILi8EfSH_SH_fEEEEENS4_6LayoutINS5_IJNSD_ILi8EEENSD_ILi4EEESI_EEENS5_IJSV_SI_SJ_EEEEEKNS5_IJNST_INS5_IJSU_SU_SV_EEENS5_IJSI_SF_SU_EEEEENST_INS5_IJNSD_ILi16EEESV_SV_EEENS5_IJSI_NSD_ILi64EEES12_EEEEENST_ISF_SI_EEEEEEEvvvNS4_8identityEvvvS1B_EENS_8epilogue10collective18CollectiveEpilogueINS1D_19IntelXeGenericGroupEJSG_NS1E_16EpilogueTileAutoEfSN_SH_SN_NS1D_6fusion15FusionCallbacksIS1G_NS1I_17LinearCombinationIffffLNS_15FloatRoundStyleE2EEESG_S1H_JEEEvvEEENS0_14GroupSchedulerEvEE  compiled SIMD16 allocated 128 regs and spilled around 183

warning: kernel _ZTSN7cutlass4gemm6kernel13GemmUniversalINS0_17GroupProblemShapeIN4cute5tupleIJiiiEEEEENS0_10collective13CollectiveMmaINS0_23MainloopXeL1StagedGroupILi2ENS0_27KernelXePtrArrayCooperativeEEENS5_IJNS4_1CILi256EEESE_NSD_ILi32EEEEEENS_10bfloat16_tEPNS5_IJlNSD_ILi1EEENSD_ILi0EEEEEESH_SL_NS4_8TiledMMAINS4_8MMA_AtomIJNS4_10XE_DPAS_TTILi8EfSH_SH_fEEEEENS4_6LayoutINS5_IJNSD_ILi8EEENSD_ILi4EEESI_EEENS5_IJST_SI_SJ_EEEEEKNS5_IJNSR_INS5_IJSS_SS_ST_EEENS5_IJSI_SF_SS_EEEEENSR_INS5_IJNSD_ILi16EEEST_ST_EEENS5_IJSI_NSD_ILi64EEES10_EEEEENSR_ISF_SI_EEEEEEEvvvNS4_8identityEvvvS19_EENS_8epilogue10collective18CollectiveEpilogueINS1B_19IntelXeGenericGroupEJSG_NS1C_16EpilogueTileAutoEfSL_SH_SL_NS1B_6fusion15FusionCallbacksIS1E_NS1G_17LinearCombinationIffffLNS_15FloatRoundStyleE2EEESG_S1F_JEEEvvEEENS0_14GroupSchedulerEvEE  compiled SIMD16 allocated 128 regs and spilled around 173

warning: kernel _ZTSN7cutlass4gemm6kernel13GemmUniversalINS0_17GroupProblemShapeIN4cute5tupleIJiiiEEEEENS0_10collective13CollectiveMmaINS0_23MainloopXeL1StagedGroupILi2ENS0_27KernelXePtrArrayCooperativeEEENS5_IJNS4_1CILi256EEESE_NSD_ILi32EEEEEENS_10bfloat16_tEPNS5_IJNSD_ILi1EEElNSD_ILi0EEEEEESH_SL_NS4_8TiledMMAINS4_8MMA_AtomIJNS4_10XE_DPAS_TTILi8EfSH_SH_fEEEEENS4_6LayoutINS5_IJNSD_ILi8EEENSD_ILi4EEESI_EEENS5_IJST_SI_SJ_EEEEEKNS5_IJNSR_INS5_IJSS_SS_ST_EEENS5_IJSI_SF_SS_EEEEENSR_INS5_IJNSD_ILi16EEEST_ST_EEENS5_IJSI_NSD_ILi64EEES10_EEEEENSR_ISF_SI_EEEEEEEvvvNS4_8identityEvvvS19_EENS_8epilogue10collective18CollectiveEpilogueINS1B_19IntelXeGenericGroupEJSG_NS1C_16EpilogueTileAutoEfPNS5_IJlSI_SJ_EEESH_S1H_NS1B_6fusion15FusionCallbacksIS1E_NS1I_17LinearCombinationIffffLNS_15FloatRoundStyleE2EEESG_S1F_JEEEvvEEENS0_14GroupSchedulerEvEE  compiled SIMD16 allocated 128 regs and spilled around 181

warning: kernel _ZTSN7cutlass4gemm6kernel13GemmUniversalINS0_17GroupProblemShapeIN4cute5tupleIJiiiEEEEENS0_10collective13CollectiveMmaINS0_23MainloopXeL1StagedGroupILi2ENS0_27KernelXePtrArrayCooperativeEEENS5_IJNS4_1CILi256EEESE_NSD_ILi32EEEEEENS_10bfloat16_tEPNS5_IJlNSD_ILi1EEENSD_ILi0EEEEEESH_PNS5_IJSI_lSJ_EEENS4_8TiledMMAINS4_8MMA_AtomIJNS4_10XE_DPAS_TTILi8EfSH_SH_fEEEEENS4_6LayoutINS5_IJNSD_ILi8EEENSD_ILi4EEESI_EEENS5_IJSV_SI_SJ_EEEEEKNS5_IJNST_INS5_IJSU_SU_SV_EEENS5_IJSI_SF_SU_EEEEENST_INS5_IJNSD_ILi16EEESV_SV_EEENS5_IJSI_NSD_ILi64EEES12_EEEEENST_ISF_SI_EEEEEEEvvvNS4_8identityEvvvS1B_EENS_8epilogue10collective18CollectiveEpilogueINS1D_19IntelXeGenericGroupEJSG_NS1E_16EpilogueTileAutoEfSL_SH_SL_NS1D_6fusion15FusionCallbacksIS1G_NS1I_17LinearCombinationIffffLNS_15FloatRoundStyleE2EEESG_S1H_JEEEvvEEENS0_14GroupSchedulerEvEE  compiled SIMD16 allocated 128 regs and spilled around 167

Build succeeded.
[662/738] Linking CXX executable examples/06_bmg_flash_attention/legacy/06_bmg_decode_attention_fp8_hdim192
warning: Undefined function _Z44intel_sub_group_2d_block_prefetch_8b_1r32x2cPU3AS1viiiDv2_i found in /tmp/icpx-6a944bf388/06_bmg_decode_attention_fp8-ac6663.bc. This may result in runtime errors.
warning: Undefined function _Z44intel_sub_group_2d_block_prefetch_8b_8r32x2cPU3AS1viiiDv2_i found in /tmp/icpx-6a944bf388/06_bmg_decode_attention_fp8-ac6663.bc. This may result in runtime errors.
Compilation from IR - skipping loading of FCL

warning: [RetryManager] Start recompilation of the kernel
in kernel: 'typeinfo name for cutlass::reference::device::GemmComplexKernelName<cutlass::half_t, cutlass::layout::RowMajor, cutlass::half_t, cutlass::layout::ColumnMajor, float, cutlass::layout::RowMajor, float, float, float, cutlass::layout::RowMajor, cutlass::NumericConverter<float, float, (cutlass::FloatRoundStyle)2>, cutlass::multiply_add<float, float, float>>'

Build succeeded.
Compilation from IR - skipping loading of FCL

warning: Block2D: block size not multiple of GRF size, zero padded.

Build succeeded.
Compilation from IR - skipping loading of FCL
Build succeeded.
[663/738] Linking CXX executable test/unit/gemm/device/cutlass_test_unit_gemm_device_mixed_dtype_tensorop_xe_group_gemm
Compilation from IR - skipping loading of FCL

warning: [RetryManager] Start recompilation of the kernel
in kernel: 'typeinfo name for cutlass::gemm::kernel::GemmUniversal<cutlass::gemm::GroupProblemShape<cute::tuple<int, int, int>>, cutlass::gemm::collective::CollectiveMma<cutlass::gemm::MainloopXeL1StagedGroup<2, cutlass::gemm::KernelXePtrArrayCooperative>, cute::tuple<cute::C<256>, cute::C<256>, cute::C<32>>, cutlass::half_t, cute::tuple<long, cute::C<1>, cute::C<0>>*, cutlass::integer_subbyte<4, false>, cute::tuple<cute::C<1>, long, cute::C<0>>*, cute::TiledMMA<cute::MMA_Atom<cute::XE_DPAS_TT<8, float, cutlass::half_t, cutlass::half_t, float>>, cute::Layout<cute::tuple<cute::C<8>, cute::C<4>, cute::C<1>>, cute::tuple<cute::C<4>, cute::C<1>, cute::C<0>>>, cute::tuple<cute::Layout<cute::tuple<cute::C<8>, cute::C<8>, cute::C<4>>, cute::tuple<cute::C<1>, cute::C<32>, cute::C<8>>>, cute::Layout<cute::tuple<cute::C<16>, cute::C<4>, cute::C<4>>, cute::tuple<cute::C<1>, cute::C<64>, cute::C<16>>>, cute::Layout<cute::C<32>, cute::C<1>>> const>, void, void, void, cute::identity, void, void, void, cute::identity>, cutlass::epilogue::collective::CollectiveEpilogue<cutlass::epilogue::IntelXeGenericGroup, cute::tuple<cute::C<256>, cute::C<256>, cute::C<32>>, cutlass::epilogue::collective::EpilogueTileAuto, float, cute::tuple<long, cute::C<1>, cute::C<0>>*, float, cute::tuple<long, cute::C<1>, cute::C<0>>*, cutlass::epilogue::fusion::FusionCallbacks<cutlass::epilogue::IntelXeGenericGroup, cutlass::epilogue::fusion::LinearCombination<float, float, float, float, (cutlass::FloatRoundStyle)2>, cute::tuple<cute::C<256>, cute::C<256>, cute::C<32>>, cutlass::epilogue::collective::EpilogueTileAuto>, void, void>, cutlass::gemm::GroupScheduler, void>'

warning: kernel _ZTSN7cutlass4gemm6kernel13GemmUniversalINS0_17GroupProblemShapeIN4cute5tupleIJiiiEEEEENS0_10collective13CollectiveMmaINS0_23MainloopXeL1StagedGroupILi2ENS0_27KernelXePtrArrayCooperativeEEENS5_IJNS4_1CILi256EEESE_NSD_ILi32EEEEEENS_6half_tEPNS5_IJNSD_ILi1EEElNSD_ILi0EEEEEENS_15integer_subbyteILi4ELb0EEEPNS5_IJlSI_SJ_EEENS4_8TiledMMAINS4_8MMA_AtomIJNS4_10XE_DPAS_TTILi8EfSH_SH_fEEEEENS4_6LayoutINS5_IJNSD_ILi8EEENSD_ILi4EEESI_EEENS5_IJSX_SI_SJ_EEEEEKNS5_IJNSV_INS5_IJSW_SW_SX_EEENS5_IJSI_SF_SW_EEEEENSV_INS5_IJNSD_ILi16EEESX_SX_EEENS5_IJSI_NSD_ILi64EEES14_EEEEENSV_ISF_SI_EEEEEEEvvvNS4_8identityEvvvS1D_EENS_8epilogue10collective18CollectiveEpilogueINS1F_19IntelXeGenericGroupEJSG_NS1G_16EpilogueTileAutoEfSP_fSP_NS1F_6fusion15FusionCallbacksIS1I_NS1K_17LinearCombinationIffffLNS_15FloatRoundStyleE2EEESG_S1J_JEEEvvEEENS0_14GroupSchedulerEvEE  compiled SIMD16 allocated 128 regs and spilled around 178

warning: kernel _ZTSN7cutlass4gemm6kernel13GemmUniversalINS0_17GroupProblemShapeIN4cute5tupleIJiiiEEEEENS0_10collective13CollectiveMmaINS0_23MainloopXeL1StagedGroupILi2ENS0_27KernelXePtrArrayCooperativeEEENS5_IJNS4_1CILi256EEESE_NSD_ILi32EEEEEENS_6half_tEPNS5_IJlNSD_ILi1EEENSD_ILi0EEEEEENS_15integer_subbyteILi4ELb0EEESL_NS4_8TiledMMAINS4_8MMA_AtomIJNS4_10XE_DPAS_TTILi8EfSH_SH_fEEEEENS4_6LayoutINS5_IJNSD_ILi8EEENSD_ILi4EEESI_EEENS5_IJSV_SI_SJ_EEEEEKNS5_IJNST_INS5_IJSU_SU_SV_EEENS5_IJSI_SF_SU_EEEEENST_INS5_IJNSD_ILi16EEESV_SV_EEENS5_IJSI_NSD_ILi64EEES12_EEEEENST_ISF_SI_EEEEEEEvvvNS4_8identityEvvvS1B_EENS_8epilogue10collective18CollectiveEpilogueINS1D_19IntelXeGenericGroupEJSG_NS1E_16EpilogueTileAutoEfSL_fSL_NS1D_6fusion15FusionCallbacksIS1G_NS1I_17LinearCombinationIffffLNS_15FloatRoundStyleE2EEESG_S1H_JEEEvvEEENS0_14GroupSchedulerEvEE  compiled SIMD16 allocated 128 regs and spilled around 171

warning: kernel _ZTSN7cutlass4gemm6kernel13GemmUniversalINS0_17GroupProblemShapeIN4cute5tupleIJiiiEEEEENS0_10collective13CollectiveMmaINS0_23MainloopXeL1StagedGroupILi2ENS0_27KernelXePtrArrayCooperativeEEENS5_IJNS4_1CILi256EEESE_NSD_ILi32EEEEEENS_6half_tEPNS5_IJNSD_ILi1EEElNSD_ILi0EEEEEENS_15integer_subbyteILi4ELb0EEESL_NS4_8TiledMMAINS4_8MMA_AtomIJNS4_10XE_DPAS_TTILi8EfSH_SH_fEEEEENS4_6LayoutINS5_IJNSD_ILi8EEENSD_ILi4EEESI_EEENS5_IJSV_SI_SJ_EEEEEKNS5_IJNST_INS5_IJSU_SU_SV_EEENS5_IJSI_SF_SU_EEEEENST_INS5_IJNSD_ILi16EEESV_SV_EEENS5_IJSI_NSD_ILi64EEES12_EEEEENST_ISF_SI_EEEEEEEvvvNS4_8identityEvvvS1B_EENS_8epilogue10collective18CollectiveEpilogueINS1D_19IntelXeGenericGroupEJSG_NS1E_16EpilogueTileAutoEfPNS5_IJlSI_SJ_EEEfS1J_NS1D_6fusion15FusionCallbacksIS1G_NS1K_17LinearCombinationIffffLNS_15FloatRoundStyleE2EEESG_S1H_JEEEvvEEENS0_14GroupSchedulerEvEE  compiled SIMD16 allocated 128 regs and spilled around 179

warning: kernel _ZTSN7cutlass4gemm6kernel13GemmUniversalINS0_17GroupProblemShapeIN4cute5tupleIJiiiEEEEENS0_10collective13CollectiveMmaINS0_23MainloopXeL1StagedGroupILi2ENS0_27KernelXePtrArrayCooperativeEEENS5_IJNS4_1CILi256EEESE_NSD_ILi32EEEEEENS_6half_tEPNS5_IJlNSD_ILi1EEENSD_ILi0EEEEEENS_15integer_subbyteILi4ELb0EEEPNS5_IJSI_lSJ_EEENS4_8TiledMMAINS4_8MMA_AtomIJNS4_10XE_DPAS_TTILi8EfSH_SH_fEEEEENS4_6LayoutINS5_IJNSD_ILi8EEENSD_ILi4EEESI_EEENS5_IJSX_SI_SJ_EEEEEKNS5_IJNSV_INS5_IJSW_SW_SX_EEENS5_IJSI_SF_SW_EEEEENSV_INS5_IJNSD_ILi16EEESX_SX_EEENS5_IJSI_NSD_ILi64EEES14_EEEEENSV_ISF_SI_EEEEEEEvvvNS4_8identityEvvvS1D_EENS_8epilogue10collective18CollectiveEpilogueINS1F_19IntelXeGenericGroupEJSG_NS1G_16EpilogueTileAutoEfSL_fSL_NS1F_6fusion15FusionCallbacksIS1I_NS1K_17LinearCombinationIffffLNS_15FloatRoundStyleE2EEESG_S1J_JEEEvvEEENS0_14GroupSchedulerEvEE  compiled SIMD16 allocated 128 regs and spilled around 168

Build succeeded.
Compilation from IR - skipping loading of FCL

warning: [RetryManager] Start recompilation of the kernel
in kernel: 'typeinfo name for cutlass::gemm::kernel::GemmUniversal<cutlass::gemm::GroupProblemShape<cute::tuple<int, int, int>>, cutlass::gemm::collective::CollectiveMma<cutlass::gemm::MainloopXeL1StagedGroup<2, cutlass::gemm::KernelXePtrArrayCooperative>, cute::tuple<cute::C<256>, cute::C<256>, cute::C<32>>, cutlass::half_t, cute::tuple<long, cute::C<1>, cute::C<0>>*, signed char, cute::tuple<cute::C<1>, long, cute::C<0>>*, cute::TiledMMA<cute::MMA_Atom<cute::XE_DPAS_TT<8, float, cutlass::half_t, cutlass::half_t, float>>, cute::Layout<cute::tuple<cute::C<8>, cute::C<4>, cute::C<1>>, cute::tuple<cute::C<4>, cute::C<1>, cute::C<0>>>, cute::tuple<cute::Layout<cute::tuple<cute::C<8>, cute::C<8>, cute::C<4>>, cute::tuple<cute::C<1>, cute::C<32>, cute::C<8>>>, cute::Layout<cute::tuple<cute::C<16>, cute::C<4>, cute::C<4>>, cute::tuple<cute::C<1>, cute::C<64>, cute::C<16>>>, cute::Layout<cute::C<32>, cute::C<1>>> const>, void, void, void, cute::identity, void, void, void, cute::identity>, cutlass::epilogue::collective::CollectiveEpilogue<cutlass::epilogue::IntelXeGenericGroup, cute::tuple<cute::C<256>, cute::C<256>, cute::C<32>>, cutlass::epilogue::collective::EpilogueTileAuto, float, cute::tuple<long, cute::C<1>, cute::C<0>>*, float, cute::tuple<long, cute::C<1>, cute::C<0>>*, cutlass::epilogue::fusion::FusionCallbacks<cutlass::epilogue::IntelXeGenericGroup, cutlass::epilogue::fusion::LinearCombination<float, float, float, float, (cutlass::FloatRoundStyle)2>, cute::tuple<cute::C<256>, cute::C<256>, cute::C<32>>, cutlass::epilogue::collective::EpilogueTileAuto>, void, void>, cutlass::gemm::GroupScheduler, void>'

warning: kernel _ZTSN7cutlass4gemm6kernel13GemmUniversalINS0_17GroupProblemShapeIN4cute5tupleIJiiiEEEEENS0_10collective13CollectiveMmaINS0_23MainloopXeL1StagedGroupILi2ENS0_27KernelXePtrArrayCooperativeEEENS5_IJNS4_1CILi256EEESE_NSD_ILi32EEEEEENS_6half_tEPNS5_IJNSD_ILi1EEElNSD_ILi0EEEEEEaPNS5_IJlSI_SJ_EEENS4_8TiledMMAINS4_8MMA_AtomIJNS4_10XE_DPAS_TTILi8EfSH_SH_fEEEEENS4_6LayoutINS5_IJNSD_ILi8EEENSD_ILi4EEESI_EEENS5_IJSV_SI_SJ_EEEEEKNS5_IJNST_INS5_IJSU_SU_SV_EEENS5_IJSI_SF_SU_EEEEENST_INS5_IJNSD_ILi16EEESV_SV_EEENS5_IJSI_NSD_ILi64EEES12_EEEEENST_ISF_SI_EEEEEEEvvvNS4_8identityEvvvS1B_EENS_8epilogue10collective18CollectiveEpilogueINS1D_19IntelXeGenericGroupEJSG_NS1E_16EpilogueTileAutoEfSN_fSN_NS1D_6fusion15FusionCallbacksIS1G_NS1I_17LinearCombinationIffffLNS_15FloatRoundStyleE2EEESG_S1H_JEEEvvEEENS0_14GroupSchedulerEvEE  compiled SIMD16 allocated 128 regs and spilled around 181

warning: kernel _ZTSN7cutlass4gemm6kernel13GemmUniversalINS0_17GroupProblemShapeIN4cute5tupleIJiiiEEEEENS0_10collective13CollectiveMmaINS0_23MainloopXeL1StagedGroupILi2ENS0_27KernelXePtrArrayCooperativeEEENS5_IJNS4_1CILi256EEESE_NSD_ILi32EEEEEENS_6half_tEPNS5_IJlNSD_ILi1EEENSD_ILi0EEEEEEaSL_NS4_8TiledMMAINS4_8MMA_AtomIJNS4_10XE_DPAS_TTILi8EfSH_SH_fEEEEENS4_6LayoutINS5_IJNSD_ILi8EEENSD_ILi4EEESI_EEENS5_IJST_SI_SJ_EEEEEKNS5_IJNSR_INS5_IJSS_SS_ST_EEENS5_IJSI_SF_SS_EEEEENSR_INS5_IJNSD_ILi16EEEST_ST_EEENS5_IJSI_NSD_ILi64EEES10_EEEEENSR_ISF_SI_EEEEEEEvvvNS4_8identityEvvvS19_EENS_8epilogue10collective18CollectiveEpilogueINS1B_19IntelXeGenericGroupEJSG_NS1C_16EpilogueTileAutoEfSL_fSL_NS1B_6fusion15FusionCallbacksIS1E_NS1G_17LinearCombinationIffffLNS_15FloatRoundStyleE2EEESG_S1F_JEEEvvEEENS0_14GroupSchedulerEvEE  compiled SIMD16 allocated 128 regs and spilled around 169

warning: kernel _ZTSN7cutlass4gemm6kernel13GemmUniversalINS0_17GroupProblemShapeIN4cute5tupleIJiiiEEEEENS0_10collective13CollectiveMmaINS0_23MainloopXeL1StagedGroupILi2ENS0_27KernelXePtrArrayCooperativeEEENS5_IJNS4_1CILi256EEESE_NSD_ILi32EEEEEENS_6half_tEPNS5_IJNSD_ILi1EEElNSD_ILi0EEEEEEaSL_NS4_8TiledMMAINS4_8MMA_AtomIJNS4_10XE_DPAS_TTILi8EfSH_SH_fEEEEENS4_6LayoutINS5_IJNSD_ILi8EEENSD_ILi4EEESI_EEENS5_IJST_SI_SJ_EEEEEKNS5_IJNSR_INS5_IJSS_SS_ST_EEENS5_IJSI_SF_SS_EEEEENSR_INS5_IJNSD_ILi16EEEST_ST_EEENS5_IJSI_NSD_ILi64EEES10_EEEEENSR_ISF_SI_EEEEEEEvvvNS4_8identityEvvvS19_EENS_8epilogue10collective18CollectiveEpilogueINS1B_19IntelXeGenericGroupEJSG_NS1C_16EpilogueTileAutoEfPNS5_IJlSI_SJ_EEEfS1H_NS1B_6fusion15FusionCallbacksIS1E_NS1I_17LinearCombinationIffffLNS_15FloatRoundStyleE2EEESG_S1F_JEEEvvEEENS0_14GroupSchedulerEvEE  compiled SIMD16 allocated 128 regs and spilled around 204

warning: kernel _ZTSN7cutlass4gemm6kernel13GemmUniversalINS0_17GroupProblemShapeIN4cute5tupleIJiiiEEEEENS0_10collective13CollectiveMmaINS0_23MainloopXeL1StagedGroupILi2ENS0_27KernelXePtrArrayCooperativeEEENS5_IJNS4_1CILi256EEESE_NSD_ILi32EEEEEENS_6half_tEPNS5_IJlNSD_ILi1EEENSD_ILi0EEEEEEaPNS5_IJSI_lSJ_EEENS4_8TiledMMAINS4_8MMA_AtomIJNS4_10XE_DPAS_TTILi8EfSH_SH_fEEEEENS4_6LayoutINS5_IJNSD_ILi8EEENSD_ILi4EEESI_EEENS5_IJSV_SI_SJ_EEEEEKNS5_IJNST_INS5_IJSU_SU_SV_EEENS5_IJSI_SF_SU_EEEEENST_INS5_IJNSD_ILi16EEESV_SV_EEENS5_IJSI_NSD_ILi64EEES12_EEEEENST_ISF_SI_EEEEEEEvvvNS4_8identityEvvvS1B_EENS_8epilogue10collective18CollectiveEpilogueINS1D_19IntelXeGenericGroupEJSG_NS1E_16EpilogueTileAutoEfSL_fSL_NS1D_6fusion15FusionCallbacksIS1G_NS1I_17LinearCombinationIffffLNS_15FloatRoundStyleE2EEESG_S1H_JEEEvvEEENS0_14GroupSchedulerEvEE  compiled SIMD16 allocated 128 regs and spilled around 205

Build succeeded.
Compilation from IR - skipping loading of FCL

warning: [RetryManager] Start recompilation of the kernel
in kernel: 'typeinfo name for cutlass::gemm::kernel::GemmUniversal<cutlass::gemm::GroupProblemShape<cute::tuple<int, int, int>>, cutlass::gemm::collective::CollectiveMma<cutlass::gemm::MainloopXeL1StagedGroup<2, cutlass::gemm::KernelXePtrArrayCooperative>, cute::tuple<cute::C<256>, cute::C<256>, cute::C<32>>, cutlass::half_t, cute::tuple<long, cute::C<1>, cute::C<0>>*, cutlass::float_e5m2_t, cute::tuple<cute::C<1>, long, cute::C<0>>*, cute::TiledMMA<cute::MMA_Atom<cute::XE_DPAS_TT<8, float, cutlass::half_t, cutlass::half_t, float>>, cute::Layout<cute::tuple<cute::C<8>, cute::C<4>, cute::C<1>>, cute::tuple<cute::C<4>, cute::C<1>, cute::C<0>>>, cute::tuple<cute::Layout<cute::tuple<cute::C<8>, cute::C<8>, cute::C<4>>, cute::tuple<cute::C<1>, cute::C<32>, cute::C<8>>>, cute::Layout<cute::tuple<cute::C<16>, cute::C<4>, cute::C<4>>, cute::tuple<cute::C<1>, cute::C<64>, cute::C<16>>>, cute::Layout<cute::C<32>, cute::C<1>>> const>, void, void, void, cute::identity, void, void, void, cute::identity>, cutlass::epilogue::collective::CollectiveEpilogue<cutlass::epilogue::IntelXeGenericGroup, cute::tuple<cute::C<256>, cute::C<256>, cute::C<32>>, cutlass::epilogue::collective::EpilogueTileAuto, float, cute::tuple<long, cute::C<1>, cute::C<0>>*, float, cute::tuple<long, cute::C<1>, cute::C<0>>*, cutlass::epilogue::fusion::FusionCallbacks<cutlass::epilogue::IntelXeGenericGroup, cutlass::epilogue::fusion::LinearCombination<float, float, float, float, (cutlass::FloatRoundStyle)2>, cute::tuple<cute::C<256>, cute::C<256>, cute::C<32>>, cutlass::epilogue::collective::EpilogueTileAuto>, void, void>, cutlass::gemm::GroupScheduler, void>'

warning: kernel _ZTSN7cutlass4gemm6kernel13GemmUniversalINS0_17GroupProblemShapeIN4cute5tupleIJiiiEEEEENS0_10collective13CollectiveMmaINS0_23MainloopXeL1StagedGroupILi2ENS0_27KernelXePtrArrayCooperativeEEENS5_IJNS4_1CILi256EEESE_NSD_ILi32EEEEEENS_6half_tEPNS5_IJNSD_ILi1EEElNSD_ILi0EEEEEENS_12float_e5m2_tEPNS5_IJlSI_SJ_EEENS4_8TiledMMAINS4_8MMA_AtomIJNS4_10XE_DPAS_TTILi8EfSH_SH_fEEEEENS4_6LayoutINS5_IJNSD_ILi8EEENSD_ILi4EEESI_EEENS5_IJSW_SI_SJ_EEEEEKNS5_IJNSU_INS5_IJSV_SV_SW_EEENS5_IJSI_SF_SV_EEEEENSU_INS5_IJNSD_ILi16EEESW_SW_EEENS5_IJSI_NSD_ILi64EEES13_EEEEENSU_ISF_SI_EEEEEEEvvvNS4_8identityEvvvS1C_EENS_8epilogue10collective18CollectiveEpilogueINS1E_19IntelXeGenericGroupEJSG_NS1F_16EpilogueTileAutoEfSO_fSO_NS1E_6fusion15FusionCallbacksIS1H_NS1J_17LinearCombinationIffffLNS_15FloatRoundStyleE2EEESG_S1I_JEEEvvEEENS0_14GroupSchedulerEvEE  compiled SIMD16 allocated 128 regs and spilled around 181

warning: kernel _ZTSN7cutlass4gemm6kernel13GemmUniversalINS0_17GroupProblemShapeIN4cute5tupleIJiiiEEEEENS0_10collective13CollectiveMmaINS0_23MainloopXeL1StagedGroupILi2ENS0_27KernelXePtrArrayCooperativeEEENS5_IJNS4_1CILi256EEESE_NSD_ILi32EEEEEENS_6half_tEPNS5_IJlNSD_ILi1EEENSD_ILi0EEEEEENS_12float_e5m2_tESL_NS4_8TiledMMAINS4_8MMA_AtomIJNS4_10XE_DPAS_TTILi8EfSH_SH_fEEEEENS4_6LayoutINS5_IJNSD_ILi8EEENSD_ILi4EEESI_EEENS5_IJSU_SI_SJ_EEEEEKNS5_IJNSS_INS5_IJST_ST_SU_EEENS5_IJSI_SF_ST_EEEEENSS_INS5_IJNSD_ILi16EEESU_SU_EEENS5_IJSI_NSD_ILi64EEES11_EEEEENSS_ISF_SI_EEEEEEEvvvNS4_8identityEvvvS1A_EENS_8epilogue10collective18CollectiveEpilogueINS1C_19IntelXeGenericGroupEJSG_NS1D_16EpilogueTileAutoEfSL_fSL_NS1C_6fusion15FusionCallbacksIS1F_NS1H_17LinearCombinationIffffLNS_15FloatRoundStyleE2EEESG_S1G_JEEEvvEEENS0_14GroupSchedulerEvEE  compiled SIMD16 allocated 128 regs and spilled around 169

warning: kernel _ZTSN7cutlass4gemm6kernel13GemmUniversalINS0_17GroupProblemShapeIN4cute5tupleIJiiiEEEEENS0_10collective13CollectiveMmaINS0_23MainloopXeL1StagedGroupILi2ENS0_27KernelXePtrArrayCooperativeEEENS5_IJNS4_1CILi256EEESE_NSD_ILi32EEEEEENS_6half_tEPNS5_IJNSD_ILi1EEElNSD_ILi0EEEEEENS_12float_e5m2_tESL_NS4_8TiledMMAINS4_8MMA_AtomIJNS4_10XE_DPAS_TTILi8EfSH_SH_fEEEEENS4_6LayoutINS5_IJNSD_ILi8EEENSD_ILi4EEESI_EEENS5_IJSU_SI_SJ_EEEEEKNS5_IJNSS_INS5_IJST_ST_SU_EEENS5_IJSI_SF_ST_EEEEENSS_INS5_IJNSD_ILi16EEESU_SU_EEENS5_IJSI_NSD_ILi64EEES11_EEEEENSS_ISF_SI_EEEEEEEvvvNS4_8identityEvvvS1A_EENS_8epilogue10collective18CollectiveEpilogueINS1C_19IntelXeGenericGroupEJSG_NS1D_16EpilogueTileAutoEfPNS5_IJlSI_SJ_EEEfS1I_NS1C_6fusion15FusionCallbacksIS1F_NS1J_17LinearCombinationIffffLNS_15FloatRoundStyleE2EEESG_S1G_JEEEvvEEENS0_14GroupSchedulerEvEE  compiled SIMD16 allocated 128 regs and spilled around 204

warning: kernel _ZTSN7cutlass4gemm6kernel13GemmUniversalINS0_17GroupProblemShapeIN4cute5tupleIJiiiEEEEENS0_10collective13CollectiveMmaINS0_23MainloopXeL1StagedGroupILi2ENS0_27KernelXePtrArrayCooperativeEEENS5_IJNS4_1CILi256EEESE_NSD_ILi32EEEEEENS_6half_tEPNS5_IJlNSD_ILi1EEENSD_ILi0EEEEEENS_12float_e5m2_tEPNS5_IJSI_lSJ_EEENS4_8TiledMMAINS4_8MMA_AtomIJNS4_10XE_DPAS_TTILi8EfSH_SH_fEEEEENS4_6LayoutINS5_IJNSD_ILi8EEENSD_ILi4EEESI_EEENS5_IJSW_SI_SJ_EEEEEKNS5_IJNSU_INS5_IJSV_SV_SW_EEENS5_IJSI_SF_SV_EEEEENSU_INS5_IJNSD_ILi16EEESW_SW_EEENS5_IJSI_NSD_ILi64EEES13_EEEEENSU_ISF_SI_EEEEEEEvvvNS4_8identityEvvvS1C_EENS_8epilogue10collective18CollectiveEpilogueINS1E_19IntelXeGenericGroupEJSG_NS1F_16EpilogueTileAutoEfSL_fSL_NS1E_6fusion15FusionCallbacksIS1H_NS1J_17LinearCombinationIffffLNS_15FloatRoundStyleE2EEESG_S1I_JEEEvvEEENS0_14GroupSchedulerEvEE  compiled SIMD16 allocated 128 regs and spilled around 205

Build succeeded.
Compilation from IR - skipping loading of FCL

warning: [RetryManager] Start recompilation of the kernel
in kernel: 'typeinfo name for cutlass::gemm::kernel::GemmUniversal<cutlass::gemm::GroupProblemShape<cute::tuple<int, int, int>>, cutlass::gemm::collective::CollectiveMma<cutlass::gemm::MainloopXeL1StagedGroup<2, cutlass::gemm::KernelXePtrArrayCooperative>, cute::tuple<cute::C<256>, cute::C<256>, cute::C<32>>, cutlass::bfloat16_t, cute::tuple<long, cute::C<1>, cute::C<0>>*, cutlass::integer_subbyte<4, false>, cute::tuple<cute::C<1>, long, cute::C<0>>*, cute::TiledMMA<cute::MMA_Atom<cute::XE_DPAS_TT<8, float, cutlass::bfloat16_t, cutlass::bfloat16_t, float>>, cute::Layout<cute::tuple<cute::C<8>, cute::C<4>, cute::C<1>>, cute::tuple<cute::C<4>, cute::C<1>, cute::C<0>>>, cute::tuple<cute::Layout<cute::tuple<cute::C<8>, cute::C<8>, cute::C<4>>, cute::tuple<cute::C<1>, cute::C<32>, cute::C<8>>>, cute::Layout<cute::tuple<cute::C<16>, cute::C<4>, cute::C<4>>, cute::tuple<cute::C<1>, cute::C<64>, cute::C<16>>>, cute::Layout<cute::C<32>, cute::C<1>>> const>, void, void, void, cute::identity, void, void, void, cute::identity>, cutlass::epilogue::collective::CollectiveEpilogue<cutlass::epilogue::IntelXeGenericGroup, cute::tuple<cute::C<256>, cute::C<256>, cute::C<32>>, cutlass::epilogue::collective::EpilogueTileAuto, float, cute::tuple<long, cute::C<1>, cute::C<0>>*, float, cute::tuple<long, cute::C<1>, cute::C<0>>*, cutlass::epilogue::fusion::FusionCallbacks<cutlass::epilogue::IntelXeGenericGroup, cutlass::epilogue::fusion::LinearCombination<float, float, float, float, (cutlass::FloatRoundStyle)2>, cute::tuple<cute::C<256>, cute::C<256>, cute::C<32>>, cutlass::epilogue::collective::EpilogueTileAuto>, void, void>, cutlass::gemm::GroupScheduler, void>'

warning: kernel _ZTSN7cutlass4gemm6kernel13GemmUniversalINS0_17GroupProblemShapeIN4cute5tupleIJiiiEEEEENS0_10collective13CollectiveMmaINS0_23MainloopXeL1StagedGroupILi2ENS0_27KernelXePtrArrayCooperativeEEENS5_IJNS4_1CILi256EEESE_NSD_ILi32EEEEEENS_10bfloat16_tEPNS5_IJNSD_ILi1EEElNSD_ILi0EEEEEENS_15integer_subbyteILi4ELb0EEEPNS5_IJlSI_SJ_EEENS4_8TiledMMAINS4_8MMA_AtomIJNS4_10XE_DPAS_TTILi8EfSH_SH_fEEEEENS4_6LayoutINS5_IJNSD_ILi8EEENSD_ILi4EEESI_EEENS5_IJSX_SI_SJ_EEEEEKNS5_IJNSV_INS5_IJSW_SW_SX_EEENS5_IJSI_SF_SW_EEEEENSV_INS5_IJNSD_ILi16EEESX_SX_EEENS5_IJSI_NSD_ILi64EEES14_EEEEENSV_ISF_SI_EEEEEEEvvvNS4_8identityEvvvS1D_EENS_8epilogue10collective18CollectiveEpilogueINS1F_19IntelXeGenericGroupEJSG_NS1G_16EpilogueTileAutoEfSP_fSP_NS1F_6fusion15FusionCallbacksIS1I_NS1K_17LinearCombinationIffffLNS_15FloatRoundStyleE2EEESG_S1J_JEEEvvEEENS0_14GroupSchedulerEvEE  compiled SIMD16 allocated 128 regs and spilled around 178

warning: kernel _ZTSN7cutlass4gemm6kernel13GemmUniversalINS0_17GroupProblemShapeIN4cute5tupleIJiiiEEEEENS0_10collective13CollectiveMmaINS0_23MainloopXeL1StagedGroupILi2ENS0_27KernelXePtrArrayCooperativeEEENS5_IJNS4_1CILi256EEESE_NSD_ILi32EEEEEENS_10bfloat16_tEPNS5_IJlNSD_ILi1EEENSD_ILi0EEEEEENS_15integer_subbyteILi4ELb0EEESL_NS4_8TiledMMAINS4_8MMA_AtomIJNS4_10XE_DPAS_TTILi8EfSH_SH_fEEEEENS4_6LayoutINS5_IJNSD_ILi8EEENSD_ILi4EEESI_EEENS5_IJSV_SI_SJ_EEEEEKNS5_IJNST_INS5_IJSU_SU_SV_EEENS5_IJSI_SF_SU_EEEEENST_INS5_IJNSD_ILi16EEESV_SV_EEENS5_IJSI_NSD_ILi64EEES12_EEEEENST_ISF_SI_EEEEEEEvvvNS4_8identityEvvvS1B_EENS_8epilogue10collective18CollectiveEpilogueINS1D_19IntelXeGenericGroupEJSG_NS1E_16EpilogueTileAutoEfSL_fSL_NS1D_6fusion15FusionCallbacksIS1G_NS1I_17LinearCombinationIffffLNS_15FloatRoundStyleE2EEESG_S1H_JEEEvvEEENS0_14GroupSchedulerEvEE  compiled SIMD16 allocated 128 regs and spilled around 171

warning: kernel _ZTSN7cutlass4gemm6kernel13GemmUniversalINS0_17GroupProblemShapeIN4cute5tupleIJiiiEEEEENS0_10collective13CollectiveMmaINS0_23MainloopXeL1StagedGroupILi2ENS0_27KernelXePtrArrayCooperativeEEENS5_IJNS4_1CILi256EEESE_NSD_ILi32EEEEEENS_10bfloat16_tEPNS5_IJNSD_ILi1EEElNSD_ILi0EEEEEENS_15integer_subbyteILi4ELb0EEESL_NS4_8TiledMMAINS4_8MMA_AtomIJNS4_10XE_DPAS_TTILi8EfSH_SH_fEEEEENS4_6LayoutINS5_IJNSD_ILi8EEENSD_ILi4EEESI_EEENS5_IJSV_SI_SJ_EEEEEKNS5_IJNST_INS5_IJSU_SU_SV_EEENS5_IJSI_SF_SU_EEEEENST_INS5_IJNSD_ILi16EEESV_SV_EEENS5_IJSI_NSD_ILi64EEES12_EEEEENST_ISF_SI_EEEEEEEvvvNS4_8identityEvvvS1B_EENS_8epilogue10collective18CollectiveEpilogueINS1D_19IntelXeGenericGroupEJSG_NS1E_16EpilogueTileAutoEfPNS5_IJlSI_SJ_EEEfS1J_NS1D_6fusion15FusionCallbacksIS1G_NS1K_17LinearCombinationIffffLNS_15FloatRoundStyleE2EEESG_S1H_JEEEvvEEENS0_14GroupSchedulerEvEE  compiled SIMD16 allocated 128 regs and spilled around 179

warning: kernel _ZTSN7cutlass4gemm6kernel13GemmUniversalINS0_17GroupProblemShapeIN4cute5tupleIJiiiEEEEENS0_10collective13CollectiveMmaINS0_23MainloopXeL1StagedGroupILi2ENS0_27KernelXePtrArrayCooperativeEEENS5_IJNS4_1CILi256EEESE_NSD_ILi32EEEEEENS_10bfloat16_tEPNS5_IJlNSD_ILi1EEENSD_ILi0EEEEEENS_15integer_subbyteILi4ELb0EEEPNS5_IJSI_lSJ_EEENS4_8TiledMMAINS4_8MMA_AtomIJNS4_10XE_DPAS_TTILi8EfSH_SH_fEEEEENS4_6LayoutINS5_IJNSD_ILi8EEENSD_ILi4EEESI_EEENS5_IJSX_SI_SJ_EEEEEKNS5_IJNSV_INS5_IJSW_SW_SX_EEENS5_IJSI_SF_SW_EEEEENSV_INS5_IJNSD_ILi16EEESX_SX_EEENS5_IJSI_NSD_ILi64EEES14_EEEEENSV_ISF_SI_EEEEEEEvvvNS4_8identityEvvvS1D_EENS_8epilogue10collective18CollectiveEpilogueINS1F_19IntelXeGenericGroupEJSG_NS1G_16EpilogueTileAutoEfSL_fSL_NS1F_6fusion15FusionCallbacksIS1I_NS1K_17LinearCombinationIffffLNS_15FloatRoundStyleE2EEESG_S1J_JEEEvvEEENS0_14GroupSchedulerEvEE  compiled SIMD16 allocated 128 regs and spilled around 168

Build succeeded.
Compilation from IR - skipping loading of FCL
Build succeeded.
Compilation from IR - skipping loading of FCL

warning: [RetryManager] Start recompilation of the kernel
in kernel: 'typeinfo name for cutlass::gemm::kernel::GemmUniversal<cutlass::gemm::GroupProblemShape<cute::tuple<int, int, int>>, cutlass::gemm::collective::CollectiveMma<cutlass::gemm::MainloopXeL1StagedGroup<2, cutlass::gemm::KernelXePtrArrayCooperative>, cute::tuple<cute::C<256>, cute::C<256>, cute::C<32>>, cutlass::bfloat16_t, cute::tuple<long, cute::C<1>, cute::C<0>>*, signed char, cute::tuple<cute::C<1>, long, cute::C<0>>*, cute::TiledMMA<cute::MMA_Atom<cute::XE_DPAS_TT<8, float, cutlass::bfloat16_t, cutlass::bfloat16_t, float>>, cute::Layout<cute::tuple<cute::C<8>, cute::C<4>, cute::C<1>>, cute::tuple<cute::C<4>, cute::C<1>, cute::C<0>>>, cute::tuple<cute::Layout<cute::tuple<cute::C<8>, cute::C<8>, cute::C<4>>, cute::tuple<cute::C<1>, cute::C<32>, cute::C<8>>>, cute::Layout<cute::tuple<cute::C<16>, cute::C<4>, cute::C<4>>, cute::tuple<cute::C<1>, cute::C<64>, cute::C<16>>>, cute::Layout<cute::C<32>, cute::C<1>>> const>, void, void, void, cute::identity, void, void, void, cute::identity>, cutlass::epilogue::collective::CollectiveEpilogue<cutlass::epilogue::IntelXeGenericGroup, cute::tuple<cute::C<256>, cute::C<256>, cute::C<32>>, cutlass::epilogue::collective::EpilogueTileAuto, float, cute::tuple<long, cute::C<1>, cute::C<0>>*, float, cute::tuple<long, cute::C<1>, cute::C<0>>*, cutlass::epilogue::fusion::FusionCallbacks<cutlass::epilogue::IntelXeGenericGroup, cutlass::epilogue::fusion::LinearCombination<float, float, float, float, (cutlass::FloatRoundStyle)2>, cute::tuple<cute::C<256>, cute::C<256>, cute::C<32>>, cutlass::epilogue::collective::EpilogueTileAuto>, void, void>, cutlass::gemm::GroupScheduler, void>'

warning: kernel _ZTSN7cutlass4gemm6kernel13GemmUniversalINS0_17GroupProblemShapeIN4cute5tupleIJiiiEEEEENS0_10collective13CollectiveMmaINS0_23MainloopXeL1StagedGroupILi2ENS0_27KernelXePtrArrayCooperativeEEENS5_IJNS4_1CILi256EEESE_NSD_ILi32EEEEEENS_10bfloat16_tEPNS5_IJNSD_ILi1EEElNSD_ILi0EEEEEEaPNS5_IJlSI_SJ_EEENS4_8TiledMMAINS4_8MMA_AtomIJNS4_10XE_DPAS_TTILi8EfSH_SH_fEEEEENS4_6LayoutINS5_IJNSD_ILi8EEENSD_ILi4EEESI_EEENS5_IJSV_SI_SJ_EEEEEKNS5_IJNST_INS5_IJSU_SU_SV_EEENS5_IJSI_SF_SU_EEEEENST_INS5_IJNSD_ILi16EEESV_SV_EEENS5_IJSI_NSD_ILi64EEES12_EEEEENST_ISF_SI_EEEEEEEvvvNS4_8identityEvvvS1B_EENS_8epilogue10collective18CollectiveEpilogueINS1D_19IntelXeGenericGroupEJSG_NS1E_16EpilogueTileAutoEfSN_fSN_NS1D_6fusion15FusionCallbacksIS1G_NS1I_17LinearCombinationIffffLNS_15FloatRoundStyleE2EEESG_S1H_JEEEvvEEENS0_14GroupSchedulerEvEE  compiled SIMD16 allocated 128 regs and spilled around 182

warning: kernel _ZTSN7cutlass4gemm6kernel13GemmUniversalINS0_17GroupProblemShapeIN4cute5tupleIJiiiEEEEENS0_10collective13CollectiveMmaINS0_23MainloopXeL1StagedGroupILi2ENS0_27KernelXePtrArrayCooperativeEEENS5_IJNS4_1CILi256EEESE_NSD_ILi32EEEEEENS_10bfloat16_tEPNS5_IJlNSD_ILi1EEENSD_ILi0EEEEEEaSL_NS4_8TiledMMAINS4_8MMA_AtomIJNS4_10XE_DPAS_TTILi8EfSH_SH_fEEEEENS4_6LayoutINS5_IJNSD_ILi8EEENSD_ILi4EEESI_EEENS5_IJST_SI_SJ_EEEEEKNS5_IJNSR_INS5_IJSS_SS_ST_EEENS5_IJSI_SF_SS_EEEEENSR_INS5_IJNSD_ILi16EEEST_ST_EEENS5_IJSI_NSD_ILi64EEES10_EEEEENSR_ISF_SI_EEEEEEEvvvNS4_8identityEvvvS19_EENS_8epilogue10collective18CollectiveEpilogueINS1B_19IntelXeGenericGroupEJSG_NS1C_16EpilogueTileAutoEfSL_fSL_NS1B_6fusion15FusionCallbacksIS1E_NS1G_17LinearCombinationIffffLNS_15FloatRoundStyleE2EEESG_S1F_JEEEvvEEENS0_14GroupSchedulerEvEE  compiled SIMD16 allocated 128 regs and spilled around 170

warning: kernel _ZTSN7cutlass4gemm6kernel13GemmUniversalINS0_17GroupProblemShapeIN4cute5tupleIJiiiEEEEENS0_10collective13CollectiveMmaINS0_23MainloopXeL1StagedGroupILi2ENS0_27KernelXePtrArrayCooperativeEEENS5_IJNS4_1CILi256EEESE_NSD_ILi32EEEEEENS_10bfloat16_tEPNS5_IJNSD_ILi1EEElNSD_ILi0EEEEEEaSL_NS4_8TiledMMAINS4_8MMA_AtomIJNS4_10XE_DPAS_TTILi8EfSH_SH_fEEEEENS4_6LayoutINS5_IJNSD_ILi8EEENSD_ILi4EEESI_EEENS5_IJST_SI_SJ_EEEEEKNS5_IJNSR_INS5_IJSS_SS_ST_EEENS5_IJSI_SF_SS_EEEEENSR_INS5_IJNSD_ILi16EEEST_ST_EEENS5_IJSI_NSD_ILi64EEES10_EEEEENSR_ISF_SI_EEEEEEEvvvNS4_8identityEvvvS19_EENS_8epilogue10collective18CollectiveEpilogueINS1B_19IntelXeGenericGroupEJSG_NS1C_16EpilogueTileAutoEfPNS5_IJlSI_SJ_EEEfS1H_NS1B_6fusion15FusionCallbacksIS1E_NS1I_17LinearCombinationIffffLNS_15FloatRoundStyleE2EEESG_S1F_JEEEvvEEENS0_14GroupSchedulerEvEE  compiled SIMD16 allocated 128 regs and spilled around 205

warning: kernel _ZTSN7cutlass4gemm6kernel13GemmUniversalINS0_17GroupProblemShapeIN4cute5tupleIJiiiEEEEENS0_10collective13CollectiveMmaINS0_23MainloopXeL1StagedGroupILi2ENS0_27KernelXePtrArrayCooperativeEEENS5_IJNS4_1CILi256EEESE_NSD_ILi32EEEEEENS_10bfloat16_tEPNS5_IJlNSD_ILi1EEENSD_ILi0EEEEEEaPNS5_IJSI_lSJ_EEENS4_8TiledMMAINS4_8MMA_AtomIJNS4_10XE_DPAS_TTILi8EfSH_SH_fEEEEENS4_6LayoutINS5_IJNSD_ILi8EEENSD_ILi4EEESI_EEENS5_IJSV_SI_SJ_EEEEEKNS5_IJNST_INS5_IJSU_SU_SV_EEENS5_IJSI_SF_SU_EEEEENST_INS5_IJNSD_ILi16EEESV_SV_EEENS5_IJSI_NSD_ILi64EEES12_EEEEENST_ISF_SI_EEEEEEEvvvNS4_8identityEvvvS1B_EENS_8epilogue10collective18CollectiveEpilogueINS1D_19IntelXeGenericGroupEJSG_NS1E_16EpilogueTileAutoEfSL_fSL_NS1D_6fusion15FusionCallbacksIS1G_NS1I_17LinearCombinationIffffLNS_15FloatRoundStyleE2EEESG_S1H_JEEEvvEEENS0_14GroupSchedulerEvEE  compiled SIMD16 allocated 128 regs and spilled around 183

Build succeeded.
[664/738] Building CXX object examples/06_bmg_flash_attention/CMakeFiles/06_xe_fmha_fwd_prefill_float_e4m3_t_hdim96.dir/06_xe_fmha_fwd.cpp.o
[665/738] Building CXX object examples/06_bmg_flash_attention/CMakeFiles/06_xe_fmha_fwd_prefill_bfloat16_t_hdim128.dir/06_xe_fmha_fwd.cpp.o
[666/738] Building CXX object examples/06_bmg_flash_attention/CMakeFiles/06_xe_fmha_fwd_prefill_float_e4m3_t_hdim128.dir/06_xe_fmha_fwd.cpp.o
[667/738] Linking CXX executable test/unit/gemm/device/cutlass_test_unit_gemm_device_tensorop_xe
warning: Undefined function _Z44intel_sub_group_2d_block_prefetch_8b_8r32x2cPU3AS1viiiDv2_i found in /tmp/icpx-f01bb71073/filter_architecture-618bf3.bc. This may result in runtime errors.
warning: Undefined function _Z44intel_sub_group_2d_block_prefetch_8b_4r32x2cPU3AS1viiiDv2_i found in /tmp/icpx-f01bb71073/filter_architecture-618bf3.bc. This may result in runtime errors.
warning: Undefined function _Z44intel_sub_group_2d_block_prefetch_8b_8r32x2cPU3AS1viiiDv2_i found in /tmp/icpx-f01bb71073/filter_architecture-618bf3.bc. This may result in runtime errors.
warning: Undefined function _Z44intel_sub_group_2d_block_prefetch_8b_4r32x2cPU3AS1viiiDv2_i found in /tmp/icpx-f01bb71073/filter_architecture-618bf3.bc. This may result in runtime errors.
warning: Undefined function _Z44intel_sub_group_2d_block_prefetch_8b_8r32x2cPU3AS1viiiDv2_i found in /tmp/icpx-f01bb71073/filter_architecture-618bf3.bc. This may result in runtime errors.
warning: Undefined function _Z44intel_sub_group_2d_block_prefetch_8b_4r32x2cPU3AS1viiiDv2_i found in /tmp/icpx-f01bb71073/filter_architecture-618bf3.bc. This may result in runtime errors.
warning: Undefined function _Z44intel_sub_group_2d_block_prefetch_8b_8r32x2cPU3AS1viiiDv2_i found in /tmp/icpx-f01bb71073/filter_architecture-618bf3.bc. This may result in runtime errors.
warning: Undefined function _Z44intel_sub_group_2d_block_prefetch_8b_4r32x2cPU3AS1viiiDv2_i found in /tmp/icpx-f01bb71073/filter_architecture-618bf3.bc. This may result in runtime errors.
Compilation from IR - skipping loading of FCL

warning: [RetryManager] Start recompilation of the kernel
in kernel: 'typeinfo name for cutlass::gemm::kernel::GemmUniversal<cute::tuple<int, int, int, int>, cutlass::gemm::collective::CollectiveMma<cutlass::gemm::MainloopIntelXeXMX16<3, cutlass::gemm::KernelXe>, cute::tuple<cute::C<256>, cute::C<256>, cute::C<32>>, signed char, cute::tuple<long, cute::C<1>, long>, signed char, cute::tuple<cute::C<1>, long, long>, cute::TiledMMA<cute::MMA_Atom<cute::XE_8x16x32_S32S8S8S32_TT>, cute::Layout<cute::tuple<cute::C<8>, cute::C<4>, cute::C<1>>, cute::tuple<cute::C<4>, cute::C<1>, cute::C<0>>>, cute::tuple<cute::Layout<cute::tuple<cute::C<8>, cute::C<8>, cute::C<4>>, cute::tuple<cute::C<1>, cute::C<32>, cute::C<8>>>, cute::Layout<cute::tuple<cute::C<16>, cute::C<4>, cute::C<4>>, cute::tuple<cute::C<1>, cute::C<64>, cute::C<16>>>, cute::Layout<cute::C<32>, cute::C<1>>> const>, cute::XE_2D_Packed_U8x32x32_LD_N, void, void, cute::identity, cute::XE_2D_U8x32x32_LD_V, void, void, cute::identity>, cutlass::epilogue::collective::CollectiveEpilogue<cutlass::epilogue::IntelXeXMX16, cute::tuple<cute::C<256>, cute::C<256>, cute::C<32>>, int, cute::tuple<long, cute::C<1>, long>, int, cute::tuple<long, cute::C<1>, long>, cutlass::epilogue::fusion::FusionCallbacks<cutlass::epilogue::IntelXeXMX16, cutlass::epilogue::fusion::LinearCombination<int, int, int, int, (cutlass::FloatRoundStyle)2>, cute::tuple<cute::C<256>, cute::C<256>, cute::C<32>>, cute::tuple<cute::C<256>, cute::C<256>, cute::C<32>>>, cute::XE_2D_U32x8x16_LD_N, void, void, cute::XE_2D_U32x8x16_ST_N, void, void>, void, void>'

warning: kernel _ZTSN7cutlass4gemm6kernel13GemmUniversalIN4cute5tupleIJiiiiEEENS0_10collective13CollectiveMmaINS0_20MainloopIntelXeXMX16ILi3ENS0_8KernelXeEEENS4_IJNS3_1CILi256EEESC_NSB_ILi32EEEEEEaNS4_IJlNSB_ILi1EEElEEEaNS4_IJSF_llEEENS3_8TiledMMAINS3_8MMA_AtomIJNS3_24XE_8x16x32_S32S8S8S32_TTEEEENS3_6LayoutINS4_IJNSB_ILi8EEENSB_ILi4EEESF_EEENS4_IJSO_SF_NSB_ILi0EEEEEEEEKNS4_IJNSM_INS4_IJSN_SN_SO_EEENS4_IJSF_SD_SN_EEEEENSM_INS4_IJNSB_ILi16EEESO_SO_EEENS4_IJSF_NSB_ILi64EEESW_EEEEENSM_ISD_SF_EEEEEEENS3_26XE_2D_Packed_U8x32x32_LD_NEvvNS3_8identityENS3_19XE_2D_U8x32x32_LD_VEvvS16_EENS_8epilogue10collective18CollectiveEpilogueINS19_12IntelXeXMX16EJSE_iSG_iSG_NS19_6fusion15FusionCallbacksIS1C_NS1D_17LinearCombinationIiiiiLNS_15FloatRoundStyleE2EEESE_SE_JEEENS3_19XE_2D_U32x8x16_LD_NEvvNS3_19XE_2D_U32x8x16_ST_NEvvEEEvvEE  compiled SIMD16 allocated 128 regs and spilled around 110

warning: kernel _ZTSN7cutlass4gemm6kernel13GemmUniversalIN4cute5tupleIJiiiiEEENS0_10collective13CollectiveMmaINS0_20MainloopIntelXeXMX16ILi3ENS0_8KernelXeEEENS4_IJNS3_1CILi256EEESC_NSB_ILi32EEEEEEaNS4_IJNSB_ILi1EEEllEEEaSG_NS3_8TiledMMAINS3_8MMA_AtomIJNS3_24XE_8x16x32_S32S8S8S32_TTEEEENS3_6LayoutINS4_IJNSB_ILi8EEENSB_ILi4EEESF_EEENS4_IJSN_SF_NSB_ILi0EEEEEEEEKNS4_IJNSL_INS4_IJSM_SM_SN_EEENS4_IJSF_SD_SM_EEEEENSL_INS4_IJNSB_ILi16EEESN_SN_EEENS4_IJSF_NSB_ILi64EEESV_EEEEENSL_ISD_SF_EEEEEEENS3_18XE_2D_U8x32x8_LD_TEvvNS3_8identityENS3_19XE_2D_U8x32x32_LD_VEvvS15_EENS_8epilogue10collective18CollectiveEpilogueINS18_12IntelXeXMX16EJSE_iNS4_IJlSF_lEEEiS1C_NS18_6fusion15FusionCallbacksIS1B_NS1D_17LinearCombinationIiiiiLNS_15FloatRoundStyleE2EEESE_SE_JEEENS3_19XE_2D_U32x8x16_LD_NEvvNS3_19XE_2D_U32x8x16_ST_NEvvEEEvvEE  compiled SIMD16 allocated 128 regs and spilled around 112

warning: kernel _ZTSN7cutlass4gemm6kernel13GemmUniversalIN4cute5tupleIJiiiiEEENS0_10collective13CollectiveMmaINS0_20MainloopIntelXeXMX16ILi3ENS0_8KernelXeEEENS4_IJNS3_1CILi256EEESC_NSB_ILi32EEEEEEaNS4_IJlNSB_ILi1EEElEEEaSG_NS3_8TiledMMAINS3_8MMA_AtomIJNS3_24XE_8x16x32_S32S8S8S32_TTEEEENS3_6LayoutINS4_IJNSB_ILi8EEENSB_ILi4EEESF_EEENS4_IJSN_SF_NSB_ILi0EEEEEEEEKNS4_IJNSL_INS4_IJSM_SM_SN_EEENS4_IJSF_SD_SM_EEEEENSL_INS4_IJNSB_ILi16EEESN_SN_EEENS4_IJSF_NSB_ILi64EEESV_EEEEENSL_ISD_SF_EEEEEEENS3_26XE_2D_Packed_U8x32x32_LD_NEvvNS3_8identityENS3_19XE_2D_U8x16x32_LD_TEvvS15_EENS_8epilogue10collective18CollectiveEpilogueINS18_12IntelXeXMX16EJSE_iSG_iSG_NS18_6fusion15FusionCallbacksIS1B_NS1C_17LinearCombinationIiiiiLNS_15FloatRoundStyleE2EEESE_SE_JEEENS3_19XE_2D_U32x8x16_LD_NEvvNS3_19XE_2D_U32x8x16_ST_NEvvEEEvvEE  compiled SIMD16 allocated 128 regs and spilled around 100

warning: kernel _ZTSN7cutlass4gemm6kernel13GemmUniversalIN4cute5tupleIJiiiiEEENS0_10collective13CollectiveMmaINS0_20MainloopIntelXeXMX16ILi3ENS0_8KernelXeEEENS4_IJNS3_1CILi256EEESC_NSB_ILi32EEEEEEaNS4_IJNSB_ILi1EEEllEEEaNS4_IJlSF_lEEENS3_8TiledMMAINS3_8MMA_AtomIJNS3_24XE_8x16x32_S32S8S8S32_TTEEEENS3_6LayoutINS4_IJNSB_ILi8EEENSB_ILi4EEESF_EEENS4_IJSO_SF_NSB_ILi0EEEEEEEEKNS4_IJNSM_INS4_IJSN_SN_SO_EEENS4_IJSF_SD_SN_EEEEENSM_INS4_IJNSB_ILi16EEESO_SO_EEENS4_IJSF_NSB_ILi64EEESW_EEEEENSM_ISD_SF_EEEEEEENS3_18XE_2D_U8x32x8_LD_TEvvNS3_8identityENS3_19XE_2D_U8x16x32_LD_TEvvS16_EENS_8epilogue10collective18CollectiveEpilogueINS19_12IntelXeXMX16EJSE_iSH_iSH_NS19_6fusion15FusionCallbacksIS1C_NS1D_17LinearCombinationIiiiiLNS_15FloatRoundStyleE2EEESE_SE_JEEENS3_19XE_2D_U32x8x16_LD_NEvvNS3_19XE_2D_U32x8x16_ST_NEvvEEEvvEE  compiled SIMD16 allocated 128 regs and spilled around 92

Build succeeded.
Compilation from IR - skipping loading of FCL

warning: [RetryManager] Start recompilation of the kernel
in kernel: 'typeinfo name for cutlass::gemm::kernel::GemmUniversal<cute::tuple<int, int, int, int>, cutlass::gemm::collective::CollectiveMma<cutlass::gemm::MainloopIntelXeXMX16MixedPrecision<3, cutlass::gemm::KernelXe>, cute::tuple<cute::C<256>, cute::C<256>, cute::C<32>>, cutlass::half_t, cute::tuple<long, cute::C<1>, long>, cute::tuple<signed char>, cute::tuple<cute::C<1>, long, long>, cute::TiledMMA<cute::MMA_Atom<cute::XE_8x16x16_F32F16F16F32_TT>, cute::Layout<cute::tuple<cute::C<8>, cute::C<4>, cute::C<1>>, cute::tuple<cute::C<4>, cute::C<1>, cute::C<0>>>, cute::tuple<cute::Layout<cute::tuple<cute::C<8>, cute::C<8>, cute::C<4>>, cute::tuple<cute::C<1>, cute::C<32>, cute::C<8>>>, cute::Layout<cute::tuple<cute::C<16>, cute::C<4>, cute::C<4>>, cute::tuple<cute::C<1>, cute::C<64>, cute::C<16>>>, cute::Layout<cute::C<32>, cute::C<1>>> const>, cute::XE_2D_U16x32x32_LD_N, void, void, cute::identity, cute::XE_2D_U8x32x32_LD_V, void, void, cute::identity>, cutlass::epilogue::collective::CollectiveEpilogue<cutlass::epilogue::IntelXeXMX16, cute::tuple<cute::C<256>, cute::C<256>, cute::C<32>>, float, cute::tuple<long, cute::C<1>, long>, float, cute::tuple<long, cute::C<1>, long>, cutlass::epilogue::fusion::FusionCallbacks<cutlass::epilogue::IntelXeXMX16, cutlass::epilogue::fusion::LinearCombination<float, float, float, float, (cutlass::FloatRoundStyle)2>, cute::tuple<cute::C<256>, cute::C<256>, cute::C<32>>, cute::tuple<cute::C<256>, cute::C<256>, cute::C<32>>>, cute::XE_2D_U32x8x16_LD_N, void, void, cute::XE_2D_U32x8x16_ST_N, void, void>, void, void>'

warning: kernel _ZTSN7cutlass4gemm6kernel13GemmUniversalIN4cute5tupleIJiiiiEEENS0_10collective13CollectiveMmaINS0_34MainloopIntelXeXMX16MixedPrecisionILi3ENS0_8KernelXeEEENS4_IJNS3_1CILi256EEESC_NSB_ILi32EEEEEENS_6half_tENS4_IJlNSB_ILi1EEElEEENS4_IJaEEENS4_IJSG_llEEENS3_8TiledMMAINS3_8MMA_AtomIJNS3_26XE_8x16x16_F32F16F16F32_TTEEEENS3_6LayoutINS4_IJNSB_ILi8EEENSB_ILi4EEESG_EEENS4_IJSQ_SG_NSB_ILi0EEEEEEEEKNS4_IJNSO_INS4_IJSP_SP_SQ_EEENS4_IJSG_SD_SP_EEEEENSO_INS4_IJNSB_ILi16EEESQ_SQ_EEENS4_IJSG_NSB_ILi64EEESY_EEEEENSO_ISD_SG_EEEEEEENS3_20XE_2D_U16x32x32_LD_NEvvNS3_8identityENS3_19XE_2D_U8x32x32_LD_VEvvS18_EENS_8epilogue10collective18CollectiveEpilogueINS1B_12IntelXeXMX16EJSE_fSH_fSH_NS1B_6fusion15FusionCallbacksIS1E_NS1F_17LinearCombinationIffffLNS_15FloatRoundStyleE2EEESE_SE_JEEENS3_19XE_2D_U32x8x16_LD_NEvvNS3_19XE_2D_U32x8x16_ST_NEvvEEEvvEE  compiled SIMD16 allocated 128 regs and spilled around 130

warning: kernel _ZTSN7cutlass4gemm6kernel13GemmUniversalIN4cute5tupleIJiiiiEEENS0_10collective13CollectiveMmaINS0_34MainloopIntelXeXMX16MixedPrecisionILi3ENS0_8KernelXeEEENS4_IJNS3_1CILi256EEESC_NSB_ILi32EEEEEENS_6half_tENS4_IJNSB_ILi1EEEllEEENS4_IJaEEESH_NS3_8TiledMMAINS3_8MMA_AtomIJNS3_26XE_8x16x16_F32F16F16F32_TTEEEENS3_6LayoutINS4_IJNSB_ILi8EEENSB_ILi4EEESG_EEENS4_IJSP_SG_NSB_ILi0EEEEEEEEKNS4_IJNSN_INS4_IJSO_SO_SP_EEENS4_IJSG_SD_SO_EEEEENSN_INS4_IJNSB_ILi16EEESP_SP_EEENS4_IJSG_NSB_ILi64EEESX_EEEEENSN_ISD_SG_EEEEEEENS3_20XE_2D_U16x16x16_LD_TEvvNS3_8identityENS3_19XE_2D_U8x32x32_LD_VEvvS17_EENS_8epilogue10collective18CollectiveEpilogueINS1A_12IntelXeXMX16EJSE_fNS4_IJlSG_lEEEfS1E_NS1A_6fusion15FusionCallbacksIS1D_NS1F_17LinearCombinationIffffLNS_15FloatRoundStyleE2EEESE_SE_JEEENS3_19XE_2D_U32x8x16_LD_NEvvNS3_19XE_2D_U32x8x16_ST_NEvvEEEvvEE  compiled SIMD16 allocated 128 regs and spilled around 150

warning: kernel _ZTSN7cutlass4gemm6kernel13GemmUniversalIN4cute5tupleIJiiiiEEENS0_10collective13CollectiveMmaINS0_34MainloopIntelXeXMX16MixedPrecisionILi3ENS0_8KernelXeEEENS4_IJNS3_1CILi256EEESC_NSB_ILi32EEEEEENS_6half_tENS4_IJlNSB_ILi1EEElEEENS4_IJaEEESH_NS3_8TiledMMAINS3_8MMA_AtomIJNS3_26XE_8x16x16_F32F16F16F32_TTEEEENS3_6LayoutINS4_IJNSB_ILi8EEENSB_ILi4EEESG_EEENS4_IJSP_SG_NSB_ILi0EEEEEEEEKNS4_IJNSN_INS4_IJSO_SO_SP_EEENS4_IJSG_SD_SO_EEEEENSN_INS4_IJNSB_ILi16EEESP_SP_EEENS4_IJSG_NSB_ILi64EEESX_EEEEENSN_ISD_SG_EEEEEEENS3_20XE_2D_U16x32x32_LD_NEvvNS3_8identityENS3_19XE_2D_U8x16x32_LD_TEvvS17_EENS_8epilogue10collective18CollectiveEpilogueINS1A_12IntelXeXMX16EJSE_fSH_fSH_NS1A_6fusion15FusionCallbacksIS1D_NS1E_17LinearCombinationIffffLNS_15FloatRoundStyleE2EEESE_SE_JEEENS3_19XE_2D_U32x8x16_LD_NEvvNS3_19XE_2D_U32x8x16_ST_NEvvEEEvvEE  compiled SIMD16 allocated 128 regs and spilled around 128

warning: kernel _ZTSN7cutlass4gemm6kernel13GemmUniversalIN4cute5tupleIJiiiiEEENS0_10collective13CollectiveMmaINS0_34MainloopIntelXeXMX16MixedPrecisionILi3ENS0_8KernelXeEEENS4_IJNS3_1CILi256EEESC_NSB_ILi32EEEEEENS_6half_tENS4_IJNSB_ILi1EEEllEEENS4_IJaEEENS4_IJlSG_lEEENS3_8TiledMMAINS3_8MMA_AtomIJNS3_26XE_8x16x16_F32F16F16F32_TTEEEENS3_6LayoutINS4_IJNSB_ILi8EEENSB_ILi4EEESG_EEENS4_IJSQ_SG_NSB_ILi0EEEEEEEEKNS4_IJNSO_INS4_IJSP_SP_SQ_EEENS4_IJSG_SD_SP_EEEEENSO_INS4_IJNSB_ILi16EEESQ_SQ_EEENS4_IJSG_NSB_ILi64EEESY_EEEEENSO_ISD_SG_EEEEEEENS3_20XE_2D_U16x16x16_LD_TEvvNS3_8identityENS3_19XE_2D_U8x16x32_LD_TEvvS18_EENS_8epilogue10collective18CollectiveEpilogueINS1B_12IntelXeXMX16EJSE_fSJ_fSJ_NS1B_6fusion15FusionCallbacksIS1E_NS1F_17LinearCombinationIffffLNS_15FloatRoundStyleE2EEESE_SE_JEEENS3_19XE_2D_U32x8x16_LD_NEvvNS3_19XE_2D_U32x8x16_ST_NEvvEEEvvEE  compiled SIMD16 allocated 128 regs and spilled around 139

Build succeeded.
Compilation from IR - skipping loading of FCL

warning: [RetryManager] Start recompilation of the kernel
in kernel: 'typeinfo name for cutlass::gemm::kernel::GemmUniversal<cute::tuple<int, int, int, int>, cutlass::gemm::collective::CollectiveMma<cutlass::gemm::MainloopXeL1Staged<3, cutlass::gemm::KernelXe>, cute::tuple<cute::C<256>, cute::C<256>, cute::C<32>>, cutlass::bfloat16_t, cute::tuple<long, cute::C<1>, long>, cutlass::bfloat16_t, cute::tuple<cute::C<1>, long, long>, cute::TiledMMA<cute::MMA_Atom<cute::XE_DPAS_TT<8, float, cutlass::bfloat16_t, cutlass::bfloat16_t, float>>, cute::Layout<cute::tuple<cute::C<8>, cute::C<4>, cute::C<1>>, cute::tuple<cute::C<4>, cute::C<1>, cute::C<0>>>, cute::tuple<cute::Layout<cute::tuple<cute::C<8>, cute::C<8>, cute::C<4>>, cute::tuple<cute::C<1>, cute::C<32>, cute::C<8>>>, cute::Layout<cute::tuple<cute::C<16>, cute::C<4>, cute::C<4>>, cute::tuple<cute::C<1>, cute::C<64>, cute::C<16>>>, cute::Layout<cute::C<32>, cute::C<1>>> const>, void, void, void, cute::identity, void, void, void, cute::identity>, cutlass::epilogue::collective::CollectiveEpilogue<cutlass::epilogue::IntelXeGeneric, cute::tuple<cute::C<256>, cute::C<256>, cute::C<32>>, cutlass::epilogue::collective::EpilogueTileAuto, float, cute::tuple<long, cute::C<1>, long>, cutlass::half_t, cute::tuple<long, cute::C<1>, long>, cutlass::epilogue::fusion::FusionCallbacks<cutlass::epilogue::IntelXeGeneric, cutlass::epilogue::fusion::LinearCombination<float, float, float, float, (cutlass::FloatRoundStyle)2>, cute::tuple<cute::C<256>, cute::C<256>, cute::C<32>>, cutlass::epilogue::collective::EpilogueTileAuto>, void, void>, void, void>'

warning: kernel _ZTSN7cutlass4gemm6kernel13GemmUniversalIN4cute5tupleIJiiiiEEENS0_10collective13CollectiveMmaINS0_18MainloopXeL1StagedILi3ENS0_8KernelXeEEENS4_IJNS3_1CILi256EEESC_NSB_ILi32EEEEEENS_10bfloat16_tENS4_IJlNSB_ILi1EEElEEESF_NS4_IJSG_llEEENS3_8TiledMMAINS3_8MMA_AtomIJNS3_10XE_DPAS_TTILi8EfSF_SF_fEEEEENS3_6LayoutINS4_IJNSB_ILi8EEENSB_ILi4EEESG_EEENS4_IJSQ_SG_NSB_ILi0EEEEEEEEKNS4_IJNSO_INS4_IJSP_SP_SQ_EEENS4_IJSG_SD_SP_EEEEENSO_INS4_IJNSB_ILi16EEESQ_SQ_EEENS4_IJSG_NSB_ILi64EEESY_EEEEENSO_ISD_SG_EEEEEEEvvvNS3_8identityEvvvS17_EENS_8epilogue10collective18CollectiveEpilogueINS19_14IntelXeGenericEJSE_NS1A_16EpilogueTileAutoEfSH_NS_6half_tESH_NS19_6fusion15FusionCallbacksIS1C_NS1F_17LinearCombinationIffffLNS_15FloatRoundStyleE2EEESE_S1D_JEEEvvEEEvvEE  compiled SIMD16 allocated 128 regs and spilled around 133

warning: kernel _ZTSN7cutlass4gemm6kernel13GemmUniversalIN4cute5tupleIJiiiiEEENS0_10collective13CollectiveMmaINS0_18MainloopXeL1StagedILi3ENS0_8KernelXeEEENS4_IJNS3_1CILi256EEESC_NSB_ILi32EEEEEENS_10bfloat16_tENS4_IJNSB_ILi1EEEllEEESF_SH_NS3_8TiledMMAINS3_8MMA_AtomIJNS3_10XE_DPAS_TTILi8EfSF_SF_fEEEEENS3_6LayoutINS4_IJNSB_ILi8EEENSB_ILi4EEESG_EEENS4_IJSP_SG_NSB_ILi0EEEEEEEEKNS4_IJNSN_INS4_IJSO_SO_SP_EEENS4_IJSG_SD_SO_EEEEENSN_INS4_IJNSB_ILi16EEESP_SP_EEENS4_IJSG_NSB_ILi64EEESX_EEEEENSN_ISD_SG_EEEEEEEvvvNS3_8identityEvvvS16_EENS_8epilogue10collective18CollectiveEpilogueINS18_14IntelXeGenericEJSE_NS19_16EpilogueTileAutoEfNS4_IJlSG_lEEENS_6half_tES1D_NS18_6fusion15FusionCallbacksIS1B_NS1F_17LinearCombinationIffffLNS_15FloatRoundStyleE2EEESE_S1C_JEEEvvEEEvvEE  compiled SIMD16 allocated 128 regs and spilled around 146

warning: kernel _ZTSN7cutlass4gemm6kernel13GemmUniversalIN4cute5tupleIJiiiiEEENS0_10collective13CollectiveMmaINS0_18MainloopXeL1StagedILi3ENS0_8KernelXeEEENS4_IJNS3_1CILi256EEESC_NSB_ILi32EEEEEENS_10bfloat16_tENS4_IJlNSB_ILi1EEElEEESF_SH_NS3_8TiledMMAINS3_8MMA_AtomIJNS3_10XE_DPAS_TTILi8EfSF_SF_fEEEEENS3_6LayoutINS4_IJNSB_ILi8EEENSB_ILi4EEESG_EEENS4_IJSP_SG_NSB_ILi0EEEEEEEEKNS4_IJNSN_INS4_IJSO_SO_SP_EEENS4_IJSG_SD_SO_EEEEENSN_INS4_IJNSB_ILi16EEESP_SP_EEENS4_IJSG_NSB_ILi64EEESX_EEEEENSN_ISD_SG_EEEEEEEvvvNS3_8identityEvvvS16_EENS_8epilogue10collective18CollectiveEpilogueINS18_14IntelXeGenericEJSE_NS19_16EpilogueTileAutoEfSH_NS_6half_tESH_NS18_6fusion15FusionCallbacksIS1B_NS1E_17LinearCombinationIffffLNS_15FloatRoundStyleE2EEESE_S1C_JEEEvvEEEvvEE  compiled SIMD16 allocated 128 regs and spilled around 142

warning: kernel _ZTSN7cutlass4gemm6kernel13GemmUniversalIN4cute5tupleIJiiiiEEENS0_10collective13CollectiveMmaINS0_18MainloopXeL1StagedILi3ENS0_8KernelXeEEENS4_IJNS3_1CILi256EEESC_NSB_ILi32EEEEEENS_10bfloat16_tENS4_IJNSB_ILi1EEEllEEESF_NS4_IJlSG_lEEENS3_8TiledMMAINS3_8MMA_AtomIJNS3_10XE_DPAS_TTILi8EfSF_SF_fEEEEENS3_6LayoutINS4_IJNSB_ILi8EEENSB_ILi4EEESG_EEENS4_IJSQ_SG_NSB_ILi0EEEEEEEEKNS4_IJNSO_INS4_IJSP_SP_SQ_EEENS4_IJSG_SD_SP_EEEEENSO_INS4_IJNSB_ILi16EEESQ_SQ_EEENS4_IJSG_NSB_ILi64EEESY_EEEEENSO_ISD_SG_EEEEEEEvvvNS3_8identityEvvvS17_EENS_8epilogue10collective18CollectiveEpilogueINS19_14IntelXeGenericEJSE_NS1A_16EpilogueTileAutoEfSI_NS_6half_tESI_NS19_6fusion15FusionCallbacksIS1C_NS1F_17LinearCombinationIffffLNS_15FloatRoundStyleE2EEESE_S1D_JEEEvvEEEvvEE  compiled SIMD16 allocated 128 regs and spilled around 150

Build succeeded.
Compilation from IR - skipping loading of FCL

warning: [RetryManager] Start recompilation of the kernel
in kernel: 'typeinfo name for cutlass::gemm::kernel::GemmUniversal<cute::tuple<int, int, int, int>, cutlass::gemm::collective::CollectiveMma<cutlass::gemm::MainloopXeL1Staged<3, cutlass::gemm::KernelXe>, cute::tuple<cute::C<256>, cute::C<256>, cute::C<32>>, cutlass::half_t, cute::tuple<long, cute::C<1>, long>, cutlass::half_t, cute::tuple<cute::C<1>, long, long>, cute::TiledMMA<cute::MMA_Atom<cute::XE_DPAS_TT<8, cutlass::half_t, cutlass::half_t, cutlass::half_t, cutlass::half_t>>, cute::Layout<cute::tuple<cute::C<8>, cute::C<4>, cute::C<1>>, cute::tuple<cute::C<4>, cute::C<1>, cute::C<0>>>, cute::tuple<cute::Layout<cute::tuple<cute::C<8>, cute::C<8>, cute::C<4>>, cute::tuple<cute::C<1>, cute::C<32>, cute::C<8>>>, cute::Layout<cute::tuple<cute::C<16>, cute::C<4>, cute::C<4>>, cute::tuple<cute::C<1>, cute::C<64>, cute::C<16>>>, cute::Layout<cute::C<32>, cute::C<1>>> const>, void, void, void, cute::identity, void, void, void, cute::identity>, cutlass::epilogue::collective::CollectiveEpilogue<cutlass::epilogue::IntelXeGeneric, cute::tuple<cute::C<256>, cute::C<256>, cute::C<32>>, cutlass::epilogue::collective::EpilogueTileAuto, cutlass::half_t, cute::tuple<long, cute::C<1>, long>, cutlass::half_t, cute::tuple<long, cute::C<1>, long>, cutlass::epilogue::fusion::FusionCallbacks<cutlass::epilogue::IntelXeGeneric, cutlass::epilogue::fusion::LinearCombination<cutlass::half_t, cutlass::half_t, cutlass::half_t, cutlass::half_t, (cutlass::FloatRoundStyle)2>, cute::tuple<cute::C<256>, cute::C<256>, cute::C<32>>, cutlass::epilogue::collective::EpilogueTileAuto>, void, void>, void, void>'

warning: kernel _ZTSN7cutlass4gemm6kernel13GemmUniversalIN4cute5tupleIJiiiiEEENS0_10collective13CollectiveMmaINS0_18MainloopXeL1StagedILi3ENS0_8KernelXeEEENS4_IJNS3_1CILi256EEESC_NSB_ILi32EEEEEENS_6half_tENS4_IJlNSB_ILi1EEElEEESF_NS4_IJSG_llEEENS3_8TiledMMAINS3_8MMA_AtomIJNS3_10XE_DPAS_TTILi8ESF_SF_SF_SF_EEEEENS3_6LayoutINS4_IJNSB_ILi8EEENSB_ILi4EEESG_EEENS4_IJSQ_SG_NSB_ILi0EEEEEEEEKNS4_IJNSO_INS4_IJSP_SP_SQ_EEENS4_IJSG_SD_SP_EEEEENSO_INS4_IJNSB_ILi16EEESQ_SQ_EEENS4_IJSG_NSB_ILi64EEESY_EEEEENSO_ISD_SG_EEEEEEEvvvNS3_8identityEvvvS17_EENS_8epilogue10collective18CollectiveEpilogueINS19_14IntelXeGenericEJSE_NS1A_16EpilogueTileAutoESF_SH_SF_SH_NS19_6fusion15FusionCallbacksIS1C_NS1E_17LinearCombinationISF_SF_SF_SF_LNS_15FloatRoundStyleE2EEESE_S1D_JEEEvvEEEvvEE  compiled SIMD16 allocated 128 regs and spilled around 58

warning: kernel _ZTSN7cutlass4gemm6kernel13GemmUniversalIN4cute5tupleIJiiiiEEENS0_10collective13CollectiveMmaINS0_18MainloopXeL1StagedILi3ENS0_8KernelXeEEENS4_IJNS3_1CILi256EEESC_NSB_ILi32EEEEEENS_6half_tENS4_IJNSB_ILi1EEEllEEESF_SH_NS3_8TiledMMAINS3_8MMA_AtomIJNS3_10XE_DPAS_TTILi8ESF_SF_SF_SF_EEEEENS3_6LayoutINS4_IJNSB_ILi8EEENSB_ILi4EEESG_EEENS4_IJSP_SG_NSB_ILi0EEEEEEEEKNS4_IJNSN_INS4_IJSO_SO_SP_EEENS4_IJSG_SD_SO_EEEEENSN_INS4_IJNSB_ILi16EEESP_SP_EEENS4_IJSG_NSB_ILi64EEESX_EEEEENSN_ISD_SG_EEEEEEEvvvNS3_8identityEvvvS16_EENS_8epilogue10collective18CollectiveEpilogueINS18_14IntelXeGenericEJSE_NS19_16EpilogueTileAutoESF_NS4_IJlSG_lEEESF_S1D_NS18_6fusion15FusionCallbacksIS1B_NS1E_17LinearCombinationISF_SF_SF_SF_LNS_15FloatRoundStyleE2EEESE_S1C_JEEEvvEEEvvEE  compiled SIMD16 allocated 128 regs and spilled around 74

warning: kernel _ZTSN7cutlass4gemm6kernel13GemmUniversalIN4cute5tupleIJiiiiEEENS0_10collective13CollectiveMmaINS0_18MainloopXeL1StagedILi3ENS0_8KernelXeEEENS4_IJNS3_1CILi256EEESC_NSB_ILi32EEEEEENS_6half_tENS4_IJlNSB_ILi1EEElEEESF_SH_NS3_8TiledMMAINS3_8MMA_AtomIJNS3_10XE_DPAS_TTILi8ESF_SF_SF_SF_EEEEENS3_6LayoutINS4_IJNSB_ILi8EEENSB_ILi4EEESG_EEENS4_IJSP_SG_NSB_ILi0EEEEEEEEKNS4_IJNSN_INS4_IJSO_SO_SP_EEENS4_IJSG_SD_SO_EEEEENSN_INS4_IJNSB_ILi16EEESP_SP_EEENS4_IJSG_NSB_ILi64EEESX_EEEEENSN_ISD_SG_EEEEEEEvvvNS3_8identityEvvvS16_EENS_8epilogue10collective18CollectiveEpilogueINS18_14IntelXeGenericEJSE_NS19_16EpilogueTileAutoESF_SH_SF_SH_NS18_6fusion15FusionCallbacksIS1B_NS1D_17LinearCombinationISF_SF_SF_SF_LNS_15FloatRoundStyleE2EEESE_S1C_JEEEvvEEEvvEE  compiled SIMD16 allocated 128 regs and spilled around 63

warning: kernel _ZTSN7cutlass4gemm6kernel13GemmUniversalIN4cute5tupleIJiiiiEEENS0_10collective13CollectiveMmaINS0_18MainloopXeL1StagedILi3ENS0_8KernelXeEEENS4_IJNS3_1CILi256EEESC_NSB_ILi32EEEEEENS_6half_tENS4_IJNSB_ILi1EEEllEEESF_NS4_IJlSG_lEEENS3_8TiledMMAINS3_8MMA_AtomIJNS3_10XE_DPAS_TTILi8ESF_SF_SF_SF_EEEEENS3_6LayoutINS4_IJNSB_ILi8EEENSB_ILi4EEESG_EEENS4_IJSQ_SG_NSB_ILi0EEEEEEEEKNS4_IJNSO_INS4_IJSP_SP_SQ_EEENS4_IJSG_SD_SP_EEEEENSO_INS4_IJNSB_ILi16EEESQ_SQ_EEENS4_IJSG_NSB_ILi64EEESY_EEEEENSO_ISD_SG_EEEEEEEvvvNS3_8identityEvvvS17_EENS_8epilogue10collective18CollectiveEpilogueINS19_14IntelXeGenericEJSE_NS1A_16EpilogueTileAutoESF_SI_SF_SI_NS19_6fusion15FusionCallbacksIS1C_NS1E_17LinearCombinationISF_SF_SF_SF_LNS_15FloatRoundStyleE2EEESE_S1D_JEEEvvEEEvvEE  compiled SIMD16 allocated 128 regs and spilled around 88

Build succeeded.
Compilation from IR - skipping loading of FCL

warning: [RetryManager] Start recompilation of the kernel
in kernel: 'typeinfo name for cutlass::gemm::kernel::GemmUniversal<cute::tuple<int, int, int, int>, cutlass::gemm::collective::CollectiveMma<cutlass::gemm::MainloopIntelW8A8<3, cutlass::gemm::KernelXe>, cute::tuple<cute::C<256>, cute::C<256>, cute::C<32>>, cutlass::float_e5m2_t, cute::tuple<long, cute::C<1>, long>, cutlass::float_e5m2_t, cute::tuple<cute::C<1>, long, long>, cute::TiledMMA<cute::MMA_Atom<cute::XE_8x16x16_F32F16F16F32_TT>, cute::Layout<cute::tuple<cute::C<8>, cute::C<4>, cute::C<1>>, cute::tuple<cute::C<4>, cute::C<1>, cute::C<0>>>, cute::tuple<cute::Layout<cute::tuple<cute::C<8>, cute::C<8>, cute::C<4>>, cute::tuple<cute::C<1>, cute::C<32>, cute::C<8>>>, cute::Layout<cute::tuple<cute::C<16>, cute::C<4>, cute::C<4>>, cute::tuple<cute::C<1>, cute::C<64>, cute::C<16>>>, cute::Layout<cute::C<32>, cute::C<1>>> const>, cute::XE_2D_U8x32x32_LD_N, void, void, cute::identity, cute::XE_2D_U8x32x32_LD_V, void, void, cute::identity>, cutlass::epilogue::collective::CollectiveEpilogue<cutlass::epilogue::IntelXeXMX16, cute::tuple<cute::C<256>, cute::C<256>, cute::C<32>>, float, cute::tuple<long, cute::C<1>, long>, float, cute::tuple<long, cute::C<1>, long>, cutlass::epilogue::fusion::FusionCallbacks<cutlass::epilogue::IntelXeXMX16, cutlass::epilogue::fusion::LinearCombination<float, float, float, float, (cutlass::FloatRoundStyle)2>, cute::tuple<cute::C<256>, cute::C<256>, cute::C<32>>, cute::tuple<cute::C<256>, cute::C<256>, cute::C<32>>>, cute::XE_2D_U32x8x16_LD_N, void, void, cute::XE_2D_U32x8x16_ST_N, void, void>, void, void>'

warning: kernel _ZTSN7cutlass4gemm6kernel13GemmUniversalIN4cute5tupleIJiiiiEEENS0_10collective13CollectiveMmaINS0_17MainloopIntelW8A8ILi3ENS0_8KernelXeEEENS4_IJNS3_1CILi256EEESC_NSB_ILi32EEEEEENS_12float_e5m2_tENS4_IJlNSB_ILi1EEElEEESF_NS4_IJSG_llEEENS3_8TiledMMAINS3_8MMA_AtomIJNS3_26XE_8x16x16_F32F16F16F32_TTEEEENS3_6LayoutINS4_IJNSB_ILi8EEENSB_ILi4EEESG_EEENS4_IJSP_SG_NSB_ILi0EEEEEEEEKNS4_IJNSN_INS4_IJSO_SO_SP_EEENS4_IJSG_SD_SO_EEEEENSN_INS4_IJNSB_ILi16EEESP_SP_EEENS4_IJSG_NSB_ILi64EEESX_EEEEENSN_ISD_SG_EEEEEEENS3_19XE_2D_U8x32x32_LD_NEvvNS3_8identityENS3_19XE_2D_U8x32x32_LD_VEvvS17_EENS_8epilogue10collective18CollectiveEpilogueINS1A_12IntelXeXMX16EJSE_fSH_fSH_NS1A_6fusion15FusionCallbacksIS1D_NS1E_17LinearCombinationIffffLNS_15FloatRoundStyleE2EEESE_SE_JEEENS3_19XE_2D_U32x8x16_LD_NEvvNS3_19XE_2D_U32x8x16_ST_NEvvEEEvvEE  compiled SIMD16 allocated 128 regs and spilled around 152

warning: kernel _ZTSN7cutlass4gemm6kernel13GemmUniversalIN4cute5tupleIJiiiiEEENS0_10collective13CollectiveMmaINS0_17MainloopIntelW8A8ILi3ENS0_8KernelXeEEENS4_IJNS3_1CILi256EEESC_NSB_ILi32EEEEEENS_12float_e4m3_tENS4_IJlNSB_ILi1EEElEEESF_NS4_IJSG_llEEENS3_8TiledMMAINS3_8MMA_AtomIJNS3_26XE_8x16x16_F32F16F16F32_TTEEEENS3_6LayoutINS4_IJNSB_ILi8EEENSB_ILi4EEESG_EEENS4_IJSP_SG_NSB_ILi0EEEEEEEEKNS4_IJNSN_INS4_IJSO_SO_SP_EEENS4_IJSG_SD_SO_EEEEENSN_INS4_IJNSB_ILi16EEESP_SP_EEENS4_IJSG_NSB_ILi64EEESX_EEEEENSN_ISD_SG_EEEEEEENS3_19XE_2D_U8x32x32_LD_NEvvNS3_8identityENS3_19XE_2D_U8x32x32_LD_VEvvS17_EENS_8epilogue10collective18CollectiveEpilogueINS1A_12IntelXeXMX16EJSE_fSH_fSH_NS1A_6fusion15FusionCallbacksIS1D_NS1E_17LinearCombinationIffffLNS_15FloatRoundStyleE2EEESE_SE_JEEENS3_19XE_2D_U32x8x16_LD_NEvvNS3_19XE_2D_U32x8x16_ST_NEvvEEEvvEE  compiled SIMD16 allocated 128 regs and spilled around 152

warning: kernel _ZTSN7cutlass4gemm6kernel13GemmUniversalIN4cute5tupleIJiiiiEEENS0_10collective13CollectiveMmaINS0_17MainloopIntelW8A8ILi3ENS0_8KernelXeEEENS4_IJNS3_1CILi256EEESC_NSB_ILi32EEEEEENS_12float_e5m2_tENS4_IJNSB_ILi1EEEllEEESF_SH_NS3_8TiledMMAINS3_8MMA_AtomIJNS3_26XE_8x16x16_F32F16F16F32_TTEEEENS3_6LayoutINS4_IJNSB_ILi8EEENSB_ILi4EEESG_EEENS4_IJSO_SG_NSB_ILi0EEEEEEEEKNS4_IJNSM_INS4_IJSN_SN_SO_EEENS4_IJSG_SD_SN_EEEEENSM_INS4_IJNSB_ILi16EEESO_SO_EEENS4_IJSG_NSB_ILi64EEESW_EEEEENSM_ISD_SG_EEEEEEENS3_18XE_2D_U8x16x8_LD_TEvvNS3_8identityENS3_19XE_2D_U8x32x32_LD_VEvvS16_EENS_8epilogue10collective18CollectiveEpilogueINS19_12IntelXeXMX16EJSE_fNS4_IJlSG_lEEEfS1D_NS19_6fusion15FusionCallbacksIS1C_NS1E_17LinearCombinationIffffLNS_15FloatRoundStyleE2EEESE_SE_JEEENS3_19XE_2D_U32x8x16_LD_NEvvNS3_19XE_2D_U32x8x16_ST_NEvvEEEvvEE  compiled SIMD16 allocated 128 regs and spilled around 157

warning: kernel _ZTSN7cutlass4gemm6kernel13GemmUniversalIN4cute5tupleIJiiiiEEENS0_10collective13CollectiveMmaINS0_17MainloopIntelW8A8ILi3ENS0_8KernelXeEEENS4_IJNS3_1CILi256EEESC_NSB_ILi32EEEEEENS_12float_e4m3_tENS4_IJNSB_ILi1EEEllEEESF_SH_NS3_8TiledMMAINS3_8MMA_AtomIJNS3_26XE_8x16x16_F32F16F16F32_TTEEEENS3_6LayoutINS4_IJNSB_ILi8EEENSB_ILi4EEESG_EEENS4_IJSO_SG_NSB_ILi0EEEEEEEEKNS4_IJNSM_INS4_IJSN_SN_SO_EEENS4_IJSG_SD_SN_EEEEENSM_INS4_IJNSB_ILi16EEESO_SO_EEENS4_IJSG_NSB_ILi64EEESW_EEEEENSM_ISD_SG_EEEEEEENS3_18XE_2D_U8x16x8_LD_TEvvNS3_8identityENS3_19XE_2D_U8x32x32_LD_VEvvS16_EENS_8epilogue10collective18CollectiveEpilogueINS19_12IntelXeXMX16EJSE_fNS4_IJlSG_lEEEfS1D_NS19_6fusion15FusionCallbacksIS1C_NS1E_17LinearCombinationIffffLNS_15FloatRoundStyleE2EEESE_SE_JEEENS3_19XE_2D_U32x8x16_LD_NEvvNS3_19XE_2D_U32x8x16_ST_NEvvEEEvvEE  compiled SIMD16 allocated 128 regs and spilled around 127

warning: kernel _ZTSN7cutlass4gemm6kernel13GemmUniversalIN4cute5tupleIJiiiiEEENS0_10collective13CollectiveMmaINS0_17MainloopIntelW8A8ILi3ENS0_8KernelXeEEENS4_IJNS3_1CILi256EEESC_NSB_ILi32EEEEEENS_12float_e5m2_tENS4_IJlNSB_ILi1EEElEEESF_SH_NS3_8TiledMMAINS3_8MMA_AtomIJNS3_26XE_8x16x16_F32F16F16F32_TTEEEENS3_6LayoutINS4_IJNSB_ILi8EEENSB_ILi4EEESG_EEENS4_IJSO_SG_NSB_ILi0EEEEEEEEKNS4_IJNSM_INS4_IJSN_SN_SO_EEENS4_IJSG_SD_SN_EEEEENSM_INS4_IJNSB_ILi16EEESO_SO_EEENS4_IJSG_NSB_ILi64EEESW_EEEEENSM_ISD_SG_EEEEEEENS3_19XE_2D_U8x32x32_LD_NEvvNS3_8identityENS3_19XE_2D_U8x16x16_LD_TEvvS16_EENS_8epilogue10collective18CollectiveEpilogueINS19_12IntelXeXMX16EJSE_fSH_fSH_NS19_6fusion15FusionCallbacksIS1C_NS1D_17LinearCombinationIffffLNS_15FloatRoundStyleE2EEESE_SE_JEEENS3_19XE_2D_U32x8x16_LD_NEvvNS3_19XE_2D_U32x8x16_ST_NEvvEEEvvEE  compiled SIMD16 allocated 128 regs and spilled around 141

warning: kernel _ZTSN7cutlass4gemm6kernel13GemmUniversalIN4cute5tupleIJiiiiEEENS0_10collective13CollectiveMmaINS0_17MainloopIntelW8A8ILi3ENS0_8KernelXeEEENS4_IJNS3_1CILi256EEESC_NSB_ILi32EEEEEENS_12float_e4m3_tENS4_IJlNSB_ILi1EEElEEESF_SH_NS3_8TiledMMAINS3_8MMA_AtomIJNS3_26XE_8x16x16_F32F16F16F32_TTEEEENS3_6LayoutINS4_IJNSB_ILi8EEENSB_ILi4EEESG_EEENS4_IJSO_SG_NSB_ILi0EEEEEEEEKNS4_IJNSM_INS4_IJSN_SN_SO_EEENS4_IJSG_SD_SN_EEEEENSM_INS4_IJNSB_ILi16EEESO_SO_EEENS4_IJSG_NSB_ILi64EEESW_EEEEENSM_ISD_SG_EEEEEEENS3_19XE_2D_U8x32x32_LD_NEvvNS3_8identityENS3_19XE_2D_U8x16x16_LD_TEvvS16_EENS_8epilogue10collective18CollectiveEpilogueINS19_12IntelXeXMX16EJSE_fSH_fSH_NS19_6fusion15FusionCallbacksIS1C_NS1D_17LinearCombinationIffffLNS_15FloatRoundStyleE2EEESE_SE_JEEENS3_19XE_2D_U32x8x16_LD_NEvvNS3_19XE_2D_U32x8x16_ST_NEvvEEEvvEE  compiled SIMD16 allocated 128 regs and spilled around 130

warning: kernel _ZTSN7cutlass4gemm6kernel13GemmUniversalIN4cute5tupleIJiiiiEEENS0_10collective13CollectiveMmaINS0_17MainloopIntelW8A8ILi3ENS0_8KernelXeEEENS4_IJNS3_1CILi256EEESC_NSB_ILi32EEEEEENS_12float_e5m2_tENS4_IJNSB_ILi1EEEllEEESF_NS4_IJlSG_lEEENS3_8TiledMMAINS3_8MMA_AtomIJNS3_26XE_8x16x16_F32F16F16F32_TTEEEENS3_6LayoutINS4_IJNSB_ILi8EEENSB_ILi4EEESG_EEENS4_IJSP_SG_NSB_ILi0EEEEEEEEKNS4_IJNSN_INS4_IJSO_SO_SP_EEENS4_IJSG_SD_SO_EEEEENSN_INS4_IJNSB_ILi16EEESP_SP_EEENS4_IJSG_NSB_ILi64EEESX_EEEEENSN_ISD_SG_EEEEEEENS3_18XE_2D_U8x16x8_LD_TEvvNS3_8identityENS3_19XE_2D_U8x16x16_LD_TEvvS17_EENS_8epilogue10collective18CollectiveEpilogueINS1A_12IntelXeXMX16EJSE_fSI_fSI_NS1A_6fusion15FusionCallbacksIS1D_NS1E_17LinearCombinationIffffLNS_15FloatRoundStyleE2EEESE_SE_JEEENS3_19XE_2D_U32x8x16_LD_NEvvNS3_19XE_2D_U32x8x16_ST_NEvvEEEvvEE  compiled SIMD16 allocated 128 regs and spilled around 140

warning: kernel _ZTSN7cutlass4gemm6kernel13GemmUniversalIN4cute5tupleIJiiiiEEENS0_10collective13CollectiveMmaINS0_17MainloopIntelW8A8ILi3ENS0_8KernelXeEEENS4_IJNS3_1CILi256EEESC_NSB_ILi32EEEEEENS_12float_e4m3_tENS4_IJNSB_ILi1EEEllEEESF_NS4_IJlSG_lEEENS3_8TiledMMAINS3_8MMA_AtomIJNS3_26XE_8x16x16_F32F16F16F32_TTEEEENS3_6LayoutINS4_IJNSB_ILi8EEENSB_ILi4EEESG_EEENS4_IJSP_SG_NSB_ILi0EEEEEEEEKNS4_IJNSN_INS4_IJSO_SO_SP_EEENS4_IJSG_SD_SO_EEEEENSN_INS4_IJNSB_ILi16EEESP_SP_EEENS4_IJSG_NSB_ILi64EEESX_EEEEENSN_ISD_SG_EEEEEEENS3_18XE_2D_U8x16x8_LD_TEvvNS3_8identityENS3_19XE_2D_U8x16x16_LD_TEvvS17_EENS_8epilogue10collective18CollectiveEpilogueINS1A_12IntelXeXMX16EJSE_fSI_fSI_NS1A_6fusion15FusionCallbacksIS1D_NS1E_17LinearCombinationIffffLNS_15FloatRoundStyleE2EEESE_SE_JEEENS3_19XE_2D_U32x8x16_LD_NEvvNS3_19XE_2D_U32x8x16_ST_NEvvEEEvvEE  compiled SIMD16 allocated 128 regs and spilled around 135

Build succeeded.
Compilation from IR - skipping loading of FCL

warning: [RetryManager] Start recompilation of the kernel
in kernel: 'typeinfo name for cutlass::gemm::kernel::GemmUniversal<cute::tuple<int, int, int, int>, cutlass::gemm::collective::CollectiveMma<cutlass::gemm::MainloopXeL1Staged<3, cutlass::gemm::KernelXe>, cute::tuple<cute::C<256>, cute::C<256>, cute::C<32>>, cutlass::bfloat16_t, cute::tuple<long, cute::C<1>, long>, cutlass::bfloat16_t, cute::tuple<cute::C<1>, long, long>, cute::TiledMMA<cute::MMA_Atom<cute::XE_DPAS_TT<8, float, cutlass::bfloat16_t, cutlass::bfloat16_t, float>>, cute::Layout<cute::tuple<cute::C<8>, cute::C<4>, cute::C<1>>, cute::tuple<cute::C<4>, cute::C<1>, cute::C<0>>>, cute::tuple<cute::Layout<cute::tuple<cute::C<8>, cute::C<8>, cute::C<4>>, cute::tuple<cute::C<1>, cute::C<32>, cute::C<8>>>, cute::Layout<cute::tuple<cute::C<16>, cute::C<4>, cute::C<4>>, cute::tuple<cute::C<1>, cute::C<64>, cute::C<16>>>, cute::Layout<cute::C<32>, cute::C<1>>> const>, void, void, void, cute::identity, void, void, void, cute::identity>, cutlass::epilogue::collective::CollectiveEpilogue<cutlass::epilogue::IntelXeGeneric, cute::tuple<cute::C<256>, cute::C<256>, cute::C<32>>, cutlass::epilogue::collective::EpilogueTileAuto, float, cute::tuple<long, cute::C<1>, long>, float, cute::tuple<long, cute::C<1>, long>, cutlass::epilogue::fusion::FusionCallbacks<cutlass::epilogue::IntelXeGeneric, cutlass::epilogue::fusion::LinearCombination<float, float, float, float, (cutlass::FloatRoundStyle)2>, cute::tuple<cute::C<256>, cute::C<256>, cute::C<32>>, cutlass::epilogue::collective::EpilogueTileAuto>, void, void>, void, void>'

warning: kernel _ZTSN7cutlass4gemm6kernel13GemmUniversalIN4cute5tupleIJiiiiEEENS0_10collective13CollectiveMmaINS0_18MainloopXeL1StagedILi3ENS0_8KernelXeEEENS4_IJNS3_1CILi256EEESC_NSB_ILi32EEEEEENS_10bfloat16_tENS4_IJlNSB_ILi1EEElEEESF_NS4_IJSG_llEEENS3_8TiledMMAINS3_8MMA_AtomIJNS3_10XE_DPAS_TTILi8EfSF_SF_fEEEEENS3_6LayoutINS4_IJNSB_ILi8EEENSB_ILi4EEESG_EEENS4_IJSQ_SG_NSB_ILi0EEEEEEEEKNS4_IJNSO_INS4_IJSP_SP_SQ_EEENS4_IJSG_SD_SP_EEEEENSO_INS4_IJNSB_ILi16EEESQ_SQ_EEENS4_IJSG_NSB_ILi64EEESY_EEEEENSO_ISD_SG_EEEEEEEvvvNS3_8identityEvvvS17_EENS_8epilogue10collective18CollectiveEpilogueINS19_14IntelXeGenericEJSE_NS1A_16EpilogueTileAutoEfSH_fSH_NS19_6fusion15FusionCallbacksIS1C_NS1E_17LinearCombinationIffffLNS_15FloatRoundStyleE2EEESE_S1D_JEEEvvEEEvvEE  compiled SIMD16 allocated 128 regs and spilled around 131

warning: kernel _ZTSN7cutlass4gemm6kernel13GemmUniversalIN4cute5tupleIJiiiiEEENS0_10collective13CollectiveMmaINS0_18MainloopXeL1StagedILi3ENS0_8KernelXeEEENS4_IJNS3_1CILi256EEESC_NSB_ILi32EEEEEENS_10bfloat16_tENS4_IJNSB_ILi1EEEllEEESF_SH_NS3_8TiledMMAINS3_8MMA_AtomIJNS3_10XE_DPAS_TTILi8EfSF_SF_fEEEEENS3_6LayoutINS4_IJNSB_ILi8EEENSB_ILi4EEESG_EEENS4_IJSP_SG_NSB_ILi0EEEEEEEEKNS4_IJNSN_INS4_IJSO_SO_SP_EEENS4_IJSG_SD_SO_EEEEENSN_INS4_IJNSB_ILi16EEESP_SP_EEENS4_IJSG_NSB_ILi64EEESX_EEEEENSN_ISD_SG_EEEEEEEvvvNS3_8identityEvvvS16_EENS_8epilogue10collective18CollectiveEpilogueINS18_14IntelXeGenericEJSE_NS19_16EpilogueTileAutoEfNS4_IJlSG_lEEEfS1D_NS18_6fusion15FusionCallbacksIS1B_NS1E_17LinearCombinationIffffLNS_15FloatRoundStyleE2EEESE_S1C_JEEEvvEEEvvEE  compiled SIMD16 allocated 128 regs and spilled around 145

warning: kernel _ZTSN7cutlass4gemm6kernel13GemmUniversalIN4cute5tupleIJiiiiEEENS0_10collective13CollectiveMmaINS0_18MainloopXeL1StagedILi3ENS0_8KernelXeEEENS4_IJNS3_1CILi256EEESC_NSB_ILi32EEEEEENS_10bfloat16_tENS4_IJlNSB_ILi1EEElEEESF_SH_NS3_8TiledMMAINS3_8MMA_AtomIJNS3_10XE_DPAS_TTILi8EfSF_SF_fEEEEENS3_6LayoutINS4_IJNSB_ILi8EEENSB_ILi4EEESG_EEENS4_IJSP_SG_NSB_ILi0EEEEEEEEKNS4_IJNSN_INS4_IJSO_SO_SP_EEENS4_IJSG_SD_SO_EEEEENSN_INS4_IJNSB_ILi16EEESP_SP_EEENS4_IJSG_NSB_ILi64EEESX_EEEEENSN_ISD_SG_EEEEEEEvvvNS3_8identityEvvvS16_EENS_8epilogue10collective18CollectiveEpilogueINS18_14IntelXeGenericEJSE_NS19_16EpilogueTileAutoEfSH_fSH_NS18_6fusion15FusionCallbacksIS1B_NS1D_17LinearCombinationIffffLNS_15FloatRoundStyleE2EEESE_S1C_JEEEvvEEEvvEE  compiled SIMD16 allocated 128 regs and spilled around 141

warning: kernel _ZTSN7cutlass4gemm6kernel13GemmUniversalIN4cute5tupleIJiiiiEEENS0_10collective13CollectiveMmaINS0_18MainloopXeL1StagedILi3ENS0_8KernelXeEEENS4_IJNS3_1CILi256EEESC_NSB_ILi32EEEEEENS_10bfloat16_tENS4_IJNSB_ILi1EEEllEEESF_NS4_IJlSG_lEEENS3_8TiledMMAINS3_8MMA_AtomIJNS3_10XE_DPAS_TTILi8EfSF_SF_fEEEEENS3_6LayoutINS4_IJNSB_ILi8EEENSB_ILi4EEESG_EEENS4_IJSQ_SG_NSB_ILi0EEEEEEEEKNS4_IJNSO_INS4_IJSP_SP_SQ_EEENS4_IJSG_SD_SP_EEEEENSO_INS4_IJNSB_ILi16EEESQ_SQ_EEENS4_IJSG_NSB_ILi64EEESY_EEEEENSO_ISD_SG_EEEEEEEvvvNS3_8identityEvvvS17_EENS_8epilogue10collective18CollectiveEpilogueINS19_14IntelXeGenericEJSE_NS1A_16EpilogueTileAutoEfSI_fSI_NS19_6fusion15FusionCallbacksIS1C_NS1E_17LinearCombinationIffffLNS_15FloatRoundStyleE2EEESE_S1D_JEEEvvEEEvvEE  compiled SIMD16 allocated 128 regs and spilled around 149

Build succeeded.
Compilation from IR - skipping loading of FCL

warning: [RetryManager] Start recompilation of the kernel
in kernel: 'typeinfo name for cutlass::gemm::kernel::GemmUniversal<cute::tuple<int, int, int, int>, cutlass::gemm::collective::CollectiveMma<cutlass::gemm::MainloopXeL1Staged<3, cutlass::gemm::KernelXe>, cute::tuple<cute::C<256>, cute::C<256>, cute::C<32>>, cutlass::bfloat16_t, cute::tuple<long, cute::C<1>, long>, cutlass::bfloat16_t, cute::tuple<cute::C<1>, long, long>, cute::TiledMMA<cute::MMA_Atom<cute::XE_DPAS_TT<8, float, cutlass::bfloat16_t, cutlass::bfloat16_t, float>>, cute::Layout<cute::tuple<cute::C<8>, cute::C<4>, cute::C<1>>, cute::tuple<cute::C<4>, cute::C<1>, cute::C<0>>>, cute::tuple<cute::Layout<cute::tuple<cute::C<8>, cute::C<8>, cute::C<4>>, cute::tuple<cute::C<1>, cute::C<32>, cute::C<8>>>, cute::Layout<cute::tuple<cute::C<16>, cute::C<4>, cute::C<4>>, cute::tuple<cute::C<1>, cute::C<64>, cute::C<16>>>, cute::Layout<cute::C<32>, cute::C<1>>> const>, void, void, void, cute::identity, void, void, void, cute::identity>, cutlass::epilogue::collective::CollectiveEpilogue<cutlass::epilogue::IntelXeGeneric, cute::tuple<cute::C<256>, cute::C<256>, cute::C<32>>, cutlass::epilogue::collective::EpilogueTileAuto, cutlass::bfloat16_t, cute::tuple<long, cute::C<1>, long>, cutlass::bfloat16_t, cute::tuple<long, cute::C<1>, long>, cutlass::epilogue::fusion::FusionCallbacks<cutlass::epilogue::IntelXeGeneric, cutlass::epilogue::fusion::LinearCombination<cutlass::bfloat16_t, float, cutlass::bfloat16_t, float, (cutlass::FloatRoundStyle)2>, cute::tuple<cute::C<256>, cute::C<256>, cute::C<32>>, cutlass::epilogue::collective::EpilogueTileAuto>, void, void>, void, void>'

warning: kernel _ZTSN7cutlass4gemm6kernel13GemmUniversalIN4cute5tupleIJiiiiEEENS0_10collective13CollectiveMmaINS0_18MainloopXeL1StagedILi3ENS0_8KernelXeEEENS4_IJNS3_1CILi256EEESC_NSB_ILi32EEEEEENS_10bfloat16_tENS4_IJlNSB_ILi1EEElEEESF_NS4_IJSG_llEEENS3_8TiledMMAINS3_8MMA_AtomIJNS3_10XE_DPAS_TTILi8EfSF_SF_fEEEEENS3_6LayoutINS4_IJNSB_ILi8EEENSB_ILi4EEESG_EEENS4_IJSQ_SG_NSB_ILi0EEEEEEEEKNS4_IJNSO_INS4_IJSP_SP_SQ_EEENS4_IJSG_SD_SP_EEEEENSO_INS4_IJNSB_ILi16EEESQ_SQ_EEENS4_IJSG_NSB_ILi64EEESY_EEEEENSO_ISD_SG_EEEEEEEvvvNS3_8identityEvvvS17_EENS_8epilogue10collective18CollectiveEpilogueINS19_14IntelXeGenericEJSE_NS1A_16EpilogueTileAutoESF_SH_SF_SH_NS19_6fusion15FusionCallbacksIS1C_NS1E_17LinearCombinationISF_fSF_fLNS_15FloatRoundStyleE2EEESE_S1D_JEEEvvEEEvvEE  compiled SIMD16 allocated 128 regs and spilled around 133

warning: kernel _ZTSN7cutlass4gemm6kernel13GemmUniversalIN4cute5tupleIJiiiiEEENS0_10collective13CollectiveMmaINS0_18MainloopXeL1StagedILi3ENS0_8KernelXeEEENS4_IJNS3_1CILi256EEESC_NSB_ILi32EEEEEENS_10bfloat16_tENS4_IJNSB_ILi1EEEllEEESF_SH_NS3_8TiledMMAINS3_8MMA_AtomIJNS3_10XE_DPAS_TTILi8EfSF_SF_fEEEEENS3_6LayoutINS4_IJNSB_ILi8EEENSB_ILi4EEESG_EEENS4_IJSP_SG_NSB_ILi0EEEEEEEEKNS4_IJNSN_INS4_IJSO_SO_SP_EEENS4_IJSG_SD_SO_EEEEENSN_INS4_IJNSB_ILi16EEESP_SP_EEENS4_IJSG_NSB_ILi64EEESX_EEEEENSN_ISD_SG_EEEEEEEvvvNS3_8identityEvvvS16_EENS_8epilogue10collective18CollectiveEpilogueINS18_14IntelXeGenericEJSE_NS19_16EpilogueTileAutoESF_NS4_IJlSG_lEEESF_S1D_NS18_6fusion15FusionCallbacksIS1B_NS1E_17LinearCombinationISF_fSF_fLNS_15FloatRoundStyleE2EEESE_S1C_JEEEvvEEEvvEE  compiled SIMD16 allocated 128 regs and spilled around 145

warning: kernel _ZTSN7cutlass4gemm6kernel13GemmUniversalIN4cute5tupleIJiiiiEEENS0_10collective13CollectiveMmaINS0_18MainloopXeL1StagedILi3ENS0_8KernelXeEEENS4_IJNS3_1CILi256EEESC_NSB_ILi32EEEEEENS_10bfloat16_tENS4_IJlNSB_ILi1EEElEEESF_SH_NS3_8TiledMMAINS3_8MMA_AtomIJNS3_10XE_DPAS_TTILi8EfSF_SF_fEEEEENS3_6LayoutINS4_IJNSB_ILi8EEENSB_ILi4EEESG_EEENS4_IJSP_SG_NSB_ILi0EEEEEEEEKNS4_IJNSN_INS4_IJSO_SO_SP_EEENS4_IJSG_SD_SO_EEEEENSN_INS4_IJNSB_ILi16EEESP_SP_EEENS4_IJSG_NSB_ILi64EEESX_EEEEENSN_ISD_SG_EEEEEEEvvvNS3_8identityEvvvS16_EENS_8epilogue10collective18CollectiveEpilogueINS18_14IntelXeGenericEJSE_NS19_16EpilogueTileAutoESF_SH_SF_SH_NS18_6fusion15FusionCallbacksIS1B_NS1D_17LinearCombinationISF_fSF_fLNS_15FloatRoundStyleE2EEESE_S1C_JEEEvvEEEvvEE  compiled SIMD16 allocated 128 regs and spilled around 142

warning: kernel _ZTSN7cutlass4gemm6kernel13GemmUniversalIN4cute5tupleIJiiiiEEENS0_10collective13CollectiveMmaINS0_18MainloopXeL1StagedILi3ENS0_8KernelXeEEENS4_IJNS3_1CILi256EEESC_NSB_ILi32EEEEEENS_10bfloat16_tENS4_IJNSB_ILi1EEEllEEESF_NS4_IJlSG_lEEENS3_8TiledMMAINS3_8MMA_AtomIJNS3_10XE_DPAS_TTILi8EfSF_SF_fEEEEENS3_6LayoutINS4_IJNSB_ILi8EEENSB_ILi4EEESG_EEENS4_IJSQ_SG_NSB_ILi0EEEEEEEEKNS4_IJNSO_INS4_IJSP_SP_SQ_EEENS4_IJSG_SD_SP_EEEEENSO_INS4_IJNSB_ILi16EEESQ_SQ_EEENS4_IJSG_NSB_ILi64EEESY_EEEEENSO_ISD_SG_EEEEEEEvvvNS3_8identityEvvvS17_EENS_8epilogue10collective18CollectiveEpilogueINS19_14IntelXeGenericEJSE_NS1A_16EpilogueTileAutoESF_SI_SF_SI_NS19_6fusion15FusionCallbacksIS1C_NS1E_17LinearCombinationISF_fSF_fLNS_15FloatRoundStyleE2EEESE_S1D_JEEEvvEEEvvEE  compiled SIMD16 allocated 128 regs and spilled around 150

Build succeeded.
Compilation from IR - skipping loading of FCL

warning: [RetryManager] Start recompilation of the kernel
in kernel: 'typeinfo name for cutlass::gemm::kernel::GemmUniversal<cute::tuple<int, int, int, int>, cutlass::gemm::collective::CollectiveMma<cutlass::gemm::MainloopXeL1Staged<3, cutlass::gemm::KernelXe>, cute::tuple<cute::C<256>, cute::C<256>, cute::C<32>>, cutlass::bfloat16_t, cute::tuple<long, cute::C<1>, long>, cutlass::bfloat16_t, cute::tuple<cute::C<1>, long, long>, cute::TiledMMA<cute::MMA_Atom<cute::XE_DPAS_TT<8, float, cutlass::bfloat16_t, cutlass::bfloat16_t, float>>, cute::Layout<cute::tuple<cute::C<8>, cute::C<4>, cute::C<1>>, cute::tuple<cute::C<4>, cute::C<1>, cute::C<0>>>, cute::tuple<cute::Layout<cute::tuple<cute::C<8>, cute::C<8>, cute::C<4>>, cute::tuple<cute::C<1>, cute::C<32>, cute::C<8>>>, cute::Layout<cute::tuple<cute::C<16>, cute::C<4>, cute::C<4>>, cute::tuple<cute::C<1>, cute::C<64>, cute::C<16>>>, cute::Layout<cute::C<32>, cute::C<1>>> const>, void, void, void, cute::identity, void, void, void, cute::identity>, cutlass::epilogue::collective::CollectiveEpilogue<cutlass::epilogue::IntelXeGeneric, cute::tuple<cute::C<256>, cute::C<256>, cute::C<32>>, cutlass::epilogue::collective::EpilogueTileAuto, float, cute::tuple<long, cute::C<1>, long>, cutlass::bfloat16_t, cute::tuple<long, cute::C<1>, long>, cutlass::epilogue::fusion::FusionCallbacks<cutlass::epilogue::IntelXeGeneric, cutlass::epilogue::fusion::LinearCombination<float, float, float, float, (cutlass::FloatRoundStyle)2>, cute::tuple<cute::C<256>, cute::C<256>, cute::C<32>>, cutlass::epilogue::collective::EpilogueTileAuto>, void, void>, void, void>'

warning: kernel _ZTSN7cutlass4gemm6kernel13GemmUniversalIN4cute5tupleIJiiiiEEENS0_10collective13CollectiveMmaINS0_18MainloopXeL1StagedILi3ENS0_8KernelXeEEENS4_IJNS3_1CILi256EEESC_NSB_ILi32EEEEEENS_10bfloat16_tENS4_IJlNSB_ILi1EEElEEESF_NS4_IJSG_llEEENS3_8TiledMMAINS3_8MMA_AtomIJNS3_10XE_DPAS_TTILi8EfSF_SF_fEEEEENS3_6LayoutINS4_IJNSB_ILi8EEENSB_ILi4EEESG_EEENS4_IJSQ_SG_NSB_ILi0EEEEEEEEKNS4_IJNSO_INS4_IJSP_SP_SQ_EEENS4_IJSG_SD_SP_EEEEENSO_INS4_IJNSB_ILi16EEESQ_SQ_EEENS4_IJSG_NSB_ILi64EEESY_EEEEENSO_ISD_SG_EEEEEEEvvvNS3_8identityEvvvS17_EENS_8epilogue10collective18CollectiveEpilogueINS19_14IntelXeGenericEJSE_NS1A_16EpilogueTileAutoEfSH_SF_SH_NS19_6fusion15FusionCallbacksIS1C_NS1E_17LinearCombinationIffffLNS_15FloatRoundStyleE2EEESE_S1D_JEEEvvEEEvvEE  compiled SIMD16 allocated 128 regs and spilled around 133

warning: kernel _ZTSN7cutlass4gemm6kernel13GemmUniversalIN4cute5tupleIJiiiiEEENS0_10collective13CollectiveMmaINS0_18MainloopXeL1StagedILi3ENS0_8KernelXeEEENS4_IJNS3_1CILi256EEESC_NSB_ILi32EEEEEENS_10bfloat16_tENS4_IJNSB_ILi1EEEllEEESF_SH_NS3_8TiledMMAINS3_8MMA_AtomIJNS3_10XE_DPAS_TTILi8EfSF_SF_fEEEEENS3_6LayoutINS4_IJNSB_ILi8EEENSB_ILi4EEESG_EEENS4_IJSP_SG_NSB_ILi0EEEEEEEEKNS4_IJNSN_INS4_IJSO_SO_SP_EEENS4_IJSG_SD_SO_EEEEENSN_INS4_IJNSB_ILi16EEESP_SP_EEENS4_IJSG_NSB_ILi64EEESX_EEEEENSN_ISD_SG_EEEEEEEvvvNS3_8identityEvvvS16_EENS_8epilogue10collective18CollectiveEpilogueINS18_14IntelXeGenericEJSE_NS19_16EpilogueTileAutoEfNS4_IJlSG_lEEESF_S1D_NS18_6fusion15FusionCallbacksIS1B_NS1E_17LinearCombinationIffffLNS_15FloatRoundStyleE2EEESE_S1C_JEEEvvEEEvvEE  compiled SIMD16 allocated 128 regs and spilled around 146

warning: kernel _ZTSN7cutlass4gemm6kernel13GemmUniversalIN4cute5tupleIJiiiiEEENS0_10collective13CollectiveMmaINS0_18MainloopXeL1StagedILi3ENS0_8KernelXeEEENS4_IJNS3_1CILi256EEESC_NSB_ILi32EEEEEENS_10bfloat16_tENS4_IJlNSB_ILi1EEElEEESF_SH_NS3_8TiledMMAINS3_8MMA_AtomIJNS3_10XE_DPAS_TTILi8EfSF_SF_fEEEEENS3_6LayoutINS4_IJNSB_ILi8EEENSB_ILi4EEESG_EEENS4_IJSP_SG_NSB_ILi0EEEEEEEEKNS4_IJNSN_INS4_IJSO_SO_SP_EEENS4_IJSG_SD_SO_EEEEENSN_INS4_IJNSB_ILi16EEESP_SP_EEENS4_IJSG_NSB_ILi64EEESX_EEEEENSN_ISD_SG_EEEEEEEvvvNS3_8identityEvvvS16_EENS_8epilogue10collective18CollectiveEpilogueINS18_14IntelXeGenericEJSE_NS19_16EpilogueTileAutoEfSH_SF_SH_NS18_6fusion15FusionCallbacksIS1B_NS1D_17LinearCombinationIffffLNS_15FloatRoundStyleE2EEESE_S1C_JEEEvvEEEvvEE  compiled SIMD16 allocated 128 regs and spilled around 142

warning: kernel _ZTSN7cutlass4gemm6kernel13GemmUniversalIN4cute5tupleIJiiiiEEENS0_10collective13CollectiveMmaINS0_18MainloopXeL1StagedILi3ENS0_8KernelXeEEENS4_IJNS3_1CILi256EEESC_NSB_ILi32EEEEEENS_10bfloat16_tENS4_IJNSB_ILi1EEEllEEESF_NS4_IJlSG_lEEENS3_8TiledMMAINS3_8MMA_AtomIJNS3_10XE_DPAS_TTILi8EfSF_SF_fEEEEENS3_6LayoutINS4_IJNSB_ILi8EEENSB_ILi4EEESG_EEENS4_IJSQ_SG_NSB_ILi0EEEEEEEEKNS4_IJNSO_INS4_IJSP_SP_SQ_EEENS4_IJSG_SD_SP_EEEEENSO_INS4_IJNSB_ILi16EEESQ_SQ_EEENS4_IJSG_NSB_ILi64EEESY_EEEEENSO_ISD_SG_EEEEEEEvvvNS3_8identityEvvvS17_EENS_8epilogue10collective18CollectiveEpilogueINS19_14IntelXeGenericEJSE_NS1A_16EpilogueTileAutoEfSI_SF_SI_NS19_6fusion15FusionCallbacksIS1C_NS1E_17LinearCombinationIffffLNS_15FloatRoundStyleE2EEESE_S1D_JEEEvvEEEvvEE  compiled SIMD16 allocated 128 regs and spilled around 150

warning: kernel _ZTSN7cutlass4gemm6kernel13GemmUniversalIN4cute5tupleIJiiiiEEENS0_10collective13CollectiveMmaINS0_18MainloopXeL1StagedILi3ENS0_8KernelXeEEENS4_IJNS3_1CILi256EEESC_NSB_ILi32EEEEEENS_10bfloat16_tENS4_IJlNSB_ILi1EEElEEESF_NS4_IJSG_llEEENS3_8TiledMMAINS3_8MMA_AtomIJNS3_10XE_DPAS_TTILi8EfSF_SF_fEEEEENS3_6LayoutINS4_IJNSB_ILi8EEENSB_ILi4EEESG_EEENS4_IJSQ_SG_NSB_ILi0EEEEEEEEKNS4_IJNSO_INS4_IJSP_SP_SQ_EEENS4_IJSG_SD_SP_EEEEENSO_INS4_IJNSB_ILi16EEESQ_SQ_EEENS4_IJSG_NSB_ILi64EEESY_EEEEENSO_ISD_SG_EEEEEEEvvvNS3_8identityEvvvS17_EENS_8epilogue10collective18CollectiveEpilogueINS19_14IntelXeGenericEJSE_NS1A_16EpilogueTileAutoEvSH_SF_SH_NS19_6fusion15FusionCallbacksIS1C_NS1E_17LinearCombinationISF_fSF_fLNS_15FloatRoundStyleE2EEESE_S1D_JEEEvvEEEvvEE  compiled SIMD16 allocated 128 regs and spilled around 133

warning: kernel _ZTSN7cutlass4gemm6kernel13GemmUniversalIN4cute5tupleIJiiiiEEENS0_10collective13CollectiveMmaINS0_18MainloopXeL1StagedILi3ENS0_8KernelXeEEENS4_IJNS3_1CILi256EEESC_NSB_ILi32EEEEEENS_10bfloat16_tENS4_IJNSB_ILi1EEEllEEESF_SH_NS3_8TiledMMAINS3_8MMA_AtomIJNS3_10XE_DPAS_TTILi8EfSF_SF_fEEEEENS3_6LayoutINS4_IJNSB_ILi8EEENSB_ILi4EEESG_EEENS4_IJSP_SG_NSB_ILi0EEEEEEEEKNS4_IJNSN_INS4_IJSO_SO_SP_EEENS4_IJSG_SD_SO_EEEEENSN_INS4_IJNSB_ILi16EEESP_SP_EEENS4_IJSG_NSB_ILi64EEESX_EEEEENSN_ISD_SG_EEEEEEEvvvNS3_8identityEvvvS16_EENS_8epilogue10collective18CollectiveEpilogueINS18_14IntelXeGenericEJSE_NS19_16EpilogueTileAutoEvNS4_IJlSG_lEEESF_S1D_NS18_6fusion15FusionCallbacksIS1B_NS1E_17LinearCombinationISF_fSF_fLNS_15FloatRoundStyleE2EEESE_S1C_JEEEvvEEEvvEE  compiled SIMD16 allocated 128 regs and spilled around 145

warning: kernel _ZTSN7cutlass4gemm6kernel13GemmUniversalIN4cute5tupleIJiiiiEEENS0_10collective13CollectiveMmaINS0_18MainloopXeL1StagedILi3ENS0_8KernelXeEEENS4_IJNS3_1CILi256EEESC_NSB_ILi32EEEEEENS_10bfloat16_tENS4_IJlNSB_ILi1EEElEEESF_SH_NS3_8TiledMMAINS3_8MMA_AtomIJNS3_10XE_DPAS_TTILi8EfSF_SF_fEEEEENS3_6LayoutINS4_IJNSB_ILi8EEENSB_ILi4EEESG_EEENS4_IJSP_SG_NSB_ILi0EEEEEEEEKNS4_IJNSN_INS4_IJSO_SO_SP_EEENS4_IJSG_SD_SO_EEEEENSN_INS4_IJNSB_ILi16EEESP_SP_EEENS4_IJSG_NSB_ILi64EEESX_EEEEENSN_ISD_SG_EEEEEEEvvvNS3_8identityEvvvS16_EENS_8epilogue10collective18CollectiveEpilogueINS18_14IntelXeGenericEJSE_NS19_16EpilogueTileAutoEvSH_SF_SH_NS18_6fusion15FusionCallbacksIS1B_NS1D_17LinearCombinationISF_fSF_fLNS_15FloatRoundStyleE2EEESE_S1C_JEEEvvEEEvvEE  compiled SIMD16 allocated 128 regs and spilled around 142

warning: kernel _ZTSN7cutlass4gemm6kernel13GemmUniversalIN4cute5tupleIJiiiiEEENS0_10collective13CollectiveMmaINS0_18MainloopXeL1StagedILi3ENS0_8KernelXeEEENS4_IJNS3_1CILi256EEESC_NSB_ILi32EEEEEENS_10bfloat16_tENS4_IJNSB_ILi1EEEllEEESF_NS4_IJlSG_lEEENS3_8TiledMMAINS3_8MMA_AtomIJNS3_10XE_DPAS_TTILi8EfSF_SF_fEEEEENS3_6LayoutINS4_IJNSB_ILi8EEENSB_ILi4EEESG_EEENS4_IJSQ_SG_NSB_ILi0EEEEEEEEKNS4_IJNSO_INS4_IJSP_SP_SQ_EEENS4_IJSG_SD_SP_EEEEENSO_INS4_IJNSB_ILi16EEESQ_SQ_EEENS4_IJSG_NSB_ILi64EEESY_EEEEENSO_ISD_SG_EEEEEEEvvvNS3_8identityEvvvS17_EENS_8epilogue10collective18CollectiveEpilogueINS19_14IntelXeGenericEJSE_NS1A_16EpilogueTileAutoEvSI_SF_SI_NS19_6fusion15FusionCallbacksIS1C_NS1E_17LinearCombinationISF_fSF_fLNS_15FloatRoundStyleE2EEESE_S1D_JEEEvvEEEvvEE  compiled SIMD16 allocated 128 regs and spilled around 150

Build succeeded.
Compilation from IR - skipping loading of FCL
Build succeeded.
Compilation from IR - skipping loading of FCL

warning: [RetryManager] Start recompilation of the kernel
in kernel: 'typeinfo name for cutlass::gemm::kernel::GemmUniversal<cute::tuple<int, int, int, int>, cutlass::gemm::collective::CollectiveMma<cutlass::gemm::MainloopXeL1Staged<3, cutlass::gemm::KernelXe>, cute::tuple<cute::C<256>, cute::C<256>, cute::C<32>>, cutlass::bfloat16_t, cute::tuple<long, cute::C<1>, long>, cutlass::bfloat16_t, cute::tuple<cute::C<1>, long, long>, cute::TiledMMA<cute::MMA_Atom<cute::XE_DPAS_TT<8, cutlass::bfloat16_t, cutlass::bfloat16_t, cutlass::bfloat16_t, cutlass::bfloat16_t>>, cute::Layout<cute::tuple<cute::C<8>, cute::C<4>, cute::C<1>>, cute::tuple<cute::C<4>, cute::C<1>, cute::C<0>>>, cute::tuple<cute::Layout<cute::tuple<cute::C<8>, cute::C<8>, cute::C<4>>, cute::tuple<cute::C<1>, cute::C<32>, cute::C<8>>>, cute::Layout<cute::tuple<cute::C<16>, cute::C<4>, cute::C<4>>, cute::tuple<cute::C<1>, cute::C<64>, cute::C<16>>>, cute::Layout<cute::C<32>, cute::C<1>>> const>, void, void, void, cute::identity, void, void, void, cute::identity>, cutlass::epilogue::collective::CollectiveEpilogue<cutlass::epilogue::IntelXeGeneric, cute::tuple<cute::C<256>, cute::C<256>, cute::C<32>>, cutlass::epilogue::collective::EpilogueTileAuto, cutlass::bfloat16_t, cute::tuple<long, cute::C<1>, long>, cutlass::bfloat16_t, cute::tuple<long, cute::C<1>, long>, cutlass::epilogue::fusion::FusionCallbacks<cutlass::epilogue::IntelXeGeneric, cutlass::epilogue::fusion::LinearCombination<cutlass::bfloat16_t, cutlass::bfloat16_t, cutlass::bfloat16_t, cutlass::bfloat16_t, (cutlass::FloatRoundStyle)2>, cute::tuple<cute::C<256>, cute::C<256>, cute::C<32>>, cutlass::epilogue::collective::EpilogueTileAuto>, void, void>, void, void>'

warning: kernel _ZTSN7cutlass4gemm6kernel13GemmUniversalIN4cute5tupleIJiiiiEEENS0_10collective13CollectiveMmaINS0_18MainloopXeL1StagedILi3ENS0_8KernelXeEEENS4_IJNS3_1CILi256EEESC_NSB_ILi32EEEEEENS_10bfloat16_tENS4_IJlNSB_ILi1EEElEEESF_NS4_IJSG_llEEENS3_8TiledMMAINS3_8MMA_AtomIJNS3_10XE_DPAS_TTILi8ESF_SF_SF_SF_EEEEENS3_6LayoutINS4_IJNSB_ILi8EEENSB_ILi4EEESG_EEENS4_IJSQ_SG_NSB_ILi0EEEEEEEEKNS4_IJNSO_INS4_IJSP_SP_SQ_EEENS4_IJSG_SD_SP_EEEEENSO_INS4_IJNSB_ILi16EEESQ_SQ_EEENS4_IJSG_NSB_ILi64EEESY_EEEEENSO_ISD_SG_EEEEEEEvvvNS3_8identityEvvvS17_EENS_8epilogue10collective18CollectiveEpilogueINS19_14IntelXeGenericEJSE_NS1A_16EpilogueTileAutoESF_SH_SF_SH_NS19_6fusion15FusionCallbacksIS1C_NS1E_17LinearCombinationISF_SF_SF_SF_LNS_15FloatRoundStyleE2EEESE_S1D_JEEEvvEEEvvEE  compiled SIMD16 allocated 128 regs and spilled around 58

warning: kernel _ZTSN7cutlass4gemm6kernel13GemmUniversalIN4cute5tupleIJiiiiEEENS0_10collective13CollectiveMmaINS0_18MainloopXeL1StagedILi3ENS0_8KernelXeEEENS4_IJNS3_1CILi256EEESC_NSB_ILi32EEEEEENS_10bfloat16_tENS4_IJNSB_ILi1EEEllEEESF_SH_NS3_8TiledMMAINS3_8MMA_AtomIJNS3_10XE_DPAS_TTILi8ESF_SF_SF_SF_EEEEENS3_6LayoutINS4_IJNSB_ILi8EEENSB_ILi4EEESG_EEENS4_IJSP_SG_NSB_ILi0EEEEEEEEKNS4_IJNSN_INS4_IJSO_SO_SP_EEENS4_IJSG_SD_SO_EEEEENSN_INS4_IJNSB_ILi16EEESP_SP_EEENS4_IJSG_NSB_ILi64EEESX_EEEEENSN_ISD_SG_EEEEEEEvvvNS3_8identityEvvvS16_EENS_8epilogue10collective18CollectiveEpilogueINS18_14IntelXeGenericEJSE_NS19_16EpilogueTileAutoESF_NS4_IJlSG_lEEESF_S1D_NS18_6fusion15FusionCallbacksIS1B_NS1E_17LinearCombinationISF_SF_SF_SF_LNS_15FloatRoundStyleE2EEESE_S1C_JEEEvvEEEvvEE  compiled SIMD16 allocated 128 regs and spilled around 74

warning: kernel _ZTSN7cutlass4gemm6kernel13GemmUniversalIN4cute5tupleIJiiiiEEENS0_10collective13CollectiveMmaINS0_18MainloopXeL1StagedILi3ENS0_8KernelXeEEENS4_IJNS3_1CILi256EEESC_NSB_ILi32EEEEEENS_10bfloat16_tENS4_IJlNSB_ILi1EEElEEESF_SH_NS3_8TiledMMAINS3_8MMA_AtomIJNS3_10XE_DPAS_TTILi8ESF_SF_SF_SF_EEEEENS3_6LayoutINS4_IJNSB_ILi8EEENSB_ILi4EEESG_EEENS4_IJSP_SG_NSB_ILi0EEEEEEEEKNS4_IJNSN_INS4_IJSO_SO_SP_EEENS4_IJSG_SD_SO_EEEEENSN_INS4_IJNSB_ILi16EEESP_SP_EEENS4_IJSG_NSB_ILi64EEESX_EEEEENSN_ISD_SG_EEEEEEEvvvNS3_8identityEvvvS16_EENS_8epilogue10collective18CollectiveEpilogueINS18_14IntelXeGenericEJSE_NS19_16EpilogueTileAutoESF_SH_SF_SH_NS18_6fusion15FusionCallbacksIS1B_NS1D_17LinearCombinationISF_SF_SF_SF_LNS_15FloatRoundStyleE2EEESE_S1C_JEEEvvEEEvvEE  compiled SIMD16 allocated 128 regs and spilled around 55

warning: kernel _ZTSN7cutlass4gemm6kernel13GemmUniversalIN4cute5tupleIJiiiiEEENS0_10collective13CollectiveMmaINS0_18MainloopXeL1StagedILi3ENS0_8KernelXeEEENS4_IJNS3_1CILi256EEESC_NSB_ILi32EEEEEENS_10bfloat16_tENS4_IJNSB_ILi1EEEllEEESF_NS4_IJlSG_lEEENS3_8TiledMMAINS3_8MMA_AtomIJNS3_10XE_DPAS_TTILi8ESF_SF_SF_SF_EEEEENS3_6LayoutINS4_IJNSB_ILi8EEENSB_ILi4EEESG_EEENS4_IJSQ_SG_NSB_ILi0EEEEEEEEKNS4_IJNSO_INS4_IJSP_SP_SQ_EEENS4_IJSG_SD_SP_EEEEENSO_INS4_IJNSB_ILi16EEESQ_SQ_EEENS4_IJSG_NSB_ILi64EEESY_EEEEENSO_ISD_SG_EEEEEEEvvvNS3_8identityEvvvS17_EENS_8epilogue10collective18CollectiveEpilogueINS19_14IntelXeGenericEJSE_NS1A_16EpilogueTileAutoESF_SI_SF_SI_NS19_6fusion15FusionCallbacksIS1C_NS1E_17LinearCombinationISF_SF_SF_SF_LNS_15FloatRoundStyleE2EEESE_S1D_JEEEvvEEEvvEE  compiled SIMD16 allocated 128 regs and spilled around 89

Build succeeded.
Compilation from IR - skipping loading of FCL

warning: [RetryManager] Start recompilation of the kernel
in kernel: 'typeinfo name for cutlass::gemm::kernel::GemmUniversal<cute::tuple<int, int, int, int>, cutlass::gemm::collective::CollectiveMma<cutlass::gemm::MainloopIntelW8A8<2, cutlass::gemm::KernelXe>, cute::tuple<cute::C<256>, cute::C<256>, cute::C<32>>, cutlass::float_e5m2_t, cute::tuple<long, cute::C<1>, long>, cutlass::float_e5m2_t, cute::tuple<cute::C<1>, long, long>, cute::TiledMMA<cute::MMA_Atom<cute::XE_8x16x16_F32F16F16F32_TT>, cute::Layout<cute::tuple<cute::C<8>, cute::C<4>, cute::C<1>>, cute::tuple<cute::C<4>, cute::C<1>, cute::C<0>>>, cute::tuple<cute::Layout<cute::tuple<cute::C<8>, cute::C<8>, cute::C<4>>, cute::tuple<cute::C<1>, cute::C<32>, cute::C<8>>>, cute::Layout<cute::tuple<cute::C<16>, cute::C<4>, cute::C<4>>, cute::tuple<cute::C<1>, cute::C<64>, cute::C<16>>>, cute::Layout<cute::C<32>, cute::C<1>>> const>, cute::XE_2D_U8x32x32_LD_N, void, void, cute::identity, cute::XE_2D_U8x32x32_LD_V, void, void, cute::identity>, cutlass::epilogue::collective::CollectiveEpilogue<cutlass::epilogue::IntelXeXMX16, cute::tuple<cute::C<256>, cute::C<256>, cute::C<32>>, float, cute::tuple<long, cute::C<1>, long>, float, cute::tuple<long, cute::C<1>, long>, cutlass::epilogue::fusion::FusionCallbacks<cutlass::epilogue::IntelXeXMX16, cutlass::epilogue::fusion::LinearCombination<float, float, float, float, (cutlass::FloatRoundStyle)2>, cute::tuple<cute::C<256>, cute::C<256>, cute::C<32>>, cute::tuple<cute::C<256>, cute::C<256>, cute::C<32>>>, cute::XE_2D_U32x8x16_LD_N, void, void, cute::XE_2D_U32x8x16_ST_N, void, void>, void, void>'

warning: kernel _ZTSN7cutlass4gemm6kernel13GemmUniversalIN4cute5tupleIJiiiiEEENS0_10collective13CollectiveMmaINS0_17MainloopIntelW8A8ILi2ENS0_8KernelXeEEENS4_IJNS3_1CILi256EEESC_NSB_ILi32EEEEEENS_12float_e5m2_tENS4_IJlNSB_ILi1EEElEEESF_NS4_IJSG_llEEENS3_8TiledMMAINS3_8MMA_AtomIJNS3_26XE_8x16x16_F32F16F16F32_TTEEEENS3_6LayoutINS4_IJNSB_ILi8EEENSB_ILi4EEESG_EEENS4_IJSP_SG_NSB_ILi0EEEEEEEEKNS4_IJNSN_INS4_IJSO_SO_SP_EEENS4_IJSG_SD_SO_EEEEENSN_INS4_IJNSB_ILi16EEESP_SP_EEENS4_IJSG_NSB_ILi64EEESX_EEEEENSN_ISD_SG_EEEEEEENS3_19XE_2D_U8x32x32_LD_NEvvNS3_8identityENS3_19XE_2D_U8x32x32_LD_VEvvS17_EENS_8epilogue10collective18CollectiveEpilogueINS1A_12IntelXeXMX16EJSE_fSH_fSH_NS1A_6fusion15FusionCallbacksIS1D_NS1E_17LinearCombinationIffffLNS_15FloatRoundStyleE2EEESE_SE_JEEENS3_19XE_2D_U32x8x16_LD_NEvvNS3_19XE_2D_U32x8x16_ST_NEvvEEEvvEE  compiled SIMD16 allocated 128 regs and spilled around 154

Build succeeded.
Compilation from IR - skipping loading of FCL

warning: [RetryManager] Start recompilation of the kernel
in kernel: 'typeinfo name for cutlass::gemm::kernel::GemmUniversal<cute::tuple<int, int, int, int>, cutlass::gemm::collective::CollectiveMma<cutlass::gemm::MainloopIntelXeXMX16<3, cutlass::gemm::KernelXe>, cute::tuple<cute::C<256>, cute::C<256>, cute::C<32>>, cutlass::bfloat16_t, cute::tuple<long, cute::C<1>, long>, cutlass::bfloat16_t, cute::tuple<cute::C<1>, long, long>, cute::TiledMMA<cute::MMA_Atom<cute::XE_8x16x16_F32BF16BF16F32_TT>, cute::Layout<cute::tuple<cute::C<8>, cute::C<4>, cute::C<1>>, cute::tuple<cute::C<4>, cute::C<1>, cute::C<0>>>, cute::tuple<cute::Layout<cute::tuple<cute::C<8>, cute::C<8>, cute::C<4>>, cute::tuple<cute::C<1>, cute::C<32>, cute::C<8>>>, cute::Layout<cute::tuple<cute::C<16>, cute::C<4>, cute::C<4>>, cute::tuple<cute::C<1>, cute::C<64>, cute::C<16>>>, cute::Layout<cute::C<32>, cute::C<1>>> const>, cute::XE_2D_U16x32x32_LD_N, void, void, cute::identity, cute::XE_2D_U16x32x32_LD_V, void, void, cute::identity>, cutlass::epilogue::collective::CollectiveEpilogue<cutlass::epilogue::IntelXeXMX16, cute::tuple<cute::C<256>, cute::C<256>, cute::C<32>>, float, cute::tuple<long, cute::C<1>, long>, float, cute::tuple<long, cute::C<1>, long>, cutlass::epilogue::fusion::FusionCallbacks<cutlass::epilogue::IntelXeXMX16, cutlass::epilogue::fusion::LinearCombination<float, float, float, float, (cutlass::FloatRoundStyle)2>, cute::tuple<cute::C<256>, cute::C<256>, cute::C<32>>, cute::tuple<cute::C<256>, cute::C<256>, cute::C<32>>>, cute::XE_2D_U32x8x16_LD_N, void, void, cute::XE_2D_U32x8x16_ST_N, void, void>, void, void>'

warning: kernel _ZTSN7cutlass4gemm6kernel13GemmUniversalIN4cute5tupleIJiiiiEEENS0_10collective13CollectiveMmaINS0_20MainloopIntelXeXMX16ILi3ENS0_8KernelXeEEENS4_IJNS3_1CILi256EEESC_NSB_ILi32EEEEEENS_10bfloat16_tENS4_IJlNSB_ILi1EEElEEESF_NS4_IJSG_llEEENS3_8TiledMMAINS3_8MMA_AtomIJNS3_28XE_8x16x16_F32BF16BF16F32_TTEEEENS3_6LayoutINS4_IJNSB_ILi8EEENSB_ILi4EEESG_EEENS4_IJSP_SG_NSB_ILi0EEEEEEEEKNS4_IJNSN_INS4_IJSO_SO_SP_EEENS4_IJSG_SD_SO_EEEEENSN_INS4_IJNSB_ILi16EEESP_SP_EEENS4_IJSG_NSB_ILi64EEESX_EEEEENSN_ISD_SG_EEEEEEENS3_20XE_2D_U16x32x32_LD_NEvvNS3_8identityENS3_20XE_2D_U16x32x32_LD_VEvvS17_EENS_8epilogue10collective18CollectiveEpilogueINS1A_12IntelXeXMX16EJSE_fSH_fSH_NS1A_6fusion15FusionCallbacksIS1D_NS1E_17LinearCombinationIffffLNS_15FloatRoundStyleE2EEESE_SE_JEEENS3_19XE_2D_U32x8x16_LD_NEvvNS3_19XE_2D_U32x8x16_ST_NEvvEEEvvEE  compiled SIMD16 allocated 128 regs and spilled around 137

warning: kernel _ZTSN7cutlass4gemm6kernel13GemmUniversalIN4cute5tupleIJiiiiEEENS0_10collective13CollectiveMmaINS0_20MainloopIntelXeXMX16ILi3ENS0_8KernelXeEEENS4_IJNS3_1CILi256EEESC_NSB_ILi32EEEEEENS_10bfloat16_tENS4_IJlNSB_ILi1EEElEEESF_NS4_IJSG_llEEENS3_8TiledMMAINS3_8MMA_AtomIJNS3_28XE_8x16x16_F32BF16BF16F32_TTEEEENS3_6LayoutINS4_IJNSB_ILi8EEENSB_ILi4EEESG_EEENS4_IJSP_SG_NSB_ILi0EEEEEEEEKNS4_IJNSN_INS4_IJSO_SO_SP_EEENS4_IJSG_SD_SO_EEEEENSN_INS4_IJNSB_ILi16EEESP_SP_EEENS4_IJSG_NSB_ILi64EEESX_EEEEENSN_ISD_SG_EEEEEEENS3_20XE_2D_U16x16x32_LD_NEvvNS3_8identityENS3_20XE_2D_U16x16x32_LD_VEvvS17_EENS_8epilogue10collective18CollectiveEpilogueINS1A_12IntelXeXMX16EJSE_fSH_fSH_NS1A_6fusion15FusionCallbacksIS1D_NS1E_17LinearCombinationIffffLNS_15FloatRoundStyleE2EEESE_SE_JEEENS3_19XE_2D_U32x8x16_LD_NEvvNS3_19XE_2D_U32x8x16_ST_NEvvEEEvvEE  compiled SIMD16 allocated 128 regs and spilled around 127

warning: kernel _ZTSN7cutlass4gemm6kernel13GemmUniversalIN4cute5tupleIJiiiiEEENS0_10collective13CollectiveMmaINS0_20MainloopIntelXeXMX16ILi3ENS0_8KernelXeEEENS4_IJNS3_1CILi256EEESC_NSB_ILi32EEEEEENS_10bfloat16_tENS4_IJlNSB_ILi1EEElEEESF_NS4_IJSG_llEEENS3_8TiledMMAINS3_8MMA_AtomIJNS3_28XE_8x16x16_F32BF16BF16F32_TTEEEENS3_6LayoutINS4_IJNSB_ILi8EEENSB_ILi4EEESG_EEENS4_IJSP_SG_NSB_ILi0EEEEEEEEKNS4_IJNSN_INS4_IJSO_SO_SP_EEENS4_IJSG_SD_SO_EEEEENSN_INS4_IJNSB_ILi16EEESP_SP_EEENS4_IJSG_NSB_ILi64EEESX_EEEEENSN_ISD_SG_EEEEEEENS3_19XE_2D_U16x8x32_LD_NEvvNS3_8identityENS3_20XE_2D_U16x16x32_LD_VEvvS17_EENS_8epilogue10collective18CollectiveEpilogueINS1A_12IntelXeXMX16EJSE_fSH_fSH_NS1A_6fusion15FusionCallbacksIS1D_NS1E_17LinearCombinationIffffLNS_15FloatRoundStyleE2EEESE_SE_JEEENS3_19XE_2D_U32x8x16_LD_NEvvNS3_19XE_2D_U32x8x16_ST_NEvvEEEvvEE  compiled SIMD16 allocated 128 regs and spilled around 127

Build succeeded.
[668/738] Building CXX object examples/06_bmg_flash_attention/CMakeFiles/06_xe_fmha_fwd_prefill_float_e4m3_t_hdim64.dir/06_xe_fmha_fwd.cpp.o
[669/738] Building CXX object examples/06_bmg_flash_attention/CMakeFiles/06_xe_fmha_fwd_prefill_bfloat16_t_hdim64.dir/06_xe_fmha_fwd.cpp.o
[670/738] Building CXX object examples/06_bmg_flash_attention/CMakeFiles/06_xe_fmha_fwd_prefill_float_e5m2_t_hdim128.dir/06_xe_fmha_fwd.cpp.o
[671/738] Linking CXX executable examples/06_bmg_flash_attention/06_xe_fmha_fwd_prefill_bfloat16_t_hdim128
Compilation from IR - skipping loading of FCL
Build succeeded.
Compilation from IR - skipping loading of FCL
Build succeeded.
Compilation from IR - skipping loading of FCL

warning: [RetryManager] Start recompilation of the kernel
in kernel: 'typeinfo name for cutlass::reference::device::GemmComplexKernelName<cutlass::bfloat16_t, cutlass::layout::RowMajor, cutlass::bfloat16_t, cutlass::layout::ColumnMajor, float, cutlass::layout::RowMajor, float, float, float, cutlass::layout::RowMajor, cutlass::NumericConverter<float, float, (cutlass::FloatRoundStyle)2>, cutlass::multiply_add<float, float, float>>'

Build succeeded.
[672/738] Building CXX object examples/06_bmg_flash_attention/CMakeFiles/06_xe_fmha_fwd_prefill_bfloat16_t_hdim192.dir/06_xe_fmha_fwd.cpp.o
[673/738] Building CXX object examples/06_bmg_flash_attention/CMakeFiles/06_xe_fmha_fwd_prefill_float_e5m2_t_hdim192.dir/06_xe_fmha_fwd.cpp.o
[674/738] Building CXX object examples/06_bmg_flash_attention/CMakeFiles/06_xe_fmha_fwd_prefill_float_e4m3_t_hdim192.dir/06_xe_fmha_fwd.cpp.o
[675/738] Building CXX object examples/06_bmg_flash_attention/CMakeFiles/06_xe_fmha_fwd_prefill_float_e5m2_t_hdim64.dir/06_xe_fmha_fwd.cpp.o
[676/738] Building CXX object examples/06_bmg_flash_attention/CMakeFiles/06_xe_fmha_fwd_decode_float_e5m2_t_hdim96.dir/06_xe_fmha_fwd.cpp.o
[677/738] Linking CXX executable examples/06_bmg_flash_attention/06_xe_fmha_fwd_prefill_float_e4m3_t_hdim96
Compilation from IR - skipping loading of FCL
Build succeeded.
Compilation from IR - skipping loading of FCL
Build succeeded.
Compilation from IR - skipping loading of FCL

warning: [RetryManager] Start recompilation of the kernel
in kernel: 'typeinfo name for cutlass::reference::device::GemmComplexKernelName<cutlass::half_t, cutlass::layout::RowMajor, cutlass::half_t, cutlass::layout::ColumnMajor, float, cutlass::layout::RowMajor, float, float, float, cutlass::layout::RowMajor, cutlass::NumericConverter<float, float, (cutlass::FloatRoundStyle)2>, cutlass::multiply_add<float, float, float>>'

Build succeeded.
Compilation from IR - skipping loading of FCL
Build succeeded.
[678/738] Linking CXX executable examples/06_bmg_flash_attention/06_xe_fmha_fwd_prefill_float_e4m3_t_hdim128
Compilation from IR - skipping loading of FCL
Build succeeded.
Compilation from IR - skipping loading of FCL
Build succeeded.
Compilation from IR - skipping loading of FCL

warning: [RetryManager] Start recompilation of the kernel
in kernel: 'typeinfo name for cutlass::reference::device::GemmComplexKernelName<cutlass::half_t, cutlass::layout::RowMajor, cutlass::half_t, cutlass::layout::ColumnMajor, float, cutlass::layout::RowMajor, float, float, float, cutlass::layout::RowMajor, cutlass::NumericConverter<float, float, (cutlass::FloatRoundStyle)2>, cutlass::multiply_add<float, float, float>>'

Build succeeded.
Compilation from IR - skipping loading of FCL
Build succeeded.
[679/738] Building CXX object examples/06_bmg_flash_attention/CMakeFiles/06_xe_fmha_fwd_prefill_bfloat16_t_hdim96.dir/06_xe_fmha_fwd.cpp.o
[680/738] Building CXX object examples/06_bmg_flash_attention/CMakeFiles/06_xe_fmha_fwd_decode_bfloat16_t_hdim64.dir/06_xe_fmha_fwd.cpp.o
[681/738] Linking CXX executable examples/06_bmg_flash_attention/06_xe_fmha_fwd_prefill_bfloat16_t_hdim64
Compilation from IR - skipping loading of FCL
Build succeeded.
Compilation from IR - skipping loading of FCL
Build succeeded.
Compilation from IR - skipping loading of FCL

warning: [RetryManager] Start recompilation of the kernel
in kernel: 'typeinfo name for cutlass::reference::device::GemmComplexKernelName<cutlass::bfloat16_t, cutlass::layout::RowMajor, cutlass::bfloat16_t, cutlass::layout::ColumnMajor, float, cutlass::layout::RowMajor, float, float, float, cutlass::layout::RowMajor, cutlass::NumericConverter<float, float, (cutlass::FloatRoundStyle)2>, cutlass::multiply_add<float, float, float>>'

Build succeeded.
[682/738] Building CXX object benchmarks/flash_attention/CMakeFiles/cutlass_benchmarks_flash_attention_prefill_xe.dir/main.cpp.o
[683/738] Linking CXX executable examples/06_bmg_flash_attention/06_xe_fmha_fwd_prefill_float_e5m2_t_hdim128
Compilation from IR - skipping loading of FCL
Build succeeded.
Compilation from IR - skipping loading of FCL
Build succeeded.
Compilation from IR - skipping loading of FCL

warning: [RetryManager] Start recompilation of the kernel
in kernel: 'typeinfo name for cutlass::reference::device::GemmComplexKernelName<cutlass::half_t, cutlass::layout::RowMajor, cutlass::half_t, cutlass::layout::ColumnMajor, float, cutlass::layout::RowMajor, float, float, float, cutlass::layout::RowMajor, cutlass::NumericConverter<float, float, (cutlass::FloatRoundStyle)2>, cutlass::multiply_add<float, float, float>>'

Build succeeded.
Compilation from IR - skipping loading of FCL
Build succeeded.
[684/738] Linking CXX executable examples/06_bmg_flash_attention/06_xe_fmha_fwd_prefill_bfloat16_t_hdim192
Compilation from IR - skipping loading of FCL
Build succeeded.
Compilation from IR - skipping loading of FCL
Build succeeded.
Compilation from IR - skipping loading of FCL

warning: [RetryManager] Start recompilation of the kernel
in kernel: 'typeinfo name for cutlass::reference::device::GemmComplexKernelName<cutlass::bfloat16_t, cutlass::layout::RowMajor, cutlass::bfloat16_t, cutlass::layout::ColumnMajor, float, cutlass::layout::RowMajor, float, float, float, cutlass::layout::RowMajor, cutlass::NumericConverter<float, float, (cutlass::FloatRoundStyle)2>, cutlass::multiply_add<float, float, float>>'

Build succeeded.
[685/738] Linking CXX executable examples/06_bmg_flash_attention/06_xe_fmha_fwd_prefill_float_e4m3_t_hdim64
Compilation from IR - skipping loading of FCL
Build succeeded.
Compilation from IR - skipping loading of FCL
Build succeeded.
Compilation from IR - skipping loading of FCL

warning: [RetryManager] Start recompilation of the kernel
in kernel: 'typeinfo name for cutlass::reference::device::GemmComplexKernelName<cutlass::half_t, cutlass::layout::RowMajor, cutlass::half_t, cutlass::layout::ColumnMajor, float, cutlass::layout::RowMajor, float, float, float, cutlass::layout::RowMajor, cutlass::NumericConverter<float, float, (cutlass::FloatRoundStyle)2>, cutlass::multiply_add<float, float, float>>'

Build succeeded.
Compilation from IR - skipping loading of FCL
Build succeeded.
[686/738] Building CXX object examples/06_bmg_flash_attention/CMakeFiles/06_xe_fmha_fwd_prefill_float_e5m2_t_hdim96.dir/06_xe_fmha_fwd.cpp.o
[687/738] Building CXX object examples/06_bmg_flash_attention/CMakeFiles/06_xe_fmha_fwd_decode_bfloat16_t_hdim128.dir/06_xe_fmha_fwd.cpp.o
[688/738] Building CXX object examples/06_bmg_flash_attention/CMakeFiles/06_xe_fmha_fwd_decode_float_e5m2_t_hdim64.dir/06_xe_fmha_fwd.cpp.o
[689/738] Building CXX object test/unit/cute/intel_xe/CMakeFiles/cutlass_test_unit_cute_intel_xe.dir/xe_copy_2d_test.cpp.o
[690/738] Building CXX object examples/06_bmg_flash_attention/CMakeFiles/06_xe_fmha_fwd_decode_float_e4m3_t_hdim192.dir/06_xe_fmha_fwd.cpp.o
[691/738] Building CXX object examples/06_bmg_flash_attention/CMakeFiles/06_xe_fmha_fwd_decode_float_e5m2_t_hdim128.dir/06_xe_fmha_fwd.cpp.o
[692/738] Linking CXX executable examples/06_bmg_flash_attention/06_xe_fmha_fwd_prefill_float_e5m2_t_hdim192
Compilation from IR - skipping loading of FCL
Build succeeded.
Compilation from IR - skipping loading of FCL
Build succeeded.
Compilation from IR - skipping loading of FCL

warning: [RetryManager] Start recompilation of the kernel
in kernel: 'typeinfo name for cutlass::reference::device::GemmComplexKernelName<cutlass::half_t, cutlass::layout::RowMajor, cutlass::half_t, cutlass::layout::ColumnMajor, float, cutlass::layout::RowMajor, float, float, float, cutlass::layout::RowMajor, cutlass::NumericConverter<float, float, (cutlass::FloatRoundStyle)2>, cutlass::multiply_add<float, float, float>>'

Build succeeded.
Compilation from IR - skipping loading of FCL
Build succeeded.
[693/738] Linking CXX executable examples/06_bmg_flash_attention/06_xe_fmha_fwd_decode_float_e5m2_t_hdim96
Compilation from IR - skipping loading of FCL
Build succeeded.
Compilation from IR - skipping loading of FCL
Build succeeded.
Compilation from IR - skipping loading of FCL

warning: [RetryManager] Start recompilation of the kernel
in kernel: 'typeinfo name for cutlass::reference::device::GemmComplexKernelName<cutlass::half_t, cutlass::layout::RowMajor, cutlass::half_t, cutlass::layout::ColumnMajor, float, cutlass::layout::RowMajor, float, float, float, cutlass::layout::RowMajor, cutlass::NumericConverter<float, float, (cutlass::FloatRoundStyle)2>, cutlass::multiply_add<float, float, float>>'

Build succeeded.
Compilation from IR - skipping loading of FCL
Build succeeded.
[694/738] Building CXX object examples/06_bmg_flash_attention/CMakeFiles/06_xe_fmha_fwd_decode_float_e4m3_t_hdim128.dir/06_xe_fmha_fwd.cpp.o
[695/738] Linking CXX executable examples/06_bmg_flash_attention/06_xe_fmha_fwd_prefill_float_e5m2_t_hdim64
Compilation from IR - skipping loading of FCL
Build succeeded.
Compilation from IR - skipping loading of FCL
Build succeeded.
Compilation from IR - skipping loading of FCL

warning: [RetryManager] Start recompilation of the kernel
in kernel: 'typeinfo name for cutlass::reference::device::GemmComplexKernelName<cutlass::half_t, cutlass::layout::RowMajor, cutlass::half_t, cutlass::layout::ColumnMajor, float, cutlass::layout::RowMajor, float, float, float, cutlass::layout::RowMajor, cutlass::NumericConverter<float, float, (cutlass::FloatRoundStyle)2>, cutlass::multiply_add<float, float, float>>'

Build succeeded.
Compilation from IR - skipping loading of FCL
Build succeeded.
[696/738] Linking CXX executable examples/06_bmg_flash_attention/06_xe_fmha_fwd_decode_bfloat16_t_hdim64
Compilation from IR - skipping loading of FCL
Build succeeded.
Compilation from IR - skipping loading of FCL
Build succeeded.
Compilation from IR - skipping loading of FCL

warning: [RetryManager] Start recompilation of the kernel
in kernel: 'typeinfo name for cutlass::reference::device::GemmComplexKernelName<cutlass::bfloat16_t, cutlass::layout::RowMajor, cutlass::bfloat16_t, cutlass::layout::ColumnMajor, float, cutlass::layout::RowMajor, float, float, float, cutlass::layout::RowMajor, cutlass::NumericConverter<float, float, (cutlass::FloatRoundStyle)2>, cutlass::multiply_add<float, float, float>>'

Build succeeded.
[697/738] Linking CXX executable benchmarks/flash_attention/cutlass_benchmarks_flash_attention_prefill_xe
Compilation from IR - skipping loading of FCL
Build succeeded.
Compilation from IR - skipping loading of FCL

warning: [RetryManager] Start recompilation of the kernel
in kernel: 'typeinfo name for cutlass::reference::device::GemmComplexKernelName<cutlass::bfloat16_t, cutlass::layout::RowMajor, cutlass::bfloat16_t, cutlass::layout::ColumnMajor, float, cutlass::layout::RowMajor, float, float, float, cutlass::layout::RowMajor, cutlass::NumericConverter<float, float, (cutlass::FloatRoundStyle)2>, cutlass::multiply_add<float, float, float>>'

Build succeeded.
[698/738] Building CXX object examples/06_bmg_flash_attention/CMakeFiles/06_xe_fmha_fwd_decode_float_e5m2_t_hdim192.dir/06_xe_fmha_fwd.cpp.o
[699/738] Building CXX object benchmarks/flash_attention/CMakeFiles/cutlass_benchmarks_flash_attention_decode_xe.dir/main.cpp.o
[700/738] Linking CXX executable examples/06_bmg_flash_attention/06_xe_fmha_fwd_prefill_float_e4m3_t_hdim192
Compilation from IR - skipping loading of FCL
Build succeeded.
Compilation from IR - skipping loading of FCL
Build succeeded.
Compilation from IR - skipping loading of FCL

warning: [RetryManager] Start recompilation of the kernel
in kernel: 'typeinfo name for cutlass::reference::device::GemmComplexKernelName<cutlass::half_t, cutlass::layout::RowMajor, cutlass::half_t, cutlass::layout::ColumnMajor, float, cutlass::layout::RowMajor, float, float, float, cutlass::layout::RowMajor, cutlass::NumericConverter<float, float, (cutlass::FloatRoundStyle)2>, cutlass::multiply_add<float, float, float>>'

Build succeeded.
Compilation from IR - skipping loading of FCL
Build succeeded.
[701/738] Building CXX object examples/06_bmg_flash_attention/CMakeFiles/06_xe_fmha_fwd_decode_bfloat16_t_hdim192.dir/06_xe_fmha_fwd.cpp.o
[702/738] Linking CXX executable examples/06_bmg_flash_attention/06_xe_fmha_fwd_prefill_bfloat16_t_hdim96
Compilation from IR - skipping loading of FCL

warning: kernel _ZTSN7cutlass4fmha6kernel15XeFMHAFwdKernelINS1_16FMHAProblemShapeILb1EEENS0_10collective15FMHAFwdMainloopINS0_9XeDefaultILi2EEELb1ELb1ELb0EN4cute8TiledMMAINS9_8MMA_AtomIJNS9_10XE_DPAS_TTILi8EfNS_10bfloat16_tESD_fEEEEENS9_6LayoutINS9_5tupleIJNS9_1CILi8EEENSI_ILi1EEESK_EEENSH_IJSK_NSI_ILi0EEESM_EEEEEKNSH_IJNSG_INSH_IJSJ_SJ_NSI_ILi2EEEEEENSH_IJSK_NSI_ILi16EEESJ_EEEEENSG_INSI_ILi64EEESK_EENSG_INSI_ILi32EEESK_EEEEEEENSA_ISF_SO_KNSH_IJST_SX_SV_EEEEELi3ENS9_6TensorINS9_10ViewEngineINS9_8gmem_ptrIPSD_EEEENSG_INSH_IJiiiiEEENSH_IJiSK_iiEEEEEEES1D_NS14_IS19_NSG_IS1A_NSH_IJSK_iiiEEEEEEES1D_S1G_vvvvvEENS5_15FMHAFwdEpilogueIS1H_NSH_IJNSI_ILi128EEENSI_ILi96EEEEEENS14_INS15_INS16_IPfEEEES1C_EEvLb0EEENS1_29XeFHMAIndividualTileSchedulerEEE  compiled SIMD16 allocated 256 regs and spilled around 4

warning: kernel _ZTSN7cutlass4fmha6kernel15XeFMHAFwdKernelINS1_16FMHAProblemShapeILb1EEENS0_10collective15FMHAFwdMainloopINS0_9XeDefaultILi2EEELb1ELb1ELb1EN4cute8TiledMMAINS9_8MMA_AtomIJNS9_10XE_DPAS_TTILi8EfNS_10bfloat16_tESD_fEEEEENS9_6LayoutINS9_5tupleIJNS9_1CILi8EEENSI_ILi1EEESK_EEENSH_IJSK_NSI_ILi0EEESM_EEEEEKNSH_IJNSG_INSH_IJSJ_SJ_NSI_ILi2EEEEEENSH_IJSK_NSI_ILi16EEESJ_EEEEENSG_INSI_ILi64EEESK_EENSG_INSI_ILi32EEESK_EEEEEEENSA_ISF_SO_KNSH_IJST_SX_SV_EEEEELi3ENS9_6TensorINS9_10ViewEngineINS9_8gmem_ptrIPSD_EEEENSG_INSH_IJiiiiEEENSH_IJiSK_iiEEEEEEES1D_NS14_IS19_NSG_IS1A_NSH_IJSK_iiiEEEEEEES1D_S1G_vvvvvEENS5_15FMHAFwdEpilogueIS1H_NSH_IJNSI_ILi128EEENSI_ILi96EEEEEENS14_INS15_INS16_IPfEEEES1C_EEvLb0EEENS1_29XeFHMAIndividualTileSchedulerEEE  compiled SIMD16 allocated 256 regs and spilled around 4

warning: kernel _ZTSN7cutlass4fmha6kernel15XeFMHAFwdKernelINS1_16FMHAProblemShapeILb1EEENS0_10collective15FMHAFwdMainloopINS0_9XeDefaultILi2EEELb0ELb1ELb0EN4cute8TiledMMAINS9_8MMA_AtomIJNS9_10XE_DPAS_TTILi8EfNS_10bfloat16_tESD_fEEEEENS9_6LayoutINS9_5tupleIJNS9_1CILi8EEENSI_ILi1EEESK_EEENSH_IJSK_NSI_ILi0EEESM_EEEEEKNSH_IJNSG_INSH_IJSJ_SJ_NSI_ILi2EEEEEENSH_IJSK_NSI_ILi16EEESJ_EEEEENSG_INSI_ILi64EEESK_EENSG_INSI_ILi32EEESK_EEEEEEENSA_ISF_SO_KNSH_IJST_SX_SV_EEEEELi3ENS9_6TensorINS9_10ViewEngineINS9_8gmem_ptrIPSD_EEEENSG_INSH_IJiiiiEEENSH_IJiSK_iiEEEEEEES1D_NS14_IS19_NSG_IS1A_NSH_IJSK_iiiEEEEEEES1D_S1G_vvvvvEENS5_15FMHAFwdEpilogueIS1H_NSH_IJNSI_ILi128EEENSI_ILi96EEEEEENS14_INS15_INS16_IPfEEEES1C_EEvLb0EEENS1_29XeFHMAIndividualTileSchedulerEEE  compiled SIMD16 allocated 256 regs and spilled around 3

warning: kernel _ZTSN7cutlass4fmha6kernel15XeFMHAFwdKernelINS1_16FMHAProblemShapeILb1EEENS0_10collective15FMHAFwdMainloopINS0_9XeDefaultILi2EEELb0ELb1ELb1EN4cute8TiledMMAINS9_8MMA_AtomIJNS9_10XE_DPAS_TTILi8EfNS_10bfloat16_tESD_fEEEEENS9_6LayoutINS9_5tupleIJNS9_1CILi8EEENSI_ILi1EEESK_EEENSH_IJSK_NSI_ILi0EEESM_EEEEEKNSH_IJNSG_INSH_IJSJ_SJ_NSI_ILi2EEEEEENSH_IJSK_NSI_ILi16EEESJ_EEEEENSG_INSI_ILi64EEESK_EENSG_INSI_ILi32EEESK_EEEEEEENSA_ISF_SO_KNSH_IJST_SX_SV_EEEEELi3ENS9_6TensorINS9_10ViewEngineINS9_8gmem_ptrIPSD_EEEENSG_INSH_IJiiiiEEENSH_IJiSK_iiEEEEEEES1D_NS14_IS19_NSG_IS1A_NSH_IJSK_iiiEEEEEEES1D_S1G_vvvvvEENS5_15FMHAFwdEpilogueIS1H_NSH_IJNSI_ILi128EEENSI_ILi96EEEEEENS14_INS15_INS16_IPfEEEES1C_EEvLb0EEENS1_29XeFHMAIndividualTileSchedulerEEE  compiled SIMD16 allocated 256 regs and spilled around 3

Build succeeded.
Compilation from IR - skipping loading of FCL
Build succeeded.
Compilation from IR - skipping loading of FCL

warning: [RetryManager] Start recompilation of the kernel
in kernel: 'typeinfo name for cutlass::reference::device::GemmComplexKernelName<cutlass::bfloat16_t, cutlass::layout::RowMajor, cutlass::bfloat16_t, cutlass::layout::ColumnMajor, float, cutlass::layout::RowMajor, float, float, float, cutlass::layout::RowMajor, cutlass::NumericConverter<float, float, (cutlass::FloatRoundStyle)2>, cutlass::multiply_add<float, float, float>>'

Build succeeded.
[703/738] Linking CXX executable examples/06_bmg_flash_attention/06_xe_fmha_fwd_decode_bfloat16_t_hdim128
Compilation from IR - skipping loading of FCL
Build succeeded.
Compilation from IR - skipping loading of FCL
Build succeeded.
Compilation from IR - skipping loading of FCL

warning: [RetryManager] Start recompilation of the kernel
in kernel: 'typeinfo name for cutlass::reference::device::GemmComplexKernelName<cutlass::bfloat16_t, cutlass::layout::RowMajor, cutlass::bfloat16_t, cutlass::layout::ColumnMajor, float, cutlass::layout::RowMajor, float, float, float, cutlass::layout::RowMajor, cutlass::NumericConverter<float, float, (cutlass::FloatRoundStyle)2>, cutlass::multiply_add<float, float, float>>'

Build succeeded.
[704/738] Building CXX object examples/06_bmg_flash_attention/CMakeFiles/06_xe_fmha_fwd_decode_float_e4m3_t_hdim64.dir/06_xe_fmha_fwd.cpp.o
[705/738] Linking CXX executable benchmarks/flash_attention/cutlass_benchmarks_flash_attention_decode_xe
Compilation from IR - skipping loading of FCL
Build succeeded.
Compilation from IR - skipping loading of FCL

warning: [RetryManager] Start recompilation of the kernel
in kernel: 'typeinfo name for cutlass::reference::device::GemmComplexKernelName<cutlass::bfloat16_t, cutlass::layout::RowMajor, cutlass::bfloat16_t, cutlass::layout::ColumnMajor, float, cutlass::layout::RowMajor, float, float, float, cutlass::layout::RowMajor, cutlass::NumericConverter<float, float, (cutlass::FloatRoundStyle)2>, cutlass::multiply_add<float, float, float>>'

Build succeeded.
[706/738] Linking CXX executable examples/06_bmg_flash_attention/06_xe_fmha_fwd_decode_float_e5m2_t_hdim64
Compilation from IR - skipping loading of FCL
Build succeeded.
Compilation from IR - skipping loading of FCL
Build succeeded.
Compilation from IR - skipping loading of FCL

warning: [RetryManager] Start recompilation of the kernel
in kernel: 'typeinfo name for cutlass::reference::device::GemmComplexKernelName<cutlass::half_t, cutlass::layout::RowMajor, cutlass::half_t, cutlass::layout::ColumnMajor, float, cutlass::layout::RowMajor, float, float, float, cutlass::layout::RowMajor, cutlass::NumericConverter<float, float, (cutlass::FloatRoundStyle)2>, cutlass::multiply_add<float, float, float>>'

Build succeeded.
Compilation from IR - skipping loading of FCL
Build succeeded.
[707/738] Linking CXX executable examples/06_bmg_flash_attention/06_xe_fmha_fwd_decode_float_e5m2_t_hdim128
Compilation from IR - skipping loading of FCL
Build succeeded.
Compilation from IR - skipping loading of FCL
Build succeeded.
Compilation from IR - skipping loading of FCL

warning: [RetryManager] Start recompilation of the kernel
in kernel: 'typeinfo name for cutlass::reference::device::GemmComplexKernelName<cutlass::half_t, cutlass::layout::RowMajor, cutlass::half_t, cutlass::layout::ColumnMajor, float, cutlass::layout::RowMajor, float, float, float, cutlass::layout::RowMajor, cutlass::NumericConverter<float, float, (cutlass::FloatRoundStyle)2>, cutlass::multiply_add<float, float, float>>'

Build succeeded.
Compilation from IR - skipping loading of FCL
Build succeeded.
[708/738] Linking CXX executable examples/06_bmg_flash_attention/06_xe_fmha_fwd_prefill_float_e5m2_t_hdim96
Compilation from IR - skipping loading of FCL
Build succeeded.
Compilation from IR - skipping loading of FCL
Build succeeded.
Compilation from IR - skipping loading of FCL

warning: [RetryManager] Start recompilation of the kernel
in kernel: 'typeinfo name for cutlass::reference::device::GemmComplexKernelName<cutlass::half_t, cutlass::layout::RowMajor, cutlass::half_t, cutlass::layout::ColumnMajor, float, cutlass::layout::RowMajor, float, float, float, cutlass::layout::RowMajor, cutlass::NumericConverter<float, float, (cutlass::FloatRoundStyle)2>, cutlass::multiply_add<float, float, float>>'

Build succeeded.
Compilation from IR - skipping loading of FCL
Build succeeded.
[709/738] Building CXX object examples/06_bmg_flash_attention/CMakeFiles/06_xe_fmha_fwd_decode_float_e4m3_t_hdim96.dir/06_xe_fmha_fwd.cpp.o
[710/738] Linking CXX executable examples/06_bmg_flash_attention/06_xe_fmha_fwd_decode_bfloat16_t_hdim192
Compilation from IR - skipping loading of FCL
Build succeeded.
Compilation from IR - skipping loading of FCL
Build succeeded.
Compilation from IR - skipping loading of FCL

warning: [RetryManager] Start recompilation of the kernel
in kernel: 'typeinfo name for cutlass::reference::device::GemmComplexKernelName<cutlass::bfloat16_t, cutlass::layout::RowMajor, cutlass::bfloat16_t, cutlass::layout::ColumnMajor, float, cutlass::layout::RowMajor, float, float, float, cutlass::layout::RowMajor, cutlass::NumericConverter<float, float, (cutlass::FloatRoundStyle)2>, cutlass::multiply_add<float, float, float>>'

Build succeeded.
[711/738] Linking CXX executable examples/06_bmg_flash_attention/06_xe_fmha_fwd_decode_float_e4m3_t_hdim128
Compilation from IR - skipping loading of FCL
Build succeeded.
Compilation from IR - skipping loading of FCL
Build succeeded.
Compilation from IR - skipping loading of FCL

warning: [RetryManager] Start recompilation of the kernel
in kernel: 'typeinfo name for cutlass::reference::device::GemmComplexKernelName<cutlass::half_t, cutlass::layout::RowMajor, cutlass::half_t, cutlass::layout::ColumnMajor, float, cutlass::layout::RowMajor, float, float, float, cutlass::layout::RowMajor, cutlass::NumericConverter<float, float, (cutlass::FloatRoundStyle)2>, cutlass::multiply_add<float, float, float>>'

Build succeeded.
Compilation from IR - skipping loading of FCL
Build succeeded.
[712/738] Linking CXX executable examples/06_bmg_flash_attention/06_xe_fmha_fwd_decode_float_e5m2_t_hdim192
Compilation from IR - skipping loading of FCL
Build succeeded.
Compilation from IR - skipping loading of FCL
Build succeeded.
Compilation from IR - skipping loading of FCL

warning: [RetryManager] Start recompilation of the kernel
in kernel: 'typeinfo name for cutlass::reference::device::GemmComplexKernelName<cutlass::half_t, cutlass::layout::RowMajor, cutlass::half_t, cutlass::layout::ColumnMajor, float, cutlass::layout::RowMajor, float, float, float, cutlass::layout::RowMajor, cutlass::NumericConverter<float, float, (cutlass::FloatRoundStyle)2>, cutlass::multiply_add<float, float, float>>'

Build succeeded.
Compilation from IR - skipping loading of FCL
Build succeeded.
[713/738] Building CXX object examples/06_bmg_flash_attention/CMakeFiles/06_xe_fmha_fwd_decode_bfloat16_t_hdim96.dir/06_xe_fmha_fwd.cpp.o
[714/738] Linking CXX executable examples/06_bmg_flash_attention/06_xe_fmha_fwd_decode_float_e4m3_t_hdim192
Compilation from IR - skipping loading of FCL
Build succeeded.
Compilation from IR - skipping loading of FCL
Build succeeded.
Compilation from IR - skipping loading of FCL

warning: [RetryManager] Start recompilation of the kernel
in kernel: 'typeinfo name for cutlass::reference::device::GemmComplexKernelName<cutlass::half_t, cutlass::layout::RowMajor, cutlass::half_t, cutlass::layout::ColumnMajor, float, cutlass::layout::RowMajor, float, float, float, cutlass::layout::RowMajor, cutlass::NumericConverter<float, float, (cutlass::FloatRoundStyle)2>, cutlass::multiply_add<float, float, float>>'

Build succeeded.
Compilation from IR - skipping loading of FCL
Build succeeded.
[715/738] Linking CXX executable examples/06_bmg_flash_attention/06_xe_fmha_fwd_decode_float_e4m3_t_hdim64
Compilation from IR - skipping loading of FCL
Build succeeded.
Compilation from IR - skipping loading of FCL
Build succeeded.
Compilation from IR - skipping loading of FCL

warning: [RetryManager] Start recompilation of the kernel
in kernel: 'typeinfo name for cutlass::reference::device::GemmComplexKernelName<cutlass::half_t, cutlass::layout::RowMajor, cutlass::half_t, cutlass::layout::ColumnMajor, float, cutlass::layout::RowMajor, float, float, float, cutlass::layout::RowMajor, cutlass::NumericConverter<float, float, (cutlass::FloatRoundStyle)2>, cutlass::multiply_add<float, float, float>>'

Build succeeded.
Compilation from IR - skipping loading of FCL
Build succeeded.
[716/738] Linking CXX executable examples/06_bmg_flash_attention/06_xe_fmha_fwd_decode_bfloat16_t_hdim96
Compilation from IR - skipping loading of FCL
Build succeeded.
Compilation from IR - skipping loading of FCL
Build succeeded.
Compilation from IR - skipping loading of FCL

warning: [RetryManager] Start recompilation of the kernel
in kernel: 'typeinfo name for cutlass::reference::device::GemmComplexKernelName<cutlass::bfloat16_t, cutlass::layout::RowMajor, cutlass::bfloat16_t, cutlass::layout::ColumnMajor, float, cutlass::layout::RowMajor, float, float, float, cutlass::layout::RowMajor, cutlass::NumericConverter<float, float, (cutlass::FloatRoundStyle)2>, cutlass::multiply_add<float, float, float>>'

Build succeeded.
[717/738] Linking CXX executable examples/06_bmg_flash_attention/06_xe_fmha_fwd_decode_float_e4m3_t_hdim96
Compilation from IR - skipping loading of FCL
Build succeeded.
Compilation from IR - skipping loading of FCL
Build succeeded.
Compilation from IR - skipping loading of FCL

warning: [RetryManager] Start recompilation of the kernel
in kernel: 'typeinfo name for cutlass::reference::device::GemmComplexKernelName<cutlass::half_t, cutlass::layout::RowMajor, cutlass::half_t, cutlass::layout::ColumnMajor, float, cutlass::layout::RowMajor, float, float, float, cutlass::layout::RowMajor, cutlass::NumericConverter<float, float, (cutlass::FloatRoundStyle)2>, cutlass::multiply_add<float, float, float>>'

Build succeeded.
Compilation from IR - skipping loading of FCL
Build succeeded.
[718/738] Building CXX object test/unit/cute/intel_xe/CMakeFiles/cutlass_test_unit_cute_intel_xe.dir/mma.cpp.o
[719/738] Building CXX object examples/cute/tutorial/CMakeFiles/cute_tutorial_xe_gemm_slm.dir/xe_gemm_slm.cpp.o
[720/738] Building CXX object examples/cute/tutorial/CMakeFiles/cute_tutorial_xe_gemm_subgroup_specialization_slm.dir/xe_gemm_subgroup_specialization_slm.cpp.o
[721/738] Linking CXX executable examples/cute/tutorial/cute_tutorial_xe_gemm_subgroup_specialization_slm
Compilation from IR - skipping loading of FCL
Build succeeded.
Compilation from IR - skipping loading of FCL
Build succeeded.
Compilation from IR - skipping loading of FCL
Build succeeded.
[722/738] Linking CXX executable examples/cute/tutorial/cute_tutorial_xe_gemm_slm
Compilation from IR - skipping loading of FCL

warning: [RetryManager] Start recompilation of the kernel
in kernel: 'typeinfo name for GemmCuteName<cutlass::tfloat32_t, cutlass::tfloat32_t, (char)82, (char)82>'

Build succeeded.
Compilation from IR - skipping loading of FCL
Build succeeded.
Compilation from IR - skipping loading of FCL
Build succeeded.
[723/738] Building CXX object test/unit/cute/core/CMakeFiles/cutlass_test_unit_cute_core.dir/mixedbits.cpp.o
[724/738] Linking CXX executable test/unit/cute/core/cutlass_test_unit_cute_core
Compilation from IR - skipping loading of FCL
Build succeeded.
[725/738] Building CXX object benchmarks/flash_attention/legacy/flash_attention_prefill_cachedKV/CMakeFiles/cutlass_benchmarks_flash_attention_prefill_cachedkv_legacy_xe.dir/main.cpp.o
[726/738] Building CXX object examples/06_bmg_flash_attention/CMakeFiles/sycl_tla_fmha.dir/py_fmha_module.cpp.o
[727/738] Building CXX object benchmarks/flash_attention/legacy/flash_attention_prefill/CMakeFiles/cutlass_benchmarks_flash_attention_prefill_legacy_xe.dir/main.cpp.o
[728/738] Linking CXX executable benchmarks/flash_attention/legacy/flash_attention_prefill_cachedKV/cutlass_benchmarks_flash_attention_prefill_cachedkv_legacy_xe
warning: Undefined function _Z45intel_sub_group_2d_block_prefetch_16b_4r16x2cPU3AS1viiiDv2_i found in /tmp/icpx-145fc85fc9/main-7b03a6.bc. This may result in runtime errors.
warning: Undefined function _Z45intel_sub_group_2d_block_prefetch_16b_4r16x2cPU3AS1viiiDv2_i found in /tmp/icpx-145fc85fc9/main-7b03a6.bc. This may result in runtime errors.
Compilation from IR - skipping loading of FCL

warning: [RetryManager] Start recompilation of the kernel
in kernel: 'typeinfo name for cutlass::reference::device::GemmComplexKernelName<cutlass::half_t, cutlass::layout::RowMajor, cutlass::half_t, cutlass::layout::ColumnMajor, float, cutlass::layout::RowMajor, float, float, float, cutlass::layout::RowMajor, cutlass::NumericConverter<float, float, (cutlass::FloatRoundStyle)2>, cutlass::multiply_add<float, float, float>>'

Build succeeded.
Compilation from IR - skipping loading of FCL
Build succeeded.
Compilation from IR - skipping loading of FCL

warning: [RetryManager] Start recompilation of the kernel
in kernel: 'typeinfo name for cutlass::reference::device::GemmComplexKernelName<cutlass::bfloat16_t, cutlass::layout::RowMajor, cutlass::bfloat16_t, cutlass::layout::ColumnMajor, float, cutlass::layout::RowMajor, float, float, float, cutlass::layout::RowMajor, cutlass::NumericConverter<float, float, (cutlass::FloatRoundStyle)2>, cutlass::multiply_add<float, float, float>>'

Build succeeded.
Compilation from IR - skipping loading of FCL
Build succeeded.
[729/738] Linking CXX shared module examples/06_bmg_flash_attention/sycl_tla_fmha.so
Compilation from IR - skipping loading of FCL

warning: kernel _ZTSN7cutlass4fmha6kernel15XeFMHAFwdKernelINS1_16FMHAProblemShapeILb0EEENS0_10collective15FMHAFwdMainloopINS0_9XeDefaultILi2EEELb0ELb0ELb0EN4cute8TiledMMAINS9_8MMA_AtomIJNS9_10XE_DPAS_TTILi8EfNS_10bfloat16_tESD_fEEEEENS9_6LayoutINS9_5tupleIJNS9_1CILi16EEENSI_ILi1EEESK_EEENSH_IJSK_NSI_ILi0EEESM_EEEEEKNSH_IJNSG_INSH_IJNSI_ILi8EEESJ_NSI_ILi2EEEEEENSH_IJSK_SJ_SP_EEEEENSG_INSI_ILi64EEESK_EENSG_INSI_ILi32EEESK_EEEEEEENSA_ISF_SO_KNSH_IJST_SX_SV_EEEEELi2ENS9_6TensorINS9_10ViewEngineINS9_8gmem_ptrIPSD_EEEENSG_INSH_IJiiiiEEENSH_IJiSK_iiEEEEEEES1D_NS14_IS19_NSG_IS1A_NSH_IJSK_iiiEEEEEEES1D_S1G_vvvvvEENS5_15FMHAFwdEpilogueIS1H_NSH_IJNSI_ILi256EEESU_EEES1D_vLb1EEENS1_29XeFHMAIndividualTileSchedulerEEE  compiled SIMD16 allocated 256 regs and spilled around 4

warning: kernel _ZTSN7cutlass4fmha6kernel15XeFMHAFwdKernelINS1_16FMHAProblemShapeILb0EEENS0_10collective15FMHAFwdMainloopINS0_9XeDefaultILi2EEELb1ELb0ELb0EN4cute8TiledMMAINS9_8MMA_AtomIJNS9_10XE_DPAS_TTILi8EfNS_10bfloat16_tESD_fEEEEENS9_6LayoutINS9_5tupleIJNS9_1CILi16EEENSI_ILi1EEESK_EEENSH_IJSK_NSI_ILi0EEESM_EEEEEKNSH_IJNSG_INSH_IJNSI_ILi8EEESJ_NSI_ILi2EEEEEENSH_IJSK_SJ_SP_EEEEENSG_INSI_ILi64EEESK_EENSG_INSI_ILi32EEESK_EEEEEEENSA_ISF_SO_KNSH_IJST_SX_SV_EEEEELi3ENS9_6TensorINS9_10ViewEngineINS9_8gmem_ptrIPSD_EEEENSG_INSH_IJiiiiEEENSH_IJiSK_iiEEEEEEES1D_NS14_IS19_NSG_IS1A_NSH_IJSK_iiiEEEEEEES1D_S1G_vvvvvEENS5_15FMHAFwdEpilogueIS1H_NSH_IJNSI_ILi256EEENSI_ILi96EEEEEES1D_vLb1EEENS1_29XeFHMAIndividualTileSchedulerEEE  compiled SIMD16 allocated 256 regs and spilled around 8

Build succeeded.
Compilation from IR - skipping loading of FCL

warning: [RetryManager] Start recompilation of the kernel
in kernel: 'typeinfo name for cutlass::reference::device::GemmComplexKernelName<cutlass::bfloat16_t, cutlass::layout::RowMajor, cutlass::bfloat16_t, cutlass::layout::ColumnMajor, float, cutlass::layout::RowMajor, float, float, float, cutlass::layout::RowMajor, cutlass::NumericConverter<float, float, (cutlass::FloatRoundStyle)2>, cutlass::multiply_add<float, float, float>>'

Build succeeded.
[730/738] Linking CXX executable benchmarks/flash_attention/legacy/flash_attention_prefill/cutlass_benchmarks_flash_attention_prefill_legacy_xe
warning: Undefined function _Z45intel_sub_group_2d_block_prefetch_16b_4r16x2cPU3AS1viiiDv2_i found in /tmp/icpx-d462353546/main-4966de.bc. This may result in runtime errors.
warning: Undefined function _Z45intel_sub_group_2d_block_prefetch_16b_4r16x2cPU3AS1viiiDv2_i found in /tmp/icpx-d462353546/main-4966de.bc. This may result in runtime errors.
Compilation from IR - skipping loading of FCL

warning: [RetryManager] Start recompilation of the kernel
in kernel: 'typeinfo name for cutlass::reference::device::GemmComplexKernelName<cutlass::half_t, cutlass::layout::RowMajor, cutlass::half_t, cutlass::layout::ColumnMajor, float, cutlass::layout::RowMajor, float, float, float, cutlass::layout::RowMajor, cutlass::NumericConverter<float, float, (cutlass::FloatRoundStyle)2>, cutlass::multiply_add<float, float, float>>'

Build succeeded.
Compilation from IR - skipping loading of FCL
Build succeeded.
Compilation from IR - skipping loading of FCL

warning: [RetryManager] Start recompilation of the kernel
in kernel: 'typeinfo name for cutlass::reference::device::GemmComplexKernelName<cutlass::bfloat16_t, cutlass::layout::RowMajor, cutlass::bfloat16_t, cutlass::layout::ColumnMajor, float, cutlass::layout::RowMajor, float, float, float, cutlass::layout::RowMajor, cutlass::NumericConverter<float, float, (cutlass::FloatRoundStyle)2>, cutlass::multiply_add<float, float, float>>'

Build succeeded.
Compilation from IR - skipping loading of FCL
Build succeeded.
